2026-07-27 14:04:32,545 [INFO] __main__: ============================================================
2026-07-27 14:04:32,545 [INFO] __main__: Stock Price Monitor starting...
2026-07-27 14:04:32,546 [INFO] __main__: ============================================================
2026-07-27 14:04:32,548 [INFO] __main__: Running initial fetch...
2026-07-27 14:04:32,548 [INFO] src.monitor: Fetching quotes for 5 stocks...
2026-07-27 14:04:39,439 [ERROR] src.sources.akshare_source: akshare API error for A股: HTTPSConnectionPool(host='82.push2.eastmoney.com', port=443): Max retries exceeded with url: /api/qt/clist/get?pn=1&pz=100&po=1&np=1&ut=bd1d9ddb04089700cf9c27f6f7426281&fltt=2&invt=2&fid=f12&fs=m%3A0+t%3A6%2Cm%3A0+t%3A80%2Cm%3A1+t%3A2%2Cm%3A1+t%3A23%2Cm%3A0+t%3A81+s%3A2048&fields=f1%2Cf2%2Cf3%2Cf4%2Cf5%2Cf6%2Cf7%2Cf8%2Cf9%2Cf10%2Cf12%2Cf13%2Cf14%2Cf15%2Cf16%2Cf17%2Cf18%2Cf20%2Cf21%2Cf23%2Cf24%2Cf25%2Cf22%2Cf11%2Cf62%2Cf128%2Cf136%2Cf115%2Cf152 (Caused by ProxyError('Unable to connect to proxy', RemoteDisconnected('Remote end closed connection without response')))
2026-07-27 14:04:39,441 [WARNING] src.sources.akshare_source: No data returned for A股
2026-07-27 14:05:05,313 [ERROR] src.sources.akshare_source: akshare API error for 港股: HTTPSConnectionPool(host='72.push2.eastmoney.com', port=443): Max retries exceeded with url: /api/qt/clist/get?pn=11&pz=100&po=1&np=1&ut=bd1d9ddb04089700cf9c27f6f7426281&fltt=2&invt=2&fid=f12&fs=m%3A128+t%3A3%2Cm%3A128+t%3A4%2Cm%3A128+t%3A1%2Cm%3A128+t%3A2&fields=f1%2Cf2%2Cf3%2Cf4%2Cf5%2Cf6%2Cf7%2Cf8%2Cf9%2Cf10%2Cf12%2Cf13%2Cf14%2Cf15%2Cf16%2Cf17%2Cf18%2Cf20%2Cf21%2Cf23%2Cf24%2Cf25%2Cf22%2Cf11%2Cf62%2Cf128%2Cf136%2Cf115%2Cf152 (Caused by ProxyError('Unable to connect to proxy', RemoteDisconnected('Remote end closed connection without response')))
2026-07-27 14:05:05,313 [WARNING] src.sources.akshare_source: No data returned for 港股
2026-07-27 14:05:11,366 [ERROR] src.sources.akshare_source: akshare API error for 美股: HTTPSConnectionPool(host='72.push2.eastmoney.com', port=443): Max retries exceeded with url: /api/qt/clist/get?pn=1&pz=100&po=1&np=1&ut=bd1d9ddb04089700cf9c27f6f7426281&fltt=2&invt=2&fid=f12&fs=m%3A105%2Cm%3A106%2Cm%3A107&fields=f1%2Cf2%2Cf3%2Cf4%2Cf5%2Cf6%2Cf7%2Cf8%2Cf9%2Cf10%2Cf12%2Cf13%2Cf14%2Cf15%2Cf16%2Cf17%2Cf18%2Cf20%2Cf21%2Cf23%2Cf24%2Cf25%2Cf26%2Cf22%2Cf33%2Cf11%2Cf62%2Cf128%2Cf136%2Cf115%2Cf152 (Caused by ProxyError('Unable to connect to proxy', RemoteDisconnected('Remote end closed connection without response')))
2026-07-27 14:05:11,366 [WARNING] src.sources.akshare_source: No data returned for 美股
2026-07-27 14:05:11,366 [WARNING] src.monitor: No quotes fetched this cycle
2026-07-27 14:05:11,372 [INFO] apscheduler.scheduler: Adding job tentatively -- it will be properly scheduled when the scheduler starts
2026-07-27 14:05:11,372 [INFO] __main__: Scheduler started. Next run in 5 minutes. Press Ctrl+C to stop.
2026-07-27 14:05:11,373 [INFO] apscheduler.scheduler: Added job "Fetch stock quotes every 5 minutes" to job store "default"
2026-07-27 14:05:11,373 [INFO] apscheduler.scheduler: Scheduler started
2026-07-27 14:10:11,374 [INFO] apscheduler.executors.default: Running job "Fetch stock quotes every 5 minutes (trigger: interval[0:05:00], next run at: 2026-07-27 14:10:11 CST)" (scheduled at 2026-07-27 14:10:11.372914+08:00)
2026-07-27 14:10:11,374 [INFO] src.monitor: Fetching quotes for 5 stocks...
2026-07-27 14:10:17,795 [ERROR] src.sources.akshare_source: akshare API error for A股: HTTPSConnectionPool(host='82.push2.eastmoney.com', port=443): Max retries exceeded with url: /api/qt/clist/get?pn=1&pz=100&po=1&np=1&ut=bd1d9ddb04089700cf9c27f6f7426281&fltt=2&invt=2&fid=f12&fs=m%3A0+t%3A6%2Cm%3A0+t%3A80%2Cm%3A1+t%3A2%2Cm%3A1+t%3A23%2Cm%3A0+t%3A81+s%3A2048&fields=f1%2Cf2%2Cf3%2Cf4%2Cf5%2Cf6%2Cf7%2Cf8%2Cf9%2Cf10%2Cf12%2Cf13%2Cf14%2Cf15%2Cf16%2Cf17%2Cf18%2Cf20%2Cf21%2Cf23%2Cf24%2Cf25%2Cf22%2Cf11%2Cf62%2Cf128%2Cf136%2Cf115%2Cf152 (Caused by ProxyError('Unable to connect to proxy', RemoteDisconnected('Remote end closed connection without response')))
2026-07-27 14:10:17,796 [WARNING] src.sources.akshare_source: No data returned for A股
2026-07-27 14:10:24,313 [ERROR] src.sources.akshare_source: akshare API error for 港股: HTTPSConnectionPool(host='72.push2.eastmoney.com', port=443): Max retries exceeded with url: /api/qt/clist/get?pn=1&pz=100&po=1&np=1&ut=bd1d9ddb04089700cf9c27f6f7426281&fltt=2&invt=2&fid=f12&fs=m%3A128+t%3A3%2Cm%3A128+t%3A4%2Cm%3A128+t%3A1%2Cm%3A128+t%3A2&fields=f1%2Cf2%2Cf3%2Cf4%2Cf5%2Cf6%2Cf7%2Cf8%2Cf9%2Cf10%2Cf12%2Cf13%2Cf14%2Cf15%2Cf16%2Cf17%2Cf18%2Cf20%2Cf21%2Cf23%2Cf24%2Cf25%2Cf22%2Cf11%2Cf62%2Cf128%2Cf136%2Cf115%2Cf152 (Caused by ProxyError('Unable to connect to proxy', RemoteDisconnected('Remote end closed connection without response')))
2026-07-27 14:10:24,314 [WARNING] src.sources.akshare_source: No data returned for 港股
2026-07-27 14:10:30,957 [ERROR] src.sources.akshare_source: akshare API error for 美股: HTTPSConnectionPool(host='72.push2.eastmoney.com', port=443): Max retries exceeded with url: /api/qt/clist/get?pn=1&pz=100&po=1&np=1&ut=bd1d9ddb04089700cf9c27f6f7426281&fltt=2&invt=2&fid=f12&fs=m%3A105%2Cm%3A106%2Cm%3A107&fields=f1%2Cf2%2Cf3%2Cf4%2Cf5%2Cf6%2Cf7%2Cf8%2Cf9%2Cf10%2Cf12%2Cf13%2Cf14%2Cf15%2Cf16%2Cf17%2Cf18%2Cf20%2Cf21%2Cf23%2Cf24%2Cf25%2Cf26%2Cf22%2Cf33%2Cf11%2Cf62%2Cf128%2Cf136%2Cf115%2Cf152 (Caused by ProxyError('Unable to connect to proxy', RemoteDisconnected('Remote end closed connection without response')))
2026-07-27 14:10:30,958 [WARNING] src.sources.akshare_source: No data returned for 美股
2026-07-27 14:10:30,959 [WARNING] src.monitor: No quotes fetched this cycle
2026-07-27 14:10:30,959 [INFO] apscheduler.executors.default: Job "Fetch stock quotes every 5 minutes (trigger: interval[0:05:00], next run at: 2026-07-27 14:15:11 CST)" executed successfully
2026-07-27 14:13:49,894 [INFO] __main__: ============================================================
2026-07-27 14:13:49,894 [INFO] __main__: Stock Price Monitor starting...
2026-07-27 14:13:49,894 [INFO] __main__: ============================================================
2026-07-27 14:13:49,897 [INFO] __main__: Running initial fetch...
2026-07-27 14:13:49,897 [INFO] src.monitor: Fetching quotes for 5 stocks...
2026-07-27 14:14:11,988 [ERROR] src.sources.akshare_source: akshare API error for A股: ('Connection aborted.', RemoteDisconnected('Remote end closed connection without response'))
2026-07-27 14:14:11,989 [WARNING] src.sources.akshare_source: No data returned for A股
2026-07-27 14:14:18,798 [ERROR] src.sources.akshare_source: akshare API error for 港股: ('Connection aborted.', RemoteDisconnected('Remote end closed connection without response'))
2026-07-27 14:14:18,801 [WARNING] src.sources.akshare_source: No data returned for 港股
2026-07-27 14:14:48,248 [ERROR] src.sources.akshare_source: akshare API error for 美股: ('Connection aborted.', RemoteDisconnected('Remote end closed connection without response'))
2026-07-27 14:14:48,248 [WARNING] src.sources.akshare_source: No data returned for 美股
2026-07-27 14:14:48,249 [WARNING] src.monitor: No quotes fetched this cycle
2026-07-27 14:14:48,254 [INFO] apscheduler.scheduler: Adding job tentatively -- it will be properly scheduled when the scheduler starts
2026-07-27 14:14:48,255 [INFO] __main__: Scheduler started. Next run in 5 minutes. Press Ctrl+C to stop.
2026-07-27 14:14:48,255 [INFO] apscheduler.scheduler: Added job "Fetch stock quotes every 5 minutes" to job store "default"
2026-07-27 14:14:48,262 [INFO] apscheduler.scheduler: Scheduler started
2026-07-27 14:15:11,384 [INFO] apscheduler.executors.default: Running job "Fetch stock quotes every 5 minutes (trigger: interval[0:05:00], next run at: 2026-07-27 14:20:11 CST)" (scheduled at 2026-07-27 14:15:11.372914+08:00)
2026-07-27 14:15:11,384 [INFO] src.monitor: Fetching quotes for 5 stocks...
2026-07-27 14:15:25,133 [ERROR] src.sources.akshare_source: akshare API error for A股: HTTPSConnectionPool(host='82.push2.eastmoney.com', port=443): Max retries exceeded with url: /api/qt/clist/get?pn=6&pz=100&po=1&np=1&ut=bd1d9ddb04089700cf9c27f6f7426281&fltt=2&invt=2&fid=f12&fs=m%3A0+t%3A6%2Cm%3A0+t%3A80%2Cm%3A1+t%3A2%2Cm%3A1+t%3A23%2Cm%3A0+t%3A81+s%3A2048&fields=f1%2Cf2%2Cf3%2Cf4%2Cf5%2Cf6%2Cf7%2Cf8%2Cf9%2Cf10%2Cf12%2Cf13%2Cf14%2Cf15%2Cf16%2Cf17%2Cf18%2Cf20%2Cf21%2Cf23%2Cf24%2Cf25%2Cf22%2Cf11%2Cf62%2Cf128%2Cf136%2Cf115%2Cf152 (Caused by ProxyError('Unable to connect to proxy', RemoteDisconnected('Remote end closed connection without response')))
2026-07-27 14:15:25,133 [WARNING] src.sources.akshare_source: No data returned for A股
2026-07-27 14:15:31,928 [ERROR] src.sources.akshare_source: akshare API error for 港股: HTTPSConnectionPool(host='72.push2.eastmoney.com', port=443): Max retries exceeded with url: /api/qt/clist/get?pn=1&pz=100&po=1&np=1&ut=bd1d9ddb04089700cf9c27f6f7426281&fltt=2&invt=2&fid=f12&fs=m%3A128+t%3A3%2Cm%3A128+t%3A4%2Cm%3A128+t%3A1%2Cm%3A128+t%3A2&fields=f1%2Cf2%2Cf3%2Cf4%2Cf5%2Cf6%2Cf7%2Cf8%2Cf9%2Cf10%2Cf12%2Cf13%2Cf14%2Cf15%2Cf16%2Cf17%2Cf18%2Cf20%2Cf21%2Cf23%2Cf24%2Cf25%2Cf22%2Cf11%2Cf62%2Cf128%2Cf136%2Cf115%2Cf152 (Caused by ProxyError('Unable to connect to proxy', RemoteDisconnected('Remote end closed connection without response')))
2026-07-27 14:15:31,929 [WARNING] src.sources.akshare_source: No data returned for 港股
2026-07-27 14:15:37,449 [ERROR] src.sources.akshare_source: akshare API error for 美股: HTTPSConnectionPool(host='72.push2.eastmoney.com', port=443): Max retries exceeded with url: /api/qt/clist/get?pn=1&pz=100&po=1&np=1&ut=bd1d9ddb04089700cf9c27f6f7426281&fltt=2&invt=2&fid=f12&fs=m%3A105%2Cm%3A106%2Cm%3A107&fields=f1%2Cf2%2Cf3%2Cf4%2Cf5%2Cf6%2Cf7%2Cf8%2Cf9%2Cf10%2Cf12%2Cf13%2Cf14%2Cf15%2Cf16%2Cf17%2Cf18%2Cf20%2Cf21%2Cf23%2Cf24%2Cf25%2Cf26%2Cf22%2Cf33%2Cf11%2Cf62%2Cf128%2Cf136%2Cf115%2Cf152 (Caused by ProxyError('Unable to connect to proxy', RemoteDisconnected('Remote end closed connection without response')))
2026-07-27 14:15:37,449 [WARNING] src.sources.akshare_source: No data returned for 美股
2026-07-27 14:15:37,450 [WARNING] src.monitor: No quotes fetched this cycle
2026-07-27 14:15:37,450 [INFO] apscheduler.executors.default: Job "Fetch stock quotes every 5 minutes (trigger: interval[0:05:00], next run at: 2026-07-27 14:20:11 CST)" executed successfully
2026-07-27 14:20:11,387 [INFO] apscheduler.executors.default: Running job "Fetch stock quotes every 5 minutes (trigger: interval[0:05:00], next run at: 2026-07-27 14:25:11 CST)" (scheduled at 2026-07-27 14:20:11.372914+08:00)
2026-07-27 14:20:11,387 [INFO] src.monitor: Fetching quotes for 5 stocks...
2026-07-27 14:20:32,233 [ERROR] src.sources.akshare_source: akshare API error for A股: HTTPSConnectionPool(host='82.push2.eastmoney.com', port=443): Max retries exceeded with url: /api/qt/clist/get?pn=11&pz=100&po=1&np=1&ut=bd1d9ddb04089700cf9c27f6f7426281&fltt=2&invt=2&fid=f12&fs=m%3A0+t%3A6%2Cm%3A0+t%3A80%2Cm%3A1+t%3A2%2Cm%3A1+t%3A23%2Cm%3A0+t%3A81+s%3A2048&fields=f1%2Cf2%2Cf3%2Cf4%2Cf5%2Cf6%2Cf7%2Cf8%2Cf9%2Cf10%2Cf12%2Cf13%2Cf14%2Cf15%2Cf16%2Cf17%2Cf18%2Cf20%2Cf21%2Cf23%2Cf24%2Cf25%2Cf22%2Cf11%2Cf62%2Cf128%2Cf136%2Cf115%2Cf152 (Caused by ProxyError('Unable to connect to proxy', RemoteDisconnected('Remote end closed connection without response')))
2026-07-27 14:20:32,233 [WARNING] src.sources.akshare_source: No data returned for A股
2026-07-27 14:20:38,878 [ERROR] src.sources.akshare_source: akshare API error for 港股: HTTPSConnectionPool(host='72.push2.eastmoney.com', port=443): Max retries exceeded with url: /api/qt/clist/get?pn=1&pz=100&po=1&np=1&ut=bd1d9ddb04089700cf9c27f6f7426281&fltt=2&invt=2&fid=f12&fs=m%3A128+t%3A3%2Cm%3A128+t%3A4%2Cm%3A128+t%3A1%2Cm%3A128+t%3A2&fields=f1%2Cf2%2Cf3%2Cf4%2Cf5%2Cf6%2Cf7%2Cf8%2Cf9%2Cf10%2Cf12%2Cf13%2Cf14%2Cf15%2Cf16%2Cf17%2Cf18%2Cf20%2Cf21%2Cf23%2Cf24%2Cf25%2Cf22%2Cf11%2Cf62%2Cf128%2Cf136%2Cf115%2Cf152 (Caused by ProxyError('Unable to connect to proxy', RemoteDisconnected('Remote end closed connection without response')))
2026-07-27 14:20:38,878 [WARNING] src.sources.akshare_source: No data returned for 港股
2026-07-27 14:20:45,070 [ERROR] src.sources.akshare_source: akshare API error for 美股: HTTPSConnectionPool(host='72.push2.eastmoney.com', port=443): Max retries exceeded with url: /api/qt/clist/get?pn=1&pz=100&po=1&np=1&ut=bd1d9ddb04089700cf9c27f6f7426281&fltt=2&invt=2&fid=f12&fs=m%3A105%2Cm%3A106%2Cm%3A107&fields=f1%2Cf2%2Cf3%2Cf4%2Cf5%2Cf6%2Cf7%2Cf8%2Cf9%2Cf10%2Cf12%2Cf13%2Cf14%2Cf15%2Cf16%2Cf17%2Cf18%2Cf20%2Cf21%2Cf23%2Cf24%2Cf25%2Cf26%2Cf22%2Cf33%2Cf11%2Cf62%2Cf128%2Cf136%2Cf115%2Cf152 (Caused by ProxyError('Unable to connect to proxy', RemoteDisconnected('Remote end closed connection without response')))
2026-07-27 14:20:45,072 [WARNING] src.sources.akshare_source: No data returned for 美股
2026-07-27 14:20:45,072 [WARNING] src.monitor: No quotes fetched this cycle
2026-07-27 14:20:45,072 [INFO] apscheduler.executors.default: Job "Fetch stock quotes every 5 minutes (trigger: interval[0:05:00], next run at: 2026-07-27 14:25:11 CST)" executed successfully
2026-07-27 14:25:11,388 [INFO] apscheduler.executors.default: Running job "Fetch stock quotes every 5 minutes (trigger: interval[0:05:00], next run at: 2026-07-27 14:30:11 CST)" (scheduled at 2026-07-27 14:25:11.372914+08:00)
2026-07-27 14:25:11,388 [INFO] src.monitor: Fetching quotes for 5 stocks...
2026-07-27 14:25:17,670 [ERROR] src.sources.akshare_source: akshare API error for A股: HTTPSConnectionPool(host='82.push2.eastmoney.com', port=443): Max retries exceeded with url: /api/qt/clist/get?pn=1&pz=100&po=1&np=1&ut=bd1d9ddb04089700cf9c27f6f7426281&fltt=2&invt=2&fid=f12&fs=m%3A0+t%3A6%2Cm%3A0+t%3A80%2Cm%3A1+t%3A2%2Cm%3A1+t%3A23%2Cm%3A0+t%3A81+s%3A2048&fields=f1%2Cf2%2Cf3%2Cf4%2Cf5%2Cf6%2Cf7%2Cf8%2Cf9%2Cf10%2Cf12%2Cf13%2Cf14%2Cf15%2Cf16%2Cf17%2Cf18%2Cf20%2Cf21%2Cf23%2Cf24%2Cf25%2Cf22%2Cf11%2Cf62%2Cf128%2Cf136%2Cf115%2Cf152 (Caused by ProxyError('Unable to connect to proxy', RemoteDisconnected('Remote end closed connection without response')))
2026-07-27 14:25:17,670 [WARNING] src.sources.akshare_source: No data returned for A股
2026-07-27 14:25:40,718 [ERROR] src.sources.akshare_source: akshare API error for 港股: HTTPSConnectionPool(host='72.push2.eastmoney.com', port=443): Max retries exceeded with url: /api/qt/clist/get?pn=9&pz=100&po=1&np=1&ut=bd1d9ddb04089700cf9c27f6f7426281&fltt=2&invt=2&fid=f12&fs=m%3A128+t%3A3%2Cm%3A128+t%3A4%2Cm%3A128+t%3A1%2Cm%3A128+t%3A2&fields=f1%2Cf2%2Cf3%2Cf4%2Cf5%2Cf6%2Cf7%2Cf8%2Cf9%2Cf10%2Cf12%2Cf13%2Cf14%2Cf15%2Cf16%2Cf17%2Cf18%2Cf20%2Cf21%2Cf23%2Cf24%2Cf25%2Cf22%2Cf11%2Cf62%2Cf128%2Cf136%2Cf115%2Cf152 (Caused by ProxyError('Unable to connect to proxy', RemoteDisconnected('Remote end closed connection without response')))
2026-07-27 14:25:40,718 [WARNING] src.sources.akshare_source: No data returned for 港股
2026-07-27 14:25:47,033 [ERROR] src.sources.akshare_source: akshare API error for 美股: HTTPSConnectionPool(host='72.push2.eastmoney.com', port=443): Max retries exceeded with url: /api/qt/clist/get?pn=1&pz=100&po=1&np=1&ut=bd1d9ddb04089700cf9c27f6f7426281&fltt=2&invt=2&fid=f12&fs=m%3A105%2Cm%3A106%2Cm%3A107&fields=f1%2Cf2%2Cf3%2Cf4%2Cf5%2Cf6%2Cf7%2Cf8%2Cf9%2Cf10%2Cf12%2Cf13%2Cf14%2Cf15%2Cf16%2Cf17%2Cf18%2Cf20%2Cf21%2Cf23%2Cf24%2Cf25%2Cf26%2Cf22%2Cf33%2Cf11%2Cf62%2Cf128%2Cf136%2Cf115%2Cf152 (Caused by ProxyError('Unable to connect to proxy', RemoteDisconnected('Remote end closed connection without response')))
2026-07-27 14:25:47,033 [WARNING] src.sources.akshare_source: No data returned for 美股
2026-07-27 14:25:47,033 [WARNING] src.monitor: No quotes fetched this cycle
2026-07-27 14:25:47,033 [INFO] apscheduler.executors.default: Job "Fetch stock quotes every 5 minutes (trigger: interval[0:05:00], next run at: 2026-07-27 14:30:11 CST)" executed successfully
2026-07-27 14:30:11,379 [INFO] apscheduler.executors.default: Running job "Fetch stock quotes every 5 minutes (trigger: interval[0:05:00], next run at: 2026-07-27 14:35:11 CST)" (scheduled at 2026-07-27 14:30:11.372914+08:00)
2026-07-27 14:30:11,379 [INFO] src.monitor: Fetching quotes for 5 stocks...
2026-07-27 14:30:43,307 [ERROR] src.sources.akshare_source: akshare API error for A股: HTTPSConnectionPool(host='82.push2.eastmoney.com', port=443): Max retries exceeded with url: /api/qt/clist/get?pn=10&pz=100&po=1&np=1&ut=bd1d9ddb04089700cf9c27f6f7426281&fltt=2&invt=2&fid=f12&fs=m%3A0+t%3A6%2Cm%3A0+t%3A80%2Cm%3A1+t%3A2%2Cm%3A1+t%3A23%2Cm%3A0+t%3A81+s%3A2048&fields=f1%2Cf2%2Cf3%2Cf4%2Cf5%2Cf6%2Cf7%2Cf8%2Cf9%2Cf10%2Cf12%2Cf13%2Cf14%2Cf15%2Cf16%2Cf17%2Cf18%2Cf20%2Cf21%2Cf23%2Cf24%2Cf25%2Cf22%2Cf11%2Cf62%2Cf128%2Cf136%2Cf115%2Cf152 (Caused by ProxyError('Unable to connect to proxy', RemoteDisconnected('Remote end closed connection without response')))
2026-07-27 14:30:43,309 [WARNING] src.sources.akshare_source: No data returned for A股
2026-07-27 14:31:22,680 [ERROR] src.sources.akshare_source: akshare API error for 港股: HTTPSConnectionPool(host='72.push2.eastmoney.com', port=443): Max retries exceeded with url: /api/qt/clist/get?pn=15&pz=100&po=1&np=1&ut=bd1d9ddb04089700cf9c27f6f7426281&fltt=2&invt=2&fid=f12&fs=m%3A128+t%3A3%2Cm%3A128+t%3A4%2Cm%3A128+t%3A1%2Cm%3A128+t%3A2&fields=f1%2Cf2%2Cf3%2Cf4%2Cf5%2Cf6%2Cf7%2Cf8%2Cf9%2Cf10%2Cf12%2Cf13%2Cf14%2Cf15%2Cf16%2Cf17%2Cf18%2Cf20%2Cf21%2Cf23%2Cf24%2Cf25%2Cf22%2Cf11%2Cf62%2Cf128%2Cf136%2Cf115%2Cf152 (Caused by ProxyError('Unable to connect to proxy', RemoteDisconnected('Remote end closed connection without response')))
2026-07-27 14:31:22,680 [WARNING] src.sources.akshare_source: No data returned for 港股
2026-07-27 14:31:29,473 [ERROR] src.sources.akshare_source: akshare API error for 美股: HTTPSConnectionPool(host='72.push2.eastmoney.com', port=443): Max retries exceeded with url: /api/qt/clist/get?pn=1&pz=100&po=1&np=1&ut=bd1d9ddb04089700cf9c27f6f7426281&fltt=2&invt=2&fid=f12&fs=m%3A105%2Cm%3A106%2Cm%3A107&fields=f1%2Cf2%2Cf3%2Cf4%2Cf5%2Cf6%2Cf7%2Cf8%2Cf9%2Cf10%2Cf12%2Cf13%2Cf14%2Cf15%2Cf16%2Cf17%2Cf18%2Cf20%2Cf21%2Cf23%2Cf24%2Cf25%2Cf26%2Cf22%2Cf33%2Cf11%2Cf62%2Cf128%2Cf136%2Cf115%2Cf152 (Caused by ProxyError('Unable to connect to proxy', RemoteDisconnected('Remote end closed connection without response')))
2026-07-27 14:31:29,474 [WARNING] src.sources.akshare_source: No data returned for 美股
2026-07-27 14:31:29,474 [WARNING] src.monitor: No quotes fetched this cycle
2026-07-27 14:31:29,474 [INFO] apscheduler.executors.default: Job "Fetch stock quotes every 5 minutes (trigger: interval[0:05:00], next run at: 2026-07-27 14:35:11 CST)" executed successfully
2026-07-27 14:32:37,899 [INFO] __main__: ============================================================
2026-07-27 14:32:37,900 [INFO] __main__: Stock Price Monitor starting...
2026-07-27 14:32:37,900 [INFO] __main__: ============================================================
2026-07-27 14:32:37,902 [INFO] __main__: Running initial fetch...
2026-07-27 14:32:37,902 [INFO] src.monitor: Fetching quotes for 5 stocks...
2026-07-27 14:32:44,226 [ERROR] src.sources.akshare_source: akshare API error for A股: ('Connection aborted.', RemoteDisconnected('Remote end closed connection without response'))
2026-07-27 14:32:44,226 [WARNING] src.sources.akshare_source: No data returned for A股
2026-07-27 14:33:12,404 [ERROR] src.sources.akshare_source: akshare API error for 港股: ('Connection aborted.', RemoteDisconnected('Remote end closed connection without response'))
2026-07-27 14:33:12,404 [WARNING] src.sources.akshare_source: No data returned for 港股
2026-07-27 14:33:18,234 [ERROR] src.sources.akshare_source: akshare API error for 美股: ('Connection aborted.', RemoteDisconnected('Remote end closed connection without response'))
2026-07-27 14:33:18,234 [WARNING] src.sources.akshare_source: No data returned for 美股
2026-07-27 14:33:18,235 [WARNING] src.monitor: No quotes fetched this cycle
2026-07-27 14:33:18,237 [INFO] apscheduler.scheduler: Adding job tentatively -- it will be properly scheduled when the scheduler starts
2026-07-27 14:33:18,238 [INFO] __main__: Scheduler started. Next run in 5 minutes. Press Ctrl+C to stop.
2026-07-27 14:33:18,238 [INFO] apscheduler.scheduler: Added job "Fetch stock quotes every 5 minutes" to job store "default"
2026-07-27 14:33:18,238 [INFO] apscheduler.scheduler: Scheduler started
2026-07-27 14:35:41,661 [INFO] __main__: ============================================================
2026-07-27 14:35:41,662 [INFO] __main__: Stock Price Monitor starting...
2026-07-27 14:35:41,662 [INFO] __main__: ============================================================
2026-07-27 14:35:41,665 [INFO] __main__: Running initial fetch...
2026-07-27 14:35:41,665 [INFO] src.monitor: Fetching quotes for 5 stocks...
2026-07-27 14:35:42,177 [WARNING] src.sources.eastmoney_source: eastmoney transient error for 0.159995 (attempt 1/3), retry in 15.0s: ('Connection aborted.', RemoteDisconnected('Remote end closed connection without response'))
2026-07-27 14:35:57,640 [WARNING] src.sources.eastmoney_source: eastmoney transient error for 0.159995 (attempt 2/3), retry in 30.0s: ('Connection aborted.', RemoteDisconnected('Remote end closed connection without response'))
2026-07-27 14:36:28,036 [ERROR] src.sources.eastmoney_source: eastmoney error for A股 159995 (secid=0.159995): ('Connection aborted.', RemoteDisconnected('Remote end closed connection without response'))
2026-07-27 14:36:28,037 [WARNING] src.sources.eastmoney_source: No data returned for A股 159995
2026-07-27 14:36:29,406 [WARNING] src.sources.eastmoney_source: eastmoney transient error for 1.562500 (attempt 1/3), retry in 15.0s: ('Connection aborted.', RemoteDisconnected('Remote end closed connection without response'))
2026-07-27 14:36:47,344 [WARNING] src.sources.eastmoney_source: eastmoney transient error for 105.AAPL (attempt 1/3), retry in 15.0s: ('Connection aborted.', RemoteDisconnected('Remote end closed connection without response'))
2026-07-27 14:37:02,747 [WARNING] src.sources.eastmoney_source: eastmoney transient error for 105.AAPL (attempt 2/3), retry in 30.0s: ('Connection aborted.', RemoteDisconnected('Remote end closed connection without response'))
2026-07-27 14:37:33,107 [ERROR] src.sources.eastmoney_source: eastmoney error for 美股 AAPL (secid=105.AAPL): ('Connection aborted.', RemoteDisconnected('Remote end closed connection without response'))
2026-07-27 14:37:33,479 [WARNING] src.sources.eastmoney_source: eastmoney transient error for 106.AAPL (attempt 1/3), retry in 15.0s: ('Connection aborted.', RemoteDisconnected('Remote end closed connection without response'))
2026-07-27 14:37:48,943 [WARNING] src.sources.eastmoney_source: eastmoney transient error for 106.AAPL (attempt 2/3), retry in 30.0s: ('Connection aborted.', RemoteDisconnected('Remote end closed connection without response'))
2026-07-27 14:38:19,546 [ERROR] src.sources.eastmoney_source: eastmoney error for 美股 AAPL (secid=106.AAPL): ('Connection aborted.', RemoteDisconnected('Remote end closed connection without response'))
2026-07-27 14:38:19,547 [WARNING] src.sources.eastmoney_source: No data returned for 美股 AAPL
2026-07-27 14:38:21,066 [WARNING] src.sources.eastmoney_source: eastmoney transient error for 116.00700 (attempt 1/3), retry in 15.0s: ('Connection aborted.', RemoteDisconnected('Remote end closed connection without response'))
2026-07-27 14:52:05,918 [INFO] __main__: ============================================================
2026-07-27 14:52:05,918 [INFO] __main__: Stock Price Monitor starting...
2026-07-27 14:52:05,919 [INFO] __main__: ============================================================
2026-07-27 14:52:05,921 [INFO] __main__: Running initial fetch...
2026-07-27 14:52:05,921 [INFO] src.monitor: Fetching quotes for 5 stocks...
2026-07-27 14:52:11,640 [INFO] src.monitor: A股 | 芯片ETF华夏(159995) 价格:1.2720 涨跌:+0.16% 成交量:6663004
2026-07-27 14:52:11,643 [INFO] src.monitor: A股 | 机器人ETF华夏(562500) 价格:0.9450 涨跌:+2.27% 成交量:5598332
2026-07-27 14:52:11,643 [INFO] src.monitor: A股 | 创新药ETF银华(159992) 价格:0.8590 涨跌:+2.38% 成交量:12381612
2026-07-27 14:52:11,643 [INFO] src.monitor: 美股 | 苹果(AAPL) 价格:333.0200 涨跌:+3.53% 成交量:47489415
2026-07-27 14:52:11,643 [INFO] src.monitor: 港股 | 腾讯控股(00700) 价格:443.8000 涨跌:+2.12% 成交量:10050307
2026-07-27 14:52:11,643 [INFO] src.monitor: No alerts triggered
2026-07-27 14:52:11,647 [INFO] apscheduler.scheduler: Adding job tentatively -- it will be properly scheduled when the scheduler starts
2026-07-27 14:52:11,647 [INFO] __main__: Scheduler started. Next run in 10 minutes. Press Ctrl+C to stop.
2026-07-27 14:52:11,648 [INFO] apscheduler.scheduler: Added job "Fetch stock quotes every 10 minutes" to job store "default"
2026-07-27 14:52:11,648 [INFO] apscheduler.scheduler: Scheduler started
2026-07-27 15:02:11,652 [INFO] apscheduler.executors.default: Running job "Fetch stock quotes every 10 minutes (trigger: interval[0:10:00], next run at: 2026-07-27 15:02:11 CST)" (scheduled at 2026-07-27 15:02:11.647970+08:00)
2026-07-27 15:02:11,652 [INFO] src.monitor: Fetching quotes for 5 stocks...
2026-07-27 15:02:16,203 [WARNING] src.sources.eastmoney_source: eastmoney transient error for 105.AAPL (attempt 1/3), retry in 15.0s: ('Connection aborted.', RemoteDisconnected('Remote end closed connection without response'))
2026-07-27 15:02:31,724 [WARNING] src.sources.eastmoney_source: eastmoney transient error for 105.AAPL (attempt 2/3), retry in 30.0s: ('Connection aborted.', RemoteDisconnected('Remote end closed connection without response'))
2026-07-27 15:03:02,150 [ERROR] src.sources.eastmoney_source: eastmoney error for 美股 AAPL (secid=105.AAPL): ('Connection aborted.', RemoteDisconnected('Remote end closed connection without response'))
2026-07-27 15:03:02,593 [WARNING] src.sources.eastmoney_source: eastmoney transient error for 106.AAPL (attempt 1/3), retry in 15.0s: ('Connection aborted.', RemoteDisconnected('Remote end closed connection without response'))
2026-07-27 15:03:18,010 [WARNING] src.sources.eastmoney_source: eastmoney transient error for 106.AAPL (attempt 2/3), retry in 30.0s: ('Connection aborted.', RemoteDisconnected('Remote end closed connection without response'))
2026-07-27 15:03:48,466 [ERROR] src.sources.eastmoney_source: eastmoney error for 美股 AAPL (secid=106.AAPL): ('Connection aborted.', RemoteDisconnected('Remote end closed connection without response'))
2026-07-27 15:03:48,466 [WARNING] src.sources.eastmoney_source: No data returned for 美股 AAPL
2026-07-27 15:03:49,797 [WARNING] src.sources.eastmoney_source: eastmoney transient error for 116.00700 (attempt 1/3), retry in 15.0s: ('Connection aborted.', RemoteDisconnected('Remote end closed connection without response'))
2026-07-27 15:04:05,218 [WARNING] src.sources.eastmoney_source: eastmoney transient error for 116.00700 (attempt 2/3), retry in 30.0s: ('Connection aborted.', RemoteDisconnected('Remote end closed connection without response'))
2026-07-27 15:04:35,638 [ERROR] src.sources.eastmoney_source: eastmoney error for 港股 00700 (secid=116.00700): ('Connection aborted.', RemoteDisconnected('Remote end closed connection without response'))
2026-07-27 15:04:35,638 [WARNING] src.sources.eastmoney_source: No data returned for 港股 00700
2026-07-27 15:04:35,639 [INFO] src.monitor: A股 | 芯片ETF华夏(159995) 价格:1.2780 涨跌:+0.63% 成交量:6890467
2026-07-27 15:04:35,639 [INFO] src.monitor: A股 | 机器人ETF华夏(562500) 价格:0.9460 涨跌:+2.38% 成交量:5827481
2026-07-27 15:04:35,639 [INFO] src.monitor: A股 | 创新药ETF银华(159992) 价格:0.8590 涨跌:+2.38% 成交量:12658580
2026-07-27 15:04:35,639 [INFO] src.monitor: No alerts triggered
2026-07-27 15:04:35,640 [INFO] apscheduler.executors.default: Job "Fetch stock quotes every 10 minutes (trigger: interval[0:10:00], next run at: 2026-07-27 15:12:11 CST)" executed successfully
2026-07-27 15:08:42,228 [INFO] __main__: ============================================================
2026-07-27 15:08:42,229 [INFO] __main__: Stock Price Monitor starting...
2026-07-27 15:08:42,229 [INFO] __main__: ============================================================
2026-07-27 15:08:42,232 [INFO] __main__: Running initial fetch...
2026-07-27 15:08:42,232 [INFO] src.monitor: Fetching quotes for 5 stocks...
2026-07-27 15:08:42,575 [INFO] src.monitor: A股 | 芯片ETF华夏(159995) 价格:1.2780 涨跌:+0.63% 成交量:6890467
2026-07-27 15:08:42,575 [INFO] src.monitor: A股 | 机器人ETF华夏(562500) 价格:0.9460 涨跌:+2.38% 成交量:5827481
2026-07-27 15:08:42,576 [INFO] src.monitor: A股 | 创新药ETF银华(159992) 价格:0.8590 涨跌:+2.38% 成交量:12658580
2026-07-27 15:08:42,576 [INFO] src.monitor: 美股 | 苹果(AAPL) 价格:333.0200 涨跌:+3.53% 成交量:47489415
2026-07-27 15:08:42,576 [INFO] src.monitor: 港股 | 腾讯控股(00700) 价格:444.0000 涨跌:+2.16% 成交量:10075908
2026-07-27 15:08:42,576 [INFO] src.monitor: No alerts triggered
2026-07-27 15:08:42,579 [INFO] apscheduler.scheduler: Adding job tentatively -- it will be properly scheduled when the scheduler starts
2026-07-27 15:08:42,581 [INFO] __main__: Scheduler started. Next run in 30 minutes. Press Ctrl+C to stop.
2026-07-27 15:08:42,582 [INFO] apscheduler.scheduler: Added job "Fetch stock quotes every 30 minutes" to job store "default"
2026-07-27 15:08:42,582 [INFO] apscheduler.scheduler: Scheduler started
2026-07-27 15:09:15,740 [INFO] __main__: ============================================================
2026-07-27 15:09:15,740 [INFO] __main__: Stock Price Monitor starting...
2026-07-27 15:09:15,740 [INFO] __main__: ============================================================
2026-07-27 15:09:15,742 [INFO] __main__: Running initial fetch...
2026-07-27 15:09:15,743 [INFO] src.monitor: Fetching quotes for 5 stocks...
2026-07-27 15:09:16,096 [INFO] src.monitor: A股 | 芯片ETF华夏(159995) 价格:1.2780 涨跌:+0.63% 成交量:6890467
2026-07-27 15:09:16,097 [INFO] src.monitor: A股 | 机器人ETF华夏(562500) 价格:0.9460 涨跌:+2.38% 成交量:5827481
2026-07-27 15:09:16,098 [INFO] src.monitor: A股 | 创新药ETF银华(159992) 价格:0.8590 涨跌:+2.38% 成交量:12658580
2026-07-27 15:09:16,098 [INFO] src.monitor: 美股 | 苹果(AAPL) 价格:333.0200 涨跌:+3.53% 成交量:47489415
2026-07-27 15:09:16,099 [INFO] src.monitor: 港股 | 腾讯控股(00700) 价格:444.0000 涨跌:+2.16% 成交量:10085208
2026-07-27 15:09:16,099 [INFO] src.monitor: No alerts triggered
2026-07-27 15:09:16,112 [INFO] apscheduler.scheduler: Adding job tentatively -- it will be properly scheduled when the scheduler starts
2026-07-27 15:09:16,112 [INFO] __main__: Scheduler started. Next run in 3 minutes. Press Ctrl+C to stop.
2026-07-27 15:09:16,114 [INFO] apscheduler.scheduler: Added job "Fetch stock quotes every 3 minutes" to job store "default"
2026-07-27 15:09:16,115 [INFO] apscheduler.scheduler: Scheduler started
2026-07-27 15:12:16,119 [INFO] apscheduler.executors.default: Running job "Fetch stock quotes every 3 minutes (trigger: interval[0:03:00], next run at: 2026-07-27 15:12:16 CST)" (scheduled at 2026-07-27 15:12:16.111339+08:00)
2026-07-27 15:12:16,121 [INFO] src.monitor: Fetching quotes for 5 stocks...
2026-07-27 15:12:16,448 [INFO] src.monitor: A股 | 芯片ETF华夏(159995) 价格:1.2780 涨跌:+0.63% 成交量:6890467
2026-07-27 15:12:16,448 [INFO] src.monitor: A股 | 机器人ETF华夏(562500) 价格:0.9460 涨跌:+2.38% 成交量:5827481
2026-07-27 15:12:16,448 [INFO] src.monitor: A股 | 创新药ETF银华(159992) 价格:0.8590 涨跌:+2.38% 成交量:12658580
2026-07-27 15:12:16,448 [INFO] src.monitor: 美股 | 苹果(AAPL) 价格:333.0200 涨跌:+3.53% 成交量:47489415
2026-07-27 15:12:16,448 [INFO] src.monitor: 港股 | 腾讯控股(00700) 价格:444.0000 涨跌:+2.16% 成交量:10125603
2026-07-27 15:12:16,448 [INFO] src.monitor: No alerts triggered
2026-07-27 15:12:16,448 [INFO] apscheduler.executors.default: Job "Fetch stock quotes every 3 minutes (trigger: interval[0:03:00], next run at: 2026-07-27 15:15:16 CST)" executed successfully
2026-07-27 15:15:16,117 [INFO] apscheduler.executors.default: Running job "Fetch stock quotes every 3 minutes (trigger: interval[0:03:00], next run at: 2026-07-27 15:18:16 CST)" (scheduled at 2026-07-27 15:15:16.111339+08:00)
2026-07-27 15:15:16,118 [INFO] src.monitor: Fetching quotes for 5 stocks...
2026-07-27 15:15:16,647 [INFO] src.monitor: A股 | 芯片ETF华夏(159995) 价格:1.2780 涨跌:+0.63% 成交量:6890467
2026-07-27 15:15:16,647 [INFO] src.monitor: A股 | 机器人ETF华夏(562500) 价格:0.9460 涨跌:+2.38% 成交量:5827481
2026-07-27 15:15:16,648 [INFO] src.monitor: A股 | 创新药ETF银华(159992) 价格:0.8590 涨跌:+2.38% 成交量:12658580
2026-07-27 15:15:16,648 [INFO] src.monitor: 美股 | 苹果(AAPL) 价格:333.0200 涨跌:+3.53% 成交量:47489415
2026-07-27 15:15:16,648 [INFO] src.monitor: 港股 | 腾讯控股(00700) 价格:444.2000 涨跌:+2.21% 成交量:10200008
2026-07-27 15:15:16,648 [INFO] src.monitor: No alerts triggered
2026-07-27 15:15:16,648 [INFO] apscheduler.executors.default: Job "Fetch stock quotes every 3 minutes (trigger: interval[0:03:00], next run at: 2026-07-27 15:18:16 CST)" executed successfully
2026-07-27 15:18:16,120 [INFO] apscheduler.executors.default: Running job "Fetch stock quotes every 3 minutes (trigger: interval[0:03:00], next run at: 2026-07-27 15:21:16 CST)" (scheduled at 2026-07-27 15:18:16.111339+08:00)
2026-07-27 15:18:16,120 [INFO] src.monitor: Fetching quotes for 5 stocks...
2026-07-27 15:18:16,441 [INFO] src.monitor: A股 | 芯片ETF华夏(159995) 价格:1.2780 涨跌:+0.63% 成交量:6890467
2026-07-27 15:18:16,441 [INFO] src.monitor: A股 | 机器人ETF华夏(562500) 价格:0.9460 涨跌:+2.38% 成交量:5827481
2026-07-27 15:18:16,441 [INFO] src.monitor: A股 | 创新药ETF银华(159992) 价格:0.8590 涨跌:+2.38% 成交量:12658580
2026-07-27 15:18:16,441 [INFO] src.monitor: 美股 | 苹果(AAPL) 价格:333.0200 涨跌:+3.53% 成交量:47489415
2026-07-27 15:18:16,441 [INFO] src.monitor: 港股 | 腾讯控股(00700) 价格:444.6000 涨跌:+2.30% 成交量:10308740
2026-07-27 15:18:16,441 [INFO] src.monitor: No alerts triggered
2026-07-27 15:18:16,441 [INFO] apscheduler.executors.default: Job "Fetch stock quotes every 3 minutes (trigger: interval[0:03:00], next run at: 2026-07-27 15:21:16 CST)" executed successfully
2026-07-27 15:21:16,121 [INFO] apscheduler.executors.default: Running job "Fetch stock quotes every 3 minutes (trigger: interval[0:03:00], next run at: 2026-07-27 15:24:16 CST)" (scheduled at 2026-07-27 15:21:16.111339+08:00)
2026-07-27 15:21:16,121 [INFO] src.monitor: Fetching quotes for 5 stocks...
2026-07-27 15:21:16,449 [INFO] src.monitor: A股 | 芯片ETF华夏(159995) 价格:1.2780 涨跌:+0.63% 成交量:6890467
2026-07-27 15:21:16,449 [INFO] src.monitor: A股 | 机器人ETF华夏(562500) 价格:0.9460 涨跌:+2.38% 成交量:5827481
2026-07-27 15:21:16,450 [INFO] src.monitor: A股 | 创新药ETF银华(159992) 价格:0.8590 涨跌:+2.38% 成交量:12658580
2026-07-27 15:21:16,450 [INFO] src.monitor: 美股 | 苹果(AAPL) 价格:333.0200 涨跌:+3.53% 成交量:47489415
2026-07-27 15:21:16,450 [INFO] src.monitor: 港股 | 腾讯控股(00700) 价格:444.0000 涨跌:+2.16% 成交量:10461440
2026-07-27 15:21:16,450 [INFO] src.monitor: No alerts triggered
2026-07-27 15:21:16,450 [INFO] apscheduler.executors.default: Job "Fetch stock quotes every 3 minutes (trigger: interval[0:03:00], next run at: 2026-07-27 15:24:16 CST)" executed successfully
2026-07-27 15:24:16,114 [INFO] apscheduler.executors.default: Running job "Fetch stock quotes every 3 minutes (trigger: interval[0:03:00], next run at: 2026-07-27 15:27:16 CST)" (scheduled at 2026-07-27 15:24:16.111339+08:00)
2026-07-27 15:24:16,114 [INFO] src.monitor: Fetching quotes for 5 stocks...
2026-07-27 15:24:16,452 [INFO] src.monitor: A股 | 芯片ETF华夏(159995) 价格:1.2780 涨跌:+0.63% 成交量:6890467
2026-07-27 15:24:16,452 [INFO] src.monitor: A股 | 机器人ETF华夏(562500) 价格:0.9460 涨跌:+2.38% 成交量:5827481
2026-07-27 15:24:16,452 [INFO] src.monitor: A股 | 创新药ETF银华(159992) 价格:0.8590 涨跌:+2.38% 成交量:12658580
2026-07-27 15:24:16,453 [INFO] src.monitor: 美股 | 苹果(AAPL) 价格:333.0200 涨跌:+3.53% 成交量:47489415
2026-07-27 15:24:16,453 [INFO] src.monitor: 港股 | 腾讯控股(00700) 价格:443.2000 涨跌:+1.98% 成交量:10521876
2026-07-27 15:24:16,453 [INFO] src.monitor: No alerts triggered
2026-07-27 15:24:16,453 [INFO] apscheduler.executors.default: Job "Fetch stock quotes every 3 minutes (trigger: interval[0:03:00], next run at: 2026-07-27 15:27:16 CST)" executed successfully
2026-07-27 15:27:16,118 [INFO] apscheduler.executors.default: Running job "Fetch stock quotes every 3 minutes (trigger: interval[0:03:00], next run at: 2026-07-27 15:30:16 CST)" (scheduled at 2026-07-27 15:27:16.111339+08:00)
2026-07-27 15:27:16,119 [INFO] src.monitor: Fetching quotes for 5 stocks...
2026-07-27 15:27:16,455 [INFO] src.monitor: A股 | 芯片ETF华夏(159995) 价格:1.2780 涨跌:+0.63% 成交量:6890467
2026-07-27 15:27:16,455 [INFO] src.monitor: A股 | 机器人ETF华夏(562500) 价格:0.9460 涨跌:+2.38% 成交量:5827481
2026-07-27 15:27:16,455 [INFO] src.monitor: A股 | 创新药ETF银华(159992) 价格:0.8590 涨跌:+2.38% 成交量:12658580
2026-07-27 15:27:16,455 [INFO] src.monitor: 美股 | 苹果(AAPL) 价格:333.0200 涨跌:+3.53% 成交量:47489415
2026-07-27 15:27:16,455 [INFO] src.monitor: 港股 | 腾讯控股(00700) 价格:444.2000 涨跌:+2.21% 成交量:10658573
2026-07-27 15:27:16,456 [INFO] src.monitor: No alerts triggered
2026-07-27 15:27:16,456 [INFO] apscheduler.executors.default: Job "Fetch stock quotes every 3 minutes (trigger: interval[0:03:00], next run at: 2026-07-27 15:30:16 CST)" executed successfully
2026-07-27 15:27:45,217 [INFO] __main__: ============================================================
2026-07-27 15:27:45,217 [INFO] __main__: Stock Price Monitor starting...
2026-07-27 15:27:45,217 [INFO] __main__: ============================================================
2026-07-27 15:27:45,220 [INFO] __main__: Running initial fetch...
2026-07-27 15:27:45,220 [INFO] src.monitor: Fetching quotes for 5 stocks...
2026-07-27 15:27:45,550 [INFO] src.monitor: A股 | 芯片ETF华夏(159995) 价格:1.2780 涨跌:+0.63% 成交量:6890467
2026-07-27 15:27:45,551 [INFO] src.monitor: A股 | 机器人ETF华夏(562500) 价格:0.9460 涨跌:+2.38% 成交量:5827481
2026-07-27 15:27:45,551 [INFO] src.monitor: A股 | 创新药ETF银华(159992) 价格:0.8590 涨跌:+2.38% 成交量:12658580
2026-07-27 15:27:45,551 [INFO] src.monitor: 美股 | 苹果(AAPL) 价格:333.0200 涨跌:+3.53% 成交量:47489415
2026-07-27 15:27:45,551 [INFO] src.monitor: 港股 | 腾讯控股(00700) 价格:443.8000 涨跌:+2.12% 成交量:10670873
2026-07-27 15:27:45,551 [INFO] src.alerts_engine: Alert triggered: ⚠️ 芯片ETF华夏(159995) price above 1.27 | 当前: 1.2780 | 涨跌: +0.63%
2026-07-27 15:27:45,551 [INFO] src.monitor: ⚠️ 1 alert(s) triggered
2026-07-27 15:27:45,989 [INFO] apscheduler.scheduler: Adding job tentatively -- it will be properly scheduled when the scheduler starts
2026-07-27 15:27:45,989 [INFO] __main__: Scheduler started. Next run in 10 minutes. Press Ctrl+C to stop.
2026-07-27 15:27:45,989 [INFO] apscheduler.scheduler: Added job "Fetch stock quotes every 10 minutes" to job store "default"
2026-07-27 15:27:45,989 [INFO] apscheduler.scheduler: Scheduler started
2026-07-27 15:34:14,731 [INFO] __main__: ============================================================
2026-07-27 15:34:14,731 [INFO] __main__: Stock Price Monitor starting...
2026-07-27 15:34:14,732 [INFO] __main__: ============================================================
2026-07-27 15:34:14,735 [INFO] __main__: Running initial fetch...
2026-07-27 15:34:14,736 [INFO] src.monitor: Fetching quotes for 5 stocks...
2026-07-27 15:34:15,074 [INFO] src.monitor: A股 | 芯片ETF华夏(159995) 价格:1.2780 涨跌:+0.63% 成交量:6890467
2026-07-27 15:34:15,074 [INFO] src.monitor: A股 | 机器人ETF华夏(562500) 价格:0.9460 涨跌:+2.38% 成交量:5827481
2026-07-27 15:34:15,074 [INFO] src.monitor: A股 | 创新药ETF银华(159992) 价格:0.8590 涨跌:+2.38% 成交量:12658580
2026-07-27 15:34:15,074 [INFO] src.monitor: 美股 | 苹果(AAPL) 价格:333.0200 涨跌:+3.53% 成交量:47489415
2026-07-27 15:34:15,074 [INFO] src.monitor: 港股 | 腾讯控股(00700) 价格:444.0000 涨跌:+2.16% 成交量:10906718
2026-07-27 15:34:15,074 [INFO] src.alerts_engine: Alert triggered: ⚠️ 芯片ETF华夏(159995) price above 1.27 | 当前: 1.2780 | 涨跌: +0.63%
2026-07-27 15:34:15,074 [INFO] src.monitor: ⚠️ 1 alert(s) triggered
2026-07-27 15:34:15,898 [INFO] apscheduler.scheduler: Adding job tentatively -- it will be properly scheduled when the scheduler starts
2026-07-27 15:34:15,898 [INFO] __main__: Scheduler started. Next run in 10 minutes. Press Ctrl+C to stop.
2026-07-27 15:34:15,899 [INFO] apscheduler.scheduler: Added job "Fetch stock quotes every 10 minutes" to job store "default"
2026-07-27 15:34:15,899 [INFO] apscheduler.scheduler: Scheduler started
2026-07-27 15:36:37,271 [INFO] __main__: ============================================================
2026-07-27 15:36:37,271 [INFO] __main__: Stock Price Monitor starting...
2026-07-27 15:36:37,271 [INFO] __main__: ============================================================
2026-07-27 15:36:37,274 [INFO] __main__: Running initial fetch...
2026-07-27 15:36:37,274 [INFO] src.monitor: Fetching quotes for 5 stocks...
2026-07-27 15:36:37,593 [INFO] src.monitor: A股 | 芯片ETF华夏(159995) 价格:1.2780 涨跌:+0.63% 成交量:6890467
2026-07-27 15:36:37,593 [INFO] src.monitor: A股 | 机器人ETF华夏(562500) 价格:0.9460 涨跌:+2.38% 成交量:5827481
2026-07-27 15:36:37,594 [INFO] src.monitor: A股 | 创新药ETF银华(159992) 价格:0.8590 涨跌:+2.38% 成交量:12658580
2026-07-27 15:36:37,594 [INFO] src.monitor: 美股 | 苹果(AAPL) 价格:333.0200 涨跌:+3.53% 成交量:47489415
2026-07-27 15:36:37,594 [INFO] src.monitor: 港股 | 腾讯控股(00700) 价格:444.0000 涨跌:+2.16% 成交量:10988647
2026-07-27 15:36:37,594 [INFO] src.alerts_engine: Alert triggered: ⚠️ 芯片ETF华夏(159995) price above 1.27 | 当前: 1.2780 | 涨跌: +0.63%
2026-07-27 15:36:37,595 [INFO] src.monitor: ⚠️ 1 alert(s) triggered
2026-07-27 15:36:38,291 [INFO] apscheduler.scheduler: Adding job tentatively -- it will be properly scheduled when the scheduler starts
2026-07-27 15:36:38,291 [INFO] __main__: Scheduler started. Next run in 10 minutes. Press Ctrl+C to stop.
2026-07-27 15:36:38,292 [INFO] apscheduler.scheduler: Added job "Fetch stock quotes every 10 minutes" to job store "default"
2026-07-27 15:36:38,293 [INFO] apscheduler.scheduler: Scheduler started
2026-07-27 15:44:13,158 [INFO] __main__: ============================================================
2026-07-27 15:44:13,159 [INFO] __main__: Stock Price Monitor starting...
2026-07-27 15:44:13,159 [INFO] __main__: ============================================================
2026-07-27 15:44:13,161 [INFO] __main__: Running initial fetch...
2026-07-27 15:44:13,161 [INFO] src.monitor: Fetching quotes for 5 stocks...
2026-07-27 15:44:13,472 [INFO] src.monitor: A股 | 芯片ETF华夏(159995) 价格:1.2780 涨跌:+0.63% 成交量:6890467
2026-07-27 15:44:13,473 [INFO] src.monitor: A股 | 机器人ETF华夏(562500) 价格:0.9460 涨跌:+2.38% 成交量:5827481
2026-07-27 15:44:13,473 [INFO] src.monitor: A股 | 创新药ETF银华(159992) 价格:0.8590 涨跌:+2.38% 成交量:12658580
2026-07-27 15:44:13,473 [INFO] src.monitor: 美股 | 苹果(AAPL) 价格:333.0200 涨跌:+3.53% 成交量:47489415
2026-07-27 15:44:13,473 [INFO] src.monitor: 港股 | 腾讯控股(00700) 价格:443.6000 涨跌:+2.07% 成交量:11319712
2026-07-27 15:44:13,474 [INFO] src.alerts_engine: Alert triggered: ⚠️ 芯片ETF华夏(159995) price above 1.27 | 当前: 1.2780 | 涨跌: +0.63%
2026-07-27 15:44:13,474 [INFO] src.monitor: ⚠️ 1 alert(s) triggered
2026-07-27 15:44:14,243 [INFO] apscheduler.scheduler: Adding job tentatively -- it will be properly scheduled when the scheduler starts
2026-07-27 15:44:14,244 [INFO] __main__: Scheduler started. Next run in 10 minutes. Press Ctrl+C to stop.
2026-07-27 15:44:14,244 [INFO] apscheduler.scheduler: Added job "Fetch stock quotes every 10 minutes" to job store "default"
2026-07-27 15:44:14,244 [INFO] apscheduler.scheduler: Scheduler started
2026-07-27 16:37:48,002 [INFO] __main__: ============================================================
2026-07-27 16:37:48,003 [INFO] __main__: Stock Price Monitor starting...
2026-07-27 16:37:48,003 [INFO] __main__: ============================================================
2026-07-27 16:37:48,007 [INFO] __main__: Running initial fetch...
2026-07-27 16:37:48,007 [INFO] src.monitor: Skipping cycle: none of ['A股', '港股', '美股'] is in a trading session
2026-07-27 16:37:48,012 [INFO] apscheduler.scheduler: Adding job tentatively -- it will be properly scheduled when the scheduler starts
2026-07-27 16:37:48,012 [INFO] __main__: Scheduler started. Next run in 30 minutes. Press Ctrl+C to stop.
2026-07-27 16:37:48,013 [INFO] apscheduler.scheduler: Added job "Fetch stock quotes every 30 minutes" to job store "default"
2026-07-27 16:37:48,014 [INFO] apscheduler.scheduler: Scheduler started
2026-07-27 17:26:35,186 [INFO] __main__: ============================================================
2026-07-27 17:26:35,186 [INFO] __main__: Stock Price Monitor starting...
2026-07-27 17:26:35,186 [INFO] __main__: ============================================================
2026-07-27 17:26:35,189 [INFO] __main__: Running initial fetch...
2026-07-27 17:26:35,190 [INFO] src.monitor: Skipping cycle: none of ['A股', '港股', '美股'] is in a trading session
2026-07-27 17:26:35,197 [INFO] apscheduler.scheduler: Adding job tentatively -- it will be properly scheduled when the scheduler starts
2026-07-27 17:26:35,198 [INFO] __main__: Scheduler started. Next run in 30 minutes. Press Ctrl+C to stop.
2026-07-27 17:26:35,199 [INFO] apscheduler.scheduler: Added job "Fetch stock quotes every 30 minutes" to job store "default"
2026-07-27 17:26:35,200 [INFO] apscheduler.scheduler: Scheduler started
2026-07-27 17:56:35,215 [INFO] apscheduler.executors.default: Running job "Fetch stock quotes every 30 minutes (trigger: interval[0:30:00], next run at: 2026-07-27 17:56:35 CST)" (scheduled at 2026-07-27 17:56:35.197909+08:00)
2026-07-27 17:56:35,217 [INFO] src.monitor: Skipping cycle: none of ['A股', '港股', '美股'] is in a trading session
2026-07-27 17:56:35,218 [INFO] apscheduler.executors.default: Job "Fetch stock quotes every 30 minutes (trigger: interval[0:30:00], next run at: 2026-07-27 18:26:35 CST)" executed successfully
2026-07-27 18:14:53,410 [INFO] __main__: ============================================================
2026-07-27 18:14:53,410 [INFO] __main__: Stock Price Monitor starting...
2026-07-27 18:14:53,410 [INFO] __main__: ============================================================
2026-07-27 18:14:53,414 [INFO] __main__: Running initial fetch...
2026-07-27 18:14:53,415 [INFO] src.monitor: Skipping cycle: none of ['A股', '港股', '美股'] is in a trading session
2026-07-27 18:14:53,418 [INFO] apscheduler.scheduler: Adding job tentatively -- it will be properly scheduled when the scheduler starts
2026-07-27 18:14:53,419 [INFO] __main__: Scheduler started. Next run in 30 minutes. Press Ctrl+C to stop.
2026-07-27 18:14:53,419 [INFO] apscheduler.scheduler: Added job "Fetch stock quotes every 30 minutes" to job store "default"
2026-07-27 18:14:53,419 [INFO] apscheduler.scheduler: Scheduler started
2026-07-27 18:44:53,430 [INFO] apscheduler.executors.default: Running job "Fetch stock quotes every 30 minutes (trigger: interval[0:30:00], next run at: 2026-07-27 18:44:53 CST)" (scheduled at 2026-07-27 18:44:53.418535+08:00)
2026-07-27 18:44:53,432 [INFO] src.monitor: Skipping cycle: none of ['A股', '港股', '美股'] is in a trading session
2026-07-27 18:44:53,433 [INFO] apscheduler.executors.default: Job "Fetch stock quotes every 30 minutes (trigger: interval[0:30:00], next run at: 2026-07-27 19:14:53 CST)" executed successfully
2026-07-27 19:14:53,425 [INFO] apscheduler.executors.default: Running job "Fetch stock quotes every 30 minutes (trigger: interval[0:30:00], next run at: 2026-07-27 19:44:53 CST)" (scheduled at 2026-07-27 19:14:53.418535+08:00)
2026-07-27 19:14:53,425 [INFO] src.monitor: Skipping cycle: none of ['A股', '港股', '美股'] is in a trading session
2026-07-27 19:14:53,425 [INFO] apscheduler.executors.default: Job "Fetch stock quotes every 30 minutes (trigger: interval[0:30:00], next run at: 2026-07-27 19:44:53 CST)" executed successfully
2026-07-27 19:44:53,427 [INFO] apscheduler.executors.default: Running job "Fetch stock quotes every 30 minutes (trigger: interval[0:30:00], next run at: 2026-07-27 20:14:53 CST)" (scheduled at 2026-07-27 19:44:53.418535+08:00)
2026-07-27 19:44:53,427 [INFO] src.monitor: Skipping cycle: none of ['A股', '港股', '美股'] is in a trading session
2026-07-27 19:44:53,428 [INFO] apscheduler.executors.default: Job "Fetch stock quotes every 30 minutes (trigger: interval[0:30:00], next run at: 2026-07-27 20:14:53 CST)" executed successfully
2026-07-27 20:14:53,430 [INFO] apscheduler.executors.default: Running job "Fetch stock quotes every 30 minutes (trigger: interval[0:30:00], next run at: 2026-07-27 20:44:53 CST)" (scheduled at 2026-07-27 20:14:53.418535+08:00)
2026-07-27 20:14:53,431 [INFO] src.monitor: Skipping cycle: none of ['A股', '港股', '美股'] is in a trading session
2026-07-27 20:14:53,432 [INFO] apscheduler.executors.default: Job "Fetch stock quotes every 30 minutes (trigger: interval[0:30:00], next run at: 2026-07-27 20:44:53 CST)" executed successfully
2026-07-27 20:44:53,425 [INFO] apscheduler.executors.default: Running job "Fetch stock quotes every 30 minutes (trigger: interval[0:30:00], next run at: 2026-07-27 21:14:53 CST)" (scheduled at 2026-07-27 20:44:53.418535+08:00)
2026-07-27 20:44:53,426 [INFO] src.monitor: Skipping cycle: none of ['A股', '港股', '美股'] is in a trading session
2026-07-27 20:44:53,426 [INFO] apscheduler.executors.default: Job "Fetch stock quotes every 30 minutes (trigger: interval[0:30:00], next run at: 2026-07-27 21:14:53 CST)" executed successfully
2026-07-27 21:14:53,429 [INFO] apscheduler.executors.default: Running job "Fetch stock quotes every 30 minutes (trigger: interval[0:30:00], next run at: 2026-07-27 21:44:53 CST)" (scheduled at 2026-07-27 21:14:53.418535+08:00)
2026-07-27 21:14:53,430 [INFO] src.monitor: Skipping cycle: none of ['A股', '港股', '美股'] is in a trading session
2026-07-27 21:14:53,431 [INFO] apscheduler.executors.default: Job "Fetch stock quotes every 30 minutes (trigger: interval[0:30:00], next run at: 2026-07-27 21:44:53 CST)" executed successfully
2026-07-27 21:44:53,421 [INFO] apscheduler.executors.default: Running job "Fetch stock quotes every 30 minutes (trigger: interval[0:30:00], next run at: 2026-07-27 22:14:53 CST)" (scheduled at 2026-07-27 21:44:53.418535+08:00)
2026-07-27 21:44:53,421 [INFO] src.monitor: Fetching quotes for 2/7 stocks in open markets...
2026-07-27 21:44:53,724 [INFO] src.monitor: 美股 | 半导体ETF三倍做多(SOXL) 价格:135.2100 涨跌:-1.17% 成交量:11017462
2026-07-27 21:44:53,724 [INFO] src.monitor: 美股 | 纳斯达克100三倍做多(TQQQ) 价格:65.1200 涨跌:+1.75% 成交量:11301708
2026-07-27 21:44:53,724 [INFO] src.monitor: No alerts triggered
2026-07-27 21:44:53,724 [INFO] apscheduler.executors.default: Job "Fetch stock quotes every 30 minutes (trigger: interval[0:30:00], next run at: 2026-07-27 22:14:53 CST)" executed successfully
2026-07-27 22:14:53,428 [INFO] apscheduler.executors.default: Running job "Fetch stock quotes every 30 minutes (trigger: interval[0:30:00], next run at: 2026-07-27 22:44:53 CST)" (scheduled at 2026-07-27 22:14:53.418535+08:00)
2026-07-27 22:14:53,428 [INFO] src.monitor: Fetching quotes for 2/7 stocks in open markets...
2026-07-27 22:14:53,725 [INFO] src.monitor: 美股 | 半导体ETF三倍做多(SOXL) 价格:126.5000 涨跌:-7.54% 成交量:19890155
2026-07-27 22:14:53,726 [INFO] src.monitor: 美股 | 纳斯达克100三倍做多(TQQQ) 价格:63.7600 涨跌:-0.38% 成交量:19660028
2026-07-27 22:14:53,726 [INFO] src.monitor: No alerts triggered
2026-07-27 22:14:53,726 [INFO] apscheduler.executors.default: Job "Fetch stock quotes every 30 minutes (trigger: interval[0:30:00], next run at: 2026-07-27 22:44:53 CST)" executed successfully
2026-07-27 22:44:53,424 [INFO] apscheduler.executors.default: Running job "Fetch stock quotes every 30 minutes (trigger: interval[0:30:00], next run at: 2026-07-27 23:14:53 CST)" (scheduled at 2026-07-27 22:44:53.418535+08:00)
2026-07-27 22:44:53,424 [INFO] src.monitor: Fetching quotes for 2/7 stocks in open markets...
2026-07-27 22:44:53,694 [INFO] src.monitor: 美股 | 半导体ETF三倍做多(SOXL) 价格:116.9500 涨跌:-14.52% 成交量:32818895
2026-07-27 22:44:53,694 [INFO] src.monitor: 美股 | 纳斯达克100三倍做多(TQQQ) 价格:61.8000 涨跌:-3.44% 成交量:30231426
2026-07-27 22:44:53,694 [INFO] src.alerts_engine: Alert triggered: ⚠️ 半导体ETF三倍做多(SOXL) change_pct below -10.0 | 当前: -14.5200 | 涨跌: -14.52%
2026-07-27 22:44:53,695 [INFO] src.monitor: ⚠️ 1 alert(s) triggered
2026-07-27 22:44:53,695 [INFO] apscheduler.executors.default: Job "Fetch stock quotes every 30 minutes (trigger: interval[0:30:00], next run at: 2026-07-27 23:14:53 CST)" executed successfully
2026-07-27 23:14:53,434 [INFO] apscheduler.executors.default: Running job "Fetch stock quotes every 30 minutes (trigger: interval[0:30:00], next run at: 2026-07-27 23:44:53 CST)" (scheduled at 2026-07-27 23:14:53.418535+08:00)
2026-07-27 23:14:53,435 [INFO] src.monitor: Fetching quotes for 2/7 stocks in open markets...
2026-07-27 23:14:53,718 [INFO] src.monitor: 美股 | 半导体ETF三倍做多(SOXL) 价格:120.3000 涨跌:-12.07% 成交量:44496529
2026-07-27 23:14:53,718 [INFO] src.monitor: 美股 | 纳斯达克100三倍做多(TQQQ) 价格:62.9300 涨跌:-1.67% 成交量:37905074
2026-07-27 23:14:53,719 [INFO] src.alerts_engine: Alert triggered: ⚠️ 半导体ETF三倍做多(SOXL) change_pct below -10.0 | 当前: -12.0700 | 涨跌: -12.07%
2026-07-27 23:14:53,719 [INFO] src.monitor: ⚠️ 1 alert(s) triggered
2026-07-27 23:14:53,719 [INFO] apscheduler.executors.default: Job "Fetch stock quotes every 30 minutes (trigger: interval[0:30:00], next run at: 2026-07-27 23:44:53 CST)" executed successfully
2026-07-27 23:44:53,426 [INFO] apscheduler.executors.default: Running job "Fetch stock quotes every 30 minutes (trigger: interval[0:30:00], next run at: 2026-07-28 00:14:53 CST)" (scheduled at 2026-07-27 23:44:53.418535+08:00)
2026-07-27 23:44:53,426 [INFO] src.monitor: Fetching quotes for 2/7 stocks in open markets...
2026-07-27 23:44:53,710 [INFO] src.monitor: 美股 | 半导体ETF三倍做多(SOXL) 价格:117.3700 涨跌:-14.21% 成交量:51867329
2026-07-27 23:44:53,710 [INFO] src.monitor: 美股 | 纳斯达克100三倍做多(TQQQ) 价格:62.2200 涨跌:-2.78% 成交量:42815391
2026-07-27 23:44:53,710 [INFO] src.alerts_engine: Alert triggered: ⚠️ 半导体ETF三倍做多(SOXL) change_pct below -10.0 | 当前: -14.2100 | 涨跌: -14.21%
2026-07-27 23:44:53,710 [INFO] src.monitor: ⚠️ 1 alert(s) triggered
2026-07-27 23:44:53,711 [INFO] apscheduler.executors.default: Job "Fetch stock quotes every 30 minutes (trigger: interval[0:30:00], next run at: 2026-07-28 00:14:53 CST)" executed successfully
2026-07-28 00:14:53,431 [INFO] apscheduler.executors.default: Running job "Fetch stock quotes every 30 minutes (trigger: interval[0:30:00], next run at: 2026-07-28 00:44:53 CST)" (scheduled at 2026-07-28 00:14:53.418535+08:00)
2026-07-28 00:14:53,432 [INFO] src.monitor: Fetching quotes for 2/7 stocks in open markets...
2026-07-28 00:14:53,786 [INFO] src.monitor: 美股 | 半导体ETF三倍做多(SOXL) 价格:120.5500 涨跌:-11.89% 成交量:56428442
2026-07-28 00:14:53,786 [INFO] src.monitor: 美股 | 纳斯达克100三倍做多(TQQQ) 价格:62.5900 涨跌:-2.20% 成交量:46560941
2026-07-28 00:14:53,787 [INFO] src.alerts_engine: Alert triggered: ⚠️ 半导体ETF三倍做多(SOXL) change_pct below -10.0 | 当前: -11.8900 | 涨跌: -11.89%
2026-07-28 00:14:53,787 [INFO] src.monitor: ⚠️ 1 alert(s) triggered
2026-07-28 00:14:53,787 [INFO] apscheduler.executors.default: Job "Fetch stock quotes every 30 minutes (trigger: interval[0:30:00], next run at: 2026-07-28 00:44:53 CST)" executed successfully
2026-07-28 00:44:53,432 [INFO] apscheduler.executors.default: Running job "Fetch stock quotes every 30 minutes (trigger: interval[0:30:00], next run at: 2026-07-28 01:14:53 CST)" (scheduled at 2026-07-28 00:44:53.418535+08:00)
2026-07-28 00:44:53,432 [INFO] src.monitor: Fetching quotes for 2/7 stocks in open markets...
2026-07-28 00:44:53,718 [INFO] src.monitor: 美股 | 半导体ETF三倍做多(SOXL) 价格:123.1400 涨跌:-9.99% 成交量:60638319
2026-07-28 00:44:53,718 [INFO] src.monitor: 美股 | 纳斯达克100三倍做多(TQQQ) 价格:62.9000 涨跌:-1.72% 成交量:50322707
2026-07-28 00:44:53,719 [INFO] src.monitor: No alerts triggered
2026-07-28 00:44:53,720 [INFO] apscheduler.executors.default: Job "Fetch stock quotes every 30 minutes (trigger: interval[0:30:00], next run at: 2026-07-28 01:14:53 CST)" executed successfully
2026-07-28 01:14:53,423 [INFO] apscheduler.executors.default: Running job "Fetch stock quotes every 30 minutes (trigger: interval[0:30:00], next run at: 2026-07-28 01:44:53 CST)" (scheduled at 2026-07-28 01:14:53.418535+08:00)
2026-07-28 01:14:53,423 [INFO] src.monitor: Fetching quotes for 2/7 stocks in open markets...
2026-07-28 01:14:53,702 [INFO] src.monitor: 美股 | 半导体ETF三倍做多(SOXL) 价格:120.3400 涨跌:-12.04% 成交量:63449157
2026-07-28 01:14:53,702 [INFO] src.monitor: 美股 | 纳斯达克100三倍做多(TQQQ) 价格:62.3000 涨跌:-2.66% 成交量:52731700
2026-07-28 01:14:53,702 [INFO] src.alerts_engine: Alert triggered: ⚠️ 半导体ETF三倍做多(SOXL) change_pct below -10.0 | 当前: -12.0400 | 涨跌: -12.04%
2026-07-28 01:14:53,702 [INFO] src.monitor: ⚠️ 1 alert(s) triggered
2026-07-28 01:14:53,703 [INFO] apscheduler.executors.default: Job "Fetch stock quotes every 30 minutes (trigger: interval[0:30:00], next run at: 2026-07-28 01:44:53 CST)" executed successfully
2026-07-28 01:44:54,621 [WARNING] apscheduler.executors.default: Run time of job "Fetch stock quotes every 30 minutes (trigger: interval[0:30:00], next run at: 2026-07-28 02:14:53 CST)" was missed by 0:00:01.202754
2026-07-28 02:14:53,432 [INFO] apscheduler.executors.default: Running job "Fetch stock quotes every 30 minutes (trigger: interval[0:30:00], next run at: 2026-07-28 02:44:53 CST)" (scheduled at 2026-07-28 02:14:53.418535+08:00)
2026-07-28 02:14:53,432 [INFO] src.monitor: Fetching quotes for 2/7 stocks in open markets...
2026-07-28 02:14:53,718 [INFO] src.monitor: 美股 | 半导体ETF三倍做多(SOXL) 价格:122.4700 涨跌:-10.48% 成交量:67469832
2026-07-28 02:14:53,718 [INFO] src.monitor: 美股 | 纳斯达克100三倍做多(TQQQ) 价格:62.8100 涨跌:-1.87% 成交量:56935105
2026-07-28 02:14:53,718 [INFO] src.alerts_engine: Alert triggered: ⚠️ 半导体ETF三倍做多(SOXL) change_pct below -10.0 | 当前: -10.4800 | 涨跌: -10.48%
2026-07-28 02:14:53,718 [INFO] src.monitor: ⚠️ 1 alert(s) triggered
2026-07-28 02:14:53,718 [INFO] apscheduler.executors.default: Job "Fetch stock quotes every 30 minutes (trigger: interval[0:30:00], next run at: 2026-07-28 02:44:53 CST)" executed successfully
2026-07-28 02:44:53,425 [INFO] apscheduler.executors.default: Running job "Fetch stock quotes every 30 minutes (trigger: interval[0:30:00], next run at: 2026-07-28 03:14:53 CST)" (scheduled at 2026-07-28 02:44:53.418535+08:00)
2026-07-28 02:44:53,425 [INFO] src.monitor: Fetching quotes for 2/7 stocks in open markets...
2026-07-28 02:44:53,715 [INFO] src.monitor: 美股 | 半导体ETF三倍做多(SOXL) 价格:121.8600 涨跌:-10.93% 成交量:69487478
2026-07-28 02:44:53,715 [INFO] src.monitor: 美股 | 纳斯达克100三倍做多(TQQQ) 价格:62.5800 涨跌:-2.22% 成交量:59099058
2026-07-28 02:44:53,715 [INFO] src.alerts_engine: Alert triggered: ⚠️ 半导体ETF三倍做多(SOXL) change_pct below -10.0 | 当前: -10.9300 | 涨跌: -10.93%
2026-07-28 02:44:53,715 [INFO] src.monitor: ⚠️ 1 alert(s) triggered
2026-07-28 02:44:53,716 [INFO] apscheduler.executors.default: Job "Fetch stock quotes every 30 minutes (trigger: interval[0:30:00], next run at: 2026-07-28 03:14:53 CST)" executed successfully
2026-07-28 03:14:53,427 [INFO] apscheduler.executors.default: Running job "Fetch stock quotes every 30 minutes (trigger: interval[0:30:00], next run at: 2026-07-28 03:44:53 CST)" (scheduled at 2026-07-28 03:14:53.418535+08:00)
2026-07-28 03:14:53,428 [INFO] src.monitor: Fetching quotes for 2/7 stocks in open markets...
2026-07-28 03:14:53,713 [INFO] src.monitor: 美股 | 半导体ETF三倍做多(SOXL) 价格:127.1100 涨跌:-7.09% 成交量:73887475
2026-07-28 03:14:53,713 [INFO] src.monitor: 美股 | 纳斯达克100三倍做多(TQQQ) 价格:63.4100 涨跌:-0.92% 成交量:62646490
2026-07-28 03:14:53,713 [INFO] src.monitor: No alerts triggered
2026-07-28 03:14:53,713 [INFO] apscheduler.executors.default: Job "Fetch stock quotes every 30 minutes (trigger: interval[0:30:00], next run at: 2026-07-28 03:44:53 CST)" executed successfully
2026-07-28 03:44:53,431 [INFO] apscheduler.executors.default: Running job "Fetch stock quotes every 30 minutes (trigger: interval[0:30:00], next run at: 2026-07-28 04:14:53 CST)" (scheduled at 2026-07-28 03:44:53.418535+08:00)
2026-07-28 03:44:53,432 [INFO] src.monitor: Fetching quotes for 2/7 stocks in open markets...
2026-07-28 03:44:53,719 [INFO] src.monitor: 美股 | 半导体ETF三倍做多(SOXL) 价格:127.3700 涨跌:-6.90% 成交量:81495246
2026-07-28 03:44:53,720 [INFO] src.monitor: 美股 | 纳斯达克100三倍做多(TQQQ) 价格:63.2800 涨跌:-1.13% 成交量:65569012
2026-07-28 03:44:53,720 [INFO] src.monitor: No alerts triggered
2026-07-28 03:44:53,720 [INFO] apscheduler.executors.default: Job "Fetch stock quotes every 30 minutes (trigger: interval[0:30:00], next run at: 2026-07-28 04:14:53 CST)" executed successfully
2026-07-28 04:14:53,420 [INFO] apscheduler.executors.default: Running job "Fetch stock quotes every 30 minutes (trigger: interval[0:30:00], next run at: 2026-07-28 04:44:53 CST)" (scheduled at 2026-07-28 04:14:53.418535+08:00)
2026-07-28 04:14:53,420 [INFO] src.monitor: Skipping cycle: none of ['A股', '港股', '美股'] is in a trading session
2026-07-28 04:14:53,420 [INFO] apscheduler.executors.default: Job "Fetch stock quotes every 30 minutes (trigger: interval[0:30:00], next run at: 2026-07-28 04:44:53 CST)" executed successfully
2026-07-28 04:44:53,428 [INFO] apscheduler.executors.default: Running job "Fetch stock quotes every 30 minutes (trigger: interval[0:30:00], next run at: 2026-07-28 05:14:53 CST)" (scheduled at 2026-07-28 04:44:53.418535+08:00)
2026-07-28 04:44:53,428 [INFO] src.monitor: Skipping cycle: none of ['A股', '港股', '美股'] is in a trading session
2026-07-28 04:44:53,428 [INFO] apscheduler.executors.default: Job "Fetch stock quotes every 30 minutes (trigger: interval[0:30:00], next run at: 2026-07-28 05:14:53 CST)" executed successfully
2026-07-28 05:14:53,431 [INFO] apscheduler.executors.default: Running job "Fetch stock quotes every 30 minutes (trigger: interval[0:30:00], next run at: 2026-07-28 05:44:53 CST)" (scheduled at 2026-07-28 05:14:53.418535+08:00)
2026-07-28 05:14:53,431 [INFO] src.monitor: Skipping cycle: none of ['A股', '港股', '美股'] is in a trading session
2026-07-28 05:14:53,431 [INFO] apscheduler.executors.default: Job "Fetch stock quotes every 30 minutes (trigger: interval[0:30:00], next run at: 2026-07-28 05:44:53 CST)" executed successfully
2026-07-28 05:44:53,429 [INFO] apscheduler.executors.default: Running job "Fetch stock quotes every 30 minutes (trigger: interval[0:30:00], next run at: 2026-07-28 06:14:53 CST)" (scheduled at 2026-07-28 05:44:53.418535+08:00)
2026-07-28 05:44:53,429 [INFO] src.monitor: Skipping cycle: none of ['A股', '港股', '美股'] is in a trading session
2026-07-28 05:44:53,429 [INFO] apscheduler.executors.default: Job "Fetch stock quotes every 30 minutes (trigger: interval[0:30:00], next run at: 2026-07-28 06:14:53 CST)" executed successfully
2026-07-28 06:14:53,421 [INFO] apscheduler.executors.default: Running job "Fetch stock quotes every 30 minutes (trigger: interval[0:30:00], next run at: 2026-07-28 06:44:53 CST)" (scheduled at 2026-07-28 06:14:53.418535+08:00)
2026-07-28 06:14:53,421 [INFO] src.monitor: Skipping cycle: none of ['A股', '港股', '美股'] is in a trading session
2026-07-28 06:14:53,422 [INFO] apscheduler.executors.default: Job "Fetch stock quotes every 30 minutes (trigger: interval[0:30:00], next run at: 2026-07-28 06:44:53 CST)" executed successfully
2026-07-28 06:44:53,432 [INFO] apscheduler.executors.default: Running job "Fetch stock quotes every 30 minutes (trigger: interval[0:30:00], next run at: 2026-07-28 07:14:53 CST)" (scheduled at 2026-07-28 06:44:53.418535+08:00)
2026-07-28 06:44:53,432 [INFO] src.monitor: Skipping cycle: none of ['A股', '港股', '美股'] is in a trading session
2026-07-28 06:44:53,432 [INFO] apscheduler.executors.default: Job "Fetch stock quotes every 30 minutes (trigger: interval[0:30:00], next run at: 2026-07-28 07:14:53 CST)" executed successfully
2026-07-28 07:14:53,432 [INFO] apscheduler.executors.default: Running job "Fetch stock quotes every 30 minutes (trigger: interval[0:30:00], next run at: 2026-07-28 07:44:53 CST)" (scheduled at 2026-07-28 07:14:53.418535+08:00)
2026-07-28 07:14:53,432 [INFO] src.monitor: Skipping cycle: none of ['A股', '港股', '美股'] is in a trading session
2026-07-28 07:14:53,432 [INFO] apscheduler.executors.default: Job "Fetch stock quotes every 30 minutes (trigger: interval[0:30:00], next run at: 2026-07-28 07:44:53 CST)" executed successfully
2026-07-28 07:44:53,432 [INFO] apscheduler.executors.default: Running job "Fetch stock quotes every 30 minutes (trigger: interval[0:30:00], next run at: 2026-07-28 08:14:53 CST)" (scheduled at 2026-07-28 07:44:53.418535+08:00)
2026-07-28 07:44:53,433 [INFO] src.monitor: Skipping cycle: none of ['A股', '港股', '美股'] is in a trading session
2026-07-28 07:44:53,434 [INFO] apscheduler.executors.default: Job "Fetch stock quotes every 30 minutes (trigger: interval[0:30:00], next run at: 2026-07-28 08:14:53 CST)" executed successfully
2026-07-28 08:14:53,423 [INFO] apscheduler.executors.default: Running job "Fetch stock quotes every 30 minutes (trigger: interval[0:30:00], next run at: 2026-07-28 08:44:53 CST)" (scheduled at 2026-07-28 08:14:53.418535+08:00)
2026-07-28 08:14:53,423 [INFO] src.monitor: Skipping cycle: none of ['A股', '港股', '美股'] is in a trading session
2026-07-28 08:14:53,423 [INFO] apscheduler.executors.default: Job "Fetch stock quotes every 30 minutes (trigger: interval[0:30:00], next run at: 2026-07-28 08:44:53 CST)" executed successfully
2026-07-28 08:44:53,422 [INFO] apscheduler.executors.default: Running job "Fetch stock quotes every 30 minutes (trigger: interval[0:30:00], next run at: 2026-07-28 09:14:53 CST)" (scheduled at 2026-07-28 08:44:53.418535+08:00)
2026-07-28 08:44:53,422 [INFO] src.monitor: Skipping cycle: none of ['A股', '港股', '美股'] is in a trading session
2026-07-28 08:44:53,422 [INFO] apscheduler.executors.default: Job "Fetch stock quotes every 30 minutes (trigger: interval[0:30:00], next run at: 2026-07-28 09:14:53 CST)" executed successfully
2026-07-28 09:14:53,433 [INFO] apscheduler.executors.default: Running job "Fetch stock quotes every 30 minutes (trigger: interval[0:30:00], next run at: 2026-07-28 09:44:53 CST)" (scheduled at 2026-07-28 09:14:53.418535+08:00)
2026-07-28 09:14:53,433 [INFO] src.monitor: Skipping cycle: none of ['A股', '港股', '美股'] is in a trading session
2026-07-28 09:14:53,433 [INFO] apscheduler.executors.default: Job "Fetch stock quotes every 30 minutes (trigger: interval[0:30:00], next run at: 2026-07-28 09:44:53 CST)" executed successfully
2026-07-28 09:30:47,074 [INFO] src.main: Webhook notifier enabled from config.yaml/WEBHOOK_URL
2026-07-28 09:34:38,705 [INFO] src.main: Webhook notifier enabled from config.yaml/WEBHOOK_URL
2026-07-28 09:35:30,345 [INFO] src.main: Webhook notifier enabled from config.yaml/WEBHOOK_URL
2026-07-28 09:36:14,327 [INFO] __main__: ============================================================
2026-07-28 09:36:14,327 [INFO] __main__: Stock Price Monitor starting...
2026-07-28 09:36:14,327 [INFO] __main__: ============================================================
2026-07-28 09:36:14,331 [INFO] __main__: Webhook notifier enabled from config.yaml/WEBHOOK_URL
2026-07-28 09:36:14,331 [INFO] __main__: Running initial fetch...
2026-07-28 09:36:14,333 [INFO] __main__: Webhook notifier enabled from config.yaml/WEBHOOK_URL
2026-07-28 09:36:14,333 [INFO] src.monitor: Fetching quotes for 5/7 stocks in open markets...
2026-07-28 09:36:15,014 [INFO] src.monitor: A股 | 芯片ETF华夏(159995) 价格:1.2580 涨跌:-1.56% 成交量:1107938
2026-07-28 09:36:15,015 [INFO] src.monitor: A股 | 机器人ETF华夏(562500) 价格:0.9430 涨跌:-0.32% 成交量:643204
2026-07-28 09:36:15,016 [INFO] src.monitor: A股 | 创新药ETF银华(159992) 价格:0.8490 涨跌:-1.16% 成交量:1426625
2026-07-28 09:36:15,017 [INFO] src.monitor: 港股 | 腾讯控股(00700) 价格:447.8000 涨跌:+1.08% 成交量:592900
2026-07-28 09:36:15,017 [INFO] src.monitor: 港股 | 阿里巴巴-W(09988) 价格:113.0000 涨跌:+1.80% 成交量:1546574
2026-07-28 09:36:15,018 [INFO] src.monitor: No alerts triggered
2026-07-28 09:36:15,030 [INFO] apscheduler.scheduler: Adding job tentatively -- it will be properly scheduled when the scheduler starts
2026-07-28 09:36:15,031 [INFO] __main__: Scheduler started. Next run in 30 minutes. Press Ctrl+C to stop.
2026-07-28 09:36:15,031 [INFO] apscheduler.scheduler: Added job "Fetch stock quotes every 30 minutes" to job store "default"
2026-07-28 09:36:15,031 [INFO] apscheduler.scheduler: Scheduler started
2026-07-28 09:49:39,265 [INFO] __main__: ============================================================
2026-07-28 09:49:39,265 [INFO] __main__: Stock Price Monitor starting...
2026-07-28 09:49:39,265 [INFO] __main__: ============================================================
2026-07-28 09:49:39,268 [INFO] __main__: Webhook notifier enabled from config.yaml/WEBHOOK_URL
2026-07-28 09:49:39,268 [INFO] __main__: Running initial fetch...
2026-07-28 09:49:39,271 [INFO] __main__: Webhook notifier enabled from config.yaml/WEBHOOK_URL
2026-07-28 09:49:39,272 [INFO] src.monitor: Fetching quotes for 5/7 stocks in open markets...
2026-07-28 09:49:39,767 [INFO] src.monitor: A股 | 芯片ETF华夏(159995) 价格:1.2360 涨跌:-3.29% 成交量:2174539
2026-07-28 09:49:39,767 [INFO] src.monitor: A股 | 机器人ETF华夏(562500) 价格:0.9400 涨跌:-0.63% 成交量:1108389
2026-07-28 09:49:39,767 [INFO] src.monitor: A股 | 创新药ETF银华(159992) 价格:0.8460 涨跌:-1.51% 成交量:2760220
2026-07-28 09:49:39,767 [INFO] src.monitor: 港股 | 腾讯控股(00700) 价格:445.4000 涨跌:+0.54% 成交量:1350034
2026-07-28 09:49:39,768 [INFO] src.monitor: 港股 | 阿里巴巴-W(09988) 价格:112.7000 涨跌:+1.53% 成交量:6646198
2026-07-28 09:49:39,768 [INFO] src.monitor: No alerts triggered
2026-07-28 09:49:39,770 [INFO] apscheduler.scheduler: Adding job tentatively -- it will be properly scheduled when the scheduler starts
2026-07-28 09:49:39,770 [INFO] __main__: Scheduler started. Next run in 10 minutes. Press Ctrl+C to stop.
2026-07-28 09:49:39,774 [INFO] apscheduler.scheduler: Added job "Fetch stock quotes every 10 minutes" to job store "default"
2026-07-28 09:49:39,774 [INFO] apscheduler.scheduler: Scheduler started
2026-07-28 09:59:39,783 [INFO] apscheduler.executors.default: Running job "Fetch stock quotes every 10 minutes (trigger: interval[0:10:00], next run at: 2026-07-28 09:59:39 CST)" (scheduled at 2026-07-28 09:59:39.770846+08:00)
2026-07-28 09:59:39,793 [INFO] __main__: Webhook notifier enabled from config.yaml/WEBHOOK_URL
2026-07-28 09:59:39,793 [INFO] src.monitor: Fetching quotes for 5/7 stocks in open markets...
2026-07-28 09:59:40,087 [INFO] src.monitor: A股 | 芯片ETF华夏(159995) 价格:1.2280 涨跌:-3.91% 成交量:2887505
2026-07-28 09:59:40,088 [INFO] src.monitor: A股 | 机器人ETF华夏(562500) 价格:0.9430 涨跌:-0.32% 成交量:1467232
2026-07-28 09:59:40,088 [INFO] src.monitor: A股 | 创新药ETF银华(159992) 价格:0.8460 涨跌:-1.51% 成交量:3502821
2026-07-28 09:59:40,088 [INFO] src.monitor: 港股 | 腾讯控股(00700) 价格:448.0000 涨跌:+1.13% 成交量:2292983
2026-07-28 09:59:40,088 [INFO] src.monitor: 港股 | 阿里巴巴-W(09988) 价格:111.9000 涨跌:+0.81% 成交量:10719780
2026-07-28 09:59:40,088 [INFO] src.monitor: No alerts triggered
2026-07-28 09:59:40,088 [INFO] apscheduler.executors.default: Job "Fetch stock quotes every 10 minutes (trigger: interval[0:10:00], next run at: 2026-07-28 10:09:39 CST)" executed successfully
2026-07-28 10:09:39,773 [INFO] apscheduler.executors.default: Running job "Fetch stock quotes every 10 minutes (trigger: interval[0:10:00], next run at: 2026-07-28 10:19:39 CST)" (scheduled at 2026-07-28 10:09:39.770846+08:00)
2026-07-28 10:09:39,777 [INFO] __main__: Webhook notifier enabled from config.yaml/WEBHOOK_URL
2026-07-28 10:09:39,777 [INFO] src.monitor: Fetching quotes for 5/7 stocks in open markets...
2026-07-28 10:09:40,152 [INFO] src.monitor: A股 | 芯片ETF华夏(159995) 价格:1.2340 涨跌:-3.44% 成交量:3165226
2026-07-28 10:09:40,152 [INFO] src.monitor: A股 | 机器人ETF华夏(562500) 价格:0.9400 涨跌:-0.63% 成交量:1751233
2026-07-28 10:09:40,153 [INFO] src.monitor: A股 | 创新药ETF银华(159992) 价格:0.8430 涨跌:-1.86% 成交量:3982148
2026-07-28 10:09:40,153 [INFO] src.monitor: 港股 | 腾讯控股(00700) 价格:449.8000 涨跌:+1.53% 成交量:2990812
2026-07-28 10:09:40,153 [INFO] src.monitor: 港股 | 阿里巴巴-W(09988) 价格:111.8000 涨跌:+0.72% 成交量:14710401
2026-07-28 10:09:40,153 [INFO] src.monitor: No alerts triggered
2026-07-28 10:09:40,153 [INFO] apscheduler.executors.default: Job "Fetch stock quotes every 10 minutes (trigger: interval[0:10:00], next run at: 2026-07-28 10:19:39 CST)" executed successfully
2026-07-28 10:19:39,783 [INFO] apscheduler.executors.default: Running job "Fetch stock quotes every 10 minutes (trigger: interval[0:10:00], next run at: 2026-07-28 10:29:39 CST)" (scheduled at 2026-07-28 10:19:39.770846+08:00)
2026-07-28 10:19:39,786 [INFO] __main__: Webhook notifier enabled from config.yaml/WEBHOOK_URL
2026-07-28 10:19:39,786 [INFO] src.monitor: Fetching quotes for 5/7 stocks in open markets...
2026-07-28 10:19:40,094 [INFO] src.monitor: A股 | 芯片ETF华夏(159995) 价格:1.2340 涨跌:-3.44% 成交量:3593962
2026-07-28 10:19:40,095 [INFO] src.monitor: A股 | 机器人ETF华夏(562500) 价格:0.9370 涨跌:-0.95% 成交量:1984942
2026-07-28 10:19:40,095 [INFO] src.monitor: A股 | 创新药ETF银华(159992) 价格:0.8460 涨跌:-1.51% 成交量:4373587
2026-07-28 10:19:40,096 [INFO] src.monitor: 港股 | 腾讯控股(00700) 价格:450.0000 涨跌:+1.58% 成交量:3854279
2026-07-28 10:19:40,097 [INFO] src.monitor: 港股 | 阿里巴巴-W(09988) 价格:112.0000 涨跌:+0.90% 成交量:17191406
2026-07-28 10:19:40,097 [INFO] src.monitor: No alerts triggered
2026-07-28 10:19:40,098 [INFO] apscheduler.executors.default: Job "Fetch stock quotes every 10 minutes (trigger: interval[0:10:00], next run at: 2026-07-28 10:29:39 CST)" executed successfully
2026-07-28 10:29:39,782 [INFO] apscheduler.executors.default: Running job "Fetch stock quotes every 10 minutes (trigger: interval[0:10:00], next run at: 2026-07-28 10:39:39 CST)" (scheduled at 2026-07-28 10:29:39.770846+08:00)
2026-07-28 10:29:39,785 [INFO] __main__: Webhook notifier enabled from config.yaml/WEBHOOK_URL
2026-07-28 10:29:39,785 [INFO] src.monitor: Fetching quotes for 5/7 stocks in open markets...
2026-07-28 10:29:40,129 [INFO] src.monitor: A股 | 芯片ETF华夏(159995) 价格:1.2230 涨跌:-4.30% 成交量:3991817
2026-07-28 10:29:40,129 [INFO] src.monitor: A股 | 机器人ETF华夏(562500) 价格:0.9350 涨跌:-1.16% 成交量:2229038
2026-07-28 10:29:40,129 [INFO] src.monitor: A股 | 创新药ETF银华(159992) 价格:0.8440 涨跌:-1.75% 成交量:4729933
2026-07-28 10:29:40,129 [INFO] src.monitor: 港股 | 腾讯控股(00700) 价格:450.6000 涨跌:+1.72% 成交量:4510068
2026-07-28 10:29:40,129 [INFO] src.monitor: 港股 | 阿里巴巴-W(09988) 价格:113.7000 涨跌:+2.43% 成交量:24113041
2026-07-28 10:29:40,129 [INFO] src.monitor: No alerts triggered
2026-07-28 10:29:40,130 [INFO] apscheduler.executors.default: Job "Fetch stock quotes every 10 minutes (trigger: interval[0:10:00], next run at: 2026-07-28 10:39:39 CST)" executed successfully
2026-07-28 10:39:39,781 [INFO] apscheduler.executors.default: Running job "Fetch stock quotes every 10 minutes (trigger: interval[0:10:00], next run at: 2026-07-28 10:49:39 CST)" (scheduled at 2026-07-28 10:39:39.770846+08:00)
2026-07-28 10:39:39,786 [INFO] __main__: Webhook notifier enabled from config.yaml/WEBHOOK_URL
2026-07-28 10:39:39,786 [INFO] src.monitor: Fetching quotes for 5/7 stocks in open markets...
2026-07-28 10:39:40,145 [INFO] src.monitor: A股 | 芯片ETF华夏(159995) 价格:1.2130 涨跌:-5.09% 成交量:4398606
2026-07-28 10:39:40,146 [INFO] src.monitor: A股 | 机器人ETF华夏(562500) 价格:0.9320 涨跌:-1.48% 成交量:2399688
2026-07-28 10:39:40,146 [INFO] src.monitor: A股 | 创新药ETF银华(159992) 价格:0.8410 涨跌:-2.10% 成交量:5146936
2026-07-28 10:39:40,146 [INFO] src.monitor: 港股 | 腾讯控股(00700) 价格:450.6000 涨跌:+1.72% 成交量:5034004
2026-07-28 10:39:40,146 [INFO] src.monitor: 港股 | 阿里巴巴-W(09988) 价格:113.3000 涨跌:+2.07% 成交量:27125565
2026-07-28 10:39:40,146 [INFO] src.monitor: No alerts triggered
2026-07-28 10:39:40,147 [INFO] apscheduler.executors.default: Job "Fetch stock quotes every 10 minutes (trigger: interval[0:10:00], next run at: 2026-07-28 10:49:39 CST)" executed successfully
2026-07-28 10:49:39,793 [INFO] apscheduler.executors.default: Running job "Fetch stock quotes every 10 minutes (trigger: interval[0:10:00], next run at: 2026-07-28 10:59:39 CST)" (scheduled at 2026-07-28 10:49:39.770846+08:00)
2026-07-28 10:49:39,796 [INFO] __main__: Webhook notifier enabled from config.yaml/WEBHOOK_URL
2026-07-28 10:49:39,796 [INFO] src.monitor: Fetching quotes for 5/7 stocks in open markets...
2026-07-28 10:49:40,171 [INFO] src.monitor: A股 | 芯片ETF华夏(159995) 价格:1.2080 涨跌:-5.48% 成交量:4881380
2026-07-28 10:49:40,171 [INFO] src.monitor: A股 | 机器人ETF华夏(562500) 价格:0.9300 涨跌:-1.69% 成交量:2624586
2026-07-28 10:49:40,171 [INFO] src.monitor: A股 | 创新药ETF银华(159992) 价格:0.8400 涨跌:-2.21% 成交量:5608138
2026-07-28 10:49:40,171 [INFO] src.monitor: 港股 | 腾讯控股(00700) 价格:447.2000 涨跌:+0.95% 成交量:5642797
2026-07-28 10:49:40,171 [INFO] src.monitor: 港股 | 阿里巴巴-W(09988) 价格:112.8000 涨跌:+1.62% 成交量:30334369
2026-07-28 10:49:40,171 [INFO] src.monitor: No alerts triggered
2026-07-28 10:49:40,171 [INFO] apscheduler.executors.default: Job "Fetch stock quotes every 10 minutes (trigger: interval[0:10:00], next run at: 2026-07-28 10:59:39 CST)" executed successfully
2026-07-28 10:59:39,808 [INFO] apscheduler.executors.default: Running job "Fetch stock quotes every 10 minutes (trigger: interval[0:10:00], next run at: 2026-07-28 11:09:39 CST)" (scheduled at 2026-07-28 10:59:39.770846+08:00)
2026-07-28 10:59:39,812 [INFO] __main__: Webhook notifier enabled from config.yaml/WEBHOOK_URL
2026-07-28 10:59:39,812 [INFO] src.monitor: Fetching quotes for 5/7 stocks in open markets...
2026-07-28 10:59:40,161 [INFO] src.monitor: A股 | 芯片ETF华夏(159995) 价格:1.2070 涨跌:-5.56% 成交量:5403157
2026-07-28 10:59:40,162 [INFO] src.monitor: A股 | 机器人ETF华夏(562500) 价格:0.9290 涨跌:-1.80% 成交量:2878223
2026-07-28 10:59:40,162 [INFO] src.monitor: A股 | 创新药ETF银华(159992) 价格:0.8390 涨跌:-2.33% 成交量:5840893
2026-07-28 10:59:40,162 [INFO] src.monitor: 港股 | 腾讯控股(00700) 价格:446.6000 涨跌:+0.81% 成交量:6105295
2026-07-28 10:59:40,162 [INFO] src.monitor: 港股 | 阿里巴巴-W(09988) 价格:112.0000 涨跌:+0.90% 成交量:32681989
2026-07-28 10:59:40,163 [INFO] src.monitor: No alerts triggered
2026-07-28 10:59:40,163 [INFO] apscheduler.executors.default: Job "Fetch stock quotes every 10 minutes (trigger: interval[0:10:00], next run at: 2026-07-28 11:09:39 CST)" executed successfully
2026-07-28 11:09:39,785 [INFO] apscheduler.executors.default: Running job "Fetch stock quotes every 10 minutes (trigger: interval[0:10:00], next run at: 2026-07-28 11:19:39 CST)" (scheduled at 2026-07-28 11:09:39.770846+08:00)
2026-07-28 11:09:39,801 [INFO] __main__: Webhook notifier enabled from config.yaml/WEBHOOK_URL
2026-07-28 11:09:39,801 [INFO] src.monitor: Fetching quotes for 5/7 stocks in open markets...
2026-07-28 11:09:40,359 [INFO] src.monitor: A股 | 芯片ETF华夏(159995) 价格:1.2020 涨跌:-5.95% 成交量:5692589
2026-07-28 11:09:40,360 [INFO] src.monitor: A股 | 机器人ETF华夏(562500) 价格:0.9270 涨跌:-2.01% 成交量:3054507
2026-07-28 11:09:40,360 [INFO] src.monitor: A股 | 创新药ETF银华(159992) 价格:0.8410 涨跌:-2.10% 成交量:5997099
2026-07-28 11:09:40,360 [INFO] src.monitor: 港股 | 腾讯控股(00700) 价格:444.4000 涨跌:+0.32% 成交量:6603314
2026-07-28 11:09:40,360 [INFO] src.monitor: 港股 | 阿里巴巴-W(09988) 价格:111.7000 涨跌:+0.63% 成交量:35011921
2026-07-28 11:09:40,360 [INFO] src.monitor: No alerts triggered
2026-07-28 11:09:40,360 [INFO] apscheduler.executors.default: Job "Fetch stock quotes every 10 minutes (trigger: interval[0:10:00], next run at: 2026-07-28 11:19:39 CST)" executed successfully
2026-07-28 11:19:39,781 [INFO] apscheduler.executors.default: Running job "Fetch stock quotes every 10 minutes (trigger: interval[0:10:00], next run at: 2026-07-28 11:29:39 CST)" (scheduled at 2026-07-28 11:19:39.770846+08:00)
2026-07-28 11:19:39,785 [INFO] __main__: Webhook notifier enabled from config.yaml/WEBHOOK_URL
2026-07-28 11:19:39,785 [INFO] src.monitor: Fetching quotes for 5/7 stocks in open markets...
2026-07-28 11:19:40,185 [INFO] src.monitor: A股 | 芯片ETF华夏(159995) 价格:1.2080 涨跌:-5.48% 成交量:5990593
2026-07-28 11:19:40,185 [INFO] src.monitor: A股 | 机器人ETF华夏(562500) 价格:0.9300 涨跌:-1.69% 成交量:3204811
2026-07-28 11:19:40,186 [INFO] src.monitor: A股 | 创新药ETF银华(159992) 价格:0.8440 涨跌:-1.75% 成交量:6158308
2026-07-28 11:19:40,186 [INFO] src.monitor: 港股 | 腾讯控股(00700) 价格:442.2000 涨跌:-0.18% 成交量:7540678
2026-07-28 11:19:40,186 [INFO] src.monitor: 港股 | 阿里巴巴-W(09988) 价格:111.3000 涨跌:+0.27% 成交量:37234824
2026-07-28 11:19:40,186 [INFO] src.monitor: No alerts triggered
2026-07-28 11:19:40,186 [INFO] apscheduler.executors.default: Job "Fetch stock quotes every 10 minutes (trigger: interval[0:10:00], next run at: 2026-07-28 11:29:39 CST)" executed successfully
2026-07-28 11:29:40,242 [INFO] apscheduler.executors.default: Running job "Fetch stock quotes every 10 minutes (trigger: interval[0:10:00], next run at: 2026-07-28 11:29:39 CST)" (scheduled at 2026-07-28 11:29:39.770846+08:00)
2026-07-28 11:29:40,245 [INFO] __main__: Webhook notifier enabled from config.yaml/WEBHOOK_URL
2026-07-28 11:29:40,245 [INFO] src.monitor: Fetching quotes for 5/7 stocks in open markets...
2026-07-28 11:29:40,989 [INFO] src.monitor: A股 | 芯片ETF华夏(159995) 价格:1.2070 涨跌:-5.56% 成交量:6217696
2026-07-28 11:29:40,989 [INFO] src.monitor: A股 | 机器人ETF华夏(562500) 价格:0.9300 涨跌:-1.69% 成交量:3308885
2026-07-28 11:29:40,989 [INFO] src.monitor: A股 | 创新药ETF银华(159992) 价格:0.8430 涨跌:-1.86% 成交量:6321430
2026-07-28 11:29:40,990 [INFO] src.monitor: 港股 | 腾讯控股(00700) 价格:442.4000 涨跌:-0.14% 成交量:8214880
2026-07-28 11:29:40,990 [INFO] src.monitor: 港股 | 阿里巴巴-W(09988) 价格:111.2000 涨跌:+0.18% 成交量:42079404
2026-07-28 11:29:40,990 [INFO] src.monitor: No alerts triggered
2026-07-28 11:29:40,990 [INFO] apscheduler.executors.default: Job "Fetch stock quotes every 10 minutes (trigger: interval[0:10:00], next run at: 2026-07-28 11:39:39 CST)" executed successfully
2026-07-28 11:39:39,775 [INFO] apscheduler.executors.default: Running job "Fetch stock quotes every 10 minutes (trigger: interval[0:10:00], next run at: 2026-07-28 11:49:39 CST)" (scheduled at 2026-07-28 11:39:39.770846+08:00)
2026-07-28 11:39:39,790 [INFO] __main__: Webhook notifier enabled from config.yaml/WEBHOOK_URL
2026-07-28 11:39:39,791 [INFO] src.monitor: Fetching quotes for 2/7 stocks in open markets...
2026-07-28 11:39:40,277 [INFO] src.monitor: 港股 | 腾讯控股(00700) 价格:446.0000 涨跌:+0.68% 成交量:8775992
2026-07-28 11:39:40,277 [INFO] src.monitor: 港股 | 阿里巴巴-W(09988) 价格:112.0000 涨跌:+0.90% 成交量:45552747
2026-07-28 11:39:40,278 [INFO] src.monitor: No alerts triggered
2026-07-28 11:39:40,278 [INFO] apscheduler.executors.default: Job "Fetch stock quotes every 10 minutes (trigger: interval[0:10:00], next run at: 2026-07-28 11:49:39 CST)" executed successfully
2026-07-28 11:49:39,780 [INFO] apscheduler.executors.default: Running job "Fetch stock quotes every 10 minutes (trigger: interval[0:10:00], next run at: 2026-07-28 11:59:39 CST)" (scheduled at 2026-07-28 11:49:39.770846+08:00)
2026-07-28 11:49:39,789 [INFO] __main__: Webhook notifier enabled from config.yaml/WEBHOOK_URL
2026-07-28 11:49:39,789 [INFO] src.monitor: Fetching quotes for 2/7 stocks in open markets...
2026-07-28 11:49:40,098 [INFO] src.monitor: 港股 | 腾讯控股(00700) 价格:445.0000 涨跌:+0.45% 成交量:9163835
2026-07-28 11:49:40,098 [INFO] src.monitor: 港股 | 阿里巴巴-W(09988) 价格:112.1000 涨跌:+0.99% 成交量:48776447
2026-07-28 11:49:40,098 [INFO] src.monitor: No alerts triggered
2026-07-28 11:49:40,098 [INFO] apscheduler.executors.default: Job "Fetch stock quotes every 10 minutes (trigger: interval[0:10:00], next run at: 2026-07-28 11:59:39 CST)" executed successfully
2026-07-28 11:59:39,775 [INFO] apscheduler.executors.default: Running job "Fetch stock quotes every 10 minutes (trigger: interval[0:10:00], next run at: 2026-07-28 12:09:39 CST)" (scheduled at 2026-07-28 11:59:39.770846+08:00)
2026-07-28 11:59:39,781 [INFO] __main__: Webhook notifier enabled from config.yaml/WEBHOOK_URL
2026-07-28 11:59:39,781 [INFO] src.monitor: Fetching quotes for 2/7 stocks in open markets...
2026-07-28 11:59:40,223 [INFO] src.monitor: 港股 | 腾讯控股(00700) 价格:444.0000 涨跌:+0.23% 成交量:9531424
2026-07-28 11:59:40,223 [INFO] src.monitor: 港股 | 阿里巴巴-W(09988) 价格:111.6000 涨跌:+0.54% 成交量:49706447
2026-07-28 11:59:40,223 [INFO] src.monitor: No alerts triggered
2026-07-28 11:59:40,224 [INFO] apscheduler.executors.default: Job "Fetch stock quotes every 10 minutes (trigger: interval[0:10:00], next run at: 2026-07-28 12:09:39 CST)" executed successfully
2026-07-28 12:09:39,895 [INFO] apscheduler.executors.default: Running job "Fetch stock quotes every 10 minutes (trigger: interval[0:10:00], next run at: 2026-07-28 12:19:39 CST)" (scheduled at 2026-07-28 12:09:39.770846+08:00)
2026-07-28 12:09:39,899 [INFO] __main__: Webhook notifier enabled from config.yaml/WEBHOOK_URL
2026-07-28 12:09:39,990 [INFO] src.monitor: Skipping cycle: none of ['A股', '港股', '美股'] is in a trading session
2026-07-28 12:09:39,999 [INFO] apscheduler.executors.default: Job "Fetch stock quotes every 10 minutes (trigger: interval[0:10:00], next run at: 2026-07-28 12:19:39 CST)" executed successfully
2026-07-28 12:19:39,777 [INFO] apscheduler.executors.default: Running job "Fetch stock quotes every 10 minutes (trigger: interval[0:10:00], next run at: 2026-07-28 12:29:39 CST)" (scheduled at 2026-07-28 12:19:39.770846+08:00)
2026-07-28 12:19:39,794 [INFO] __main__: Webhook notifier enabled from config.yaml/WEBHOOK_URL
2026-07-28 12:19:39,794 [INFO] src.monitor: Skipping cycle: none of ['A股', '港股', '美股'] is in a trading session
2026-07-28 12:19:39,794 [INFO] apscheduler.executors.default: Job "Fetch stock quotes every 10 minutes (trigger: interval[0:10:00], next run at: 2026-07-28 12:29:39 CST)" executed successfully
2026-07-28 12:29:39,772 [INFO] apscheduler.executors.default: Running job "Fetch stock quotes every 10 minutes (trigger: interval[0:10:00], next run at: 2026-07-28 12:39:39 CST)" (scheduled at 2026-07-28 12:29:39.770846+08:00)
2026-07-28 12:29:39,777 [INFO] __main__: Webhook notifier enabled from config.yaml/WEBHOOK_URL
2026-07-28 12:29:39,777 [INFO] src.monitor: Skipping cycle: none of ['A股', '港股', '美股'] is in a trading session
2026-07-28 12:29:39,777 [INFO] apscheduler.executors.default: Job "Fetch stock quotes every 10 minutes (trigger: interval[0:10:00], next run at: 2026-07-28 12:39:39 CST)" executed successfully
2026-07-28 12:39:39,773 [INFO] apscheduler.executors.default: Running job "Fetch stock quotes every 10 minutes (trigger: interval[0:10:00], next run at: 2026-07-28 12:49:39 CST)" (scheduled at 2026-07-28 12:39:39.770846+08:00)
2026-07-28 12:39:39,777 [INFO] __main__: Webhook notifier enabled from config.yaml/WEBHOOK_URL
2026-07-28 12:39:39,777 [INFO] src.monitor: Skipping cycle: none of ['A股', '港股', '美股'] is in a trading session
2026-07-28 12:39:39,777 [INFO] apscheduler.executors.default: Job "Fetch stock quotes every 10 minutes (trigger: interval[0:10:00], next run at: 2026-07-28 12:49:39 CST)" executed successfully
2026-07-28 12:46:31,469 [INFO] src.main: Webhook notifier enabled from config.yaml/WEBHOOK_URL
2026-07-28 12:49:39,838 [INFO] apscheduler.executors.default: Running job "Fetch stock quotes every 10 minutes (trigger: interval[0:10:00], next run at: 2026-07-28 12:59:39 CST)" (scheduled at 2026-07-28 12:49:39.770846+08:00)
2026-07-28 12:49:39,843 [INFO] __main__: Webhook notifier enabled from config.yaml/WEBHOOK_URL
2026-07-28 12:49:39,843 [INFO] src.monitor: Skipping cycle: none of ['A股', '港股', '美股'] is in a trading session
2026-07-28 12:49:39,844 [INFO] apscheduler.executors.default: Job "Fetch stock quotes every 10 minutes (trigger: interval[0:10:00], next run at: 2026-07-28 12:59:39 CST)" executed successfully
2026-07-28 12:59:39,781 [INFO] apscheduler.executors.default: Running job "Fetch stock quotes every 10 minutes (trigger: interval[0:10:00], next run at: 2026-07-28 13:09:39 CST)" (scheduled at 2026-07-28 12:59:39.770846+08:00)
2026-07-28 12:59:39,784 [INFO] __main__: Webhook notifier enabled from config.yaml/WEBHOOK_URL
2026-07-28 12:59:39,785 [INFO] src.monitor: Skipping cycle: none of ['A股', '港股', '美股'] is in a trading session
2026-07-28 12:59:39,785 [INFO] apscheduler.executors.default: Job "Fetch stock quotes every 10 minutes (trigger: interval[0:10:00], next run at: 2026-07-28 13:09:39 CST)" executed successfully
2026-07-28 13:09:39,777 [INFO] apscheduler.executors.default: Running job "Fetch stock quotes every 10 minutes (trigger: interval[0:10:00], next run at: 2026-07-28 13:19:39 CST)" (scheduled at 2026-07-28 13:09:39.770846+08:00)
2026-07-28 13:09:39,781 [INFO] __main__: Webhook notifier enabled from config.yaml/WEBHOOK_URL
2026-07-28 13:09:39,781 [INFO] src.monitor: Fetching quotes for 5/7 stocks in open markets...
2026-07-28 13:09:40,882 [INFO] src.monitor: A股 | 芯片ETF华夏(159995) 价格:1.2010 涨跌:-6.03% 成交量:6635051
2026-07-28 13:09:40,883 [INFO] src.monitor: A股 | 机器人ETF华夏(562500) 价格:0.9260 涨跌:-2.11% 成交量:3693099
2026-07-28 13:09:40,883 [INFO] src.monitor: A股 | 创新药ETF银华(159992) 价格:0.8430 涨跌:-1.86% 成交量:6492874
2026-07-28 13:09:40,883 [INFO] src.monitor: 港股 | 腾讯控股(00700) 价格:443.8000 涨跌:+0.18% 成交量:10064535
2026-07-28 13:09:40,883 [INFO] src.monitor: 港股 | 阿里巴巴-W(09988) 价格:111.7000 涨跌:+0.63% 成交量:50689819
2026-07-28 13:09:40,888 [INFO] src.monitor: No alerts triggered
2026-07-28 13:09:40,888 [INFO] apscheduler.executors.default: Job "Fetch stock quotes every 10 minutes (trigger: interval[0:10:00], next run at: 2026-07-28 13:19:39 CST)" executed successfully
2026-07-28 13:19:39,774 [INFO] apscheduler.executors.default: Running job "Fetch stock quotes every 10 minutes (trigger: interval[0:10:00], next run at: 2026-07-28 13:29:39 CST)" (scheduled at 2026-07-28 13:19:39.770846+08:00)
2026-07-28 13:19:39,778 [INFO] __main__: Webhook notifier enabled from config.yaml/WEBHOOK_URL
2026-07-28 13:19:39,778 [INFO] src.monitor: Fetching quotes for 5/7 stocks in open markets...
2026-07-28 13:19:40,507 [INFO] src.monitor: A股 | 芯片ETF华夏(159995) 价格:1.1990 涨跌:-6.18% 成交量:6780782
2026-07-28 13:19:40,508 [INFO] src.monitor: A股 | 机器人ETF华夏(562500) 价格:0.9260 涨跌:-2.11% 成交量:3823665
2026-07-28 13:19:40,508 [INFO] src.monitor: A股 | 创新药ETF银华(159992) 价格:0.8410 涨跌:-2.10% 成交量:6611732
2026-07-28 13:19:40,508 [INFO] src.monitor: 港股 | 腾讯控股(00700) 价格:444.4000 涨跌:+0.32% 成交量:10442537
2026-07-28 13:19:40,508 [INFO] src.monitor: 港股 | 阿里巴巴-W(09988) 价格:111.7000 涨跌:+0.63% 成交量:51589766
2026-07-28 13:19:40,508 [INFO] src.monitor: No alerts triggered
2026-07-28 13:19:40,508 [INFO] apscheduler.executors.default: Job "Fetch stock quotes every 10 minutes (trigger: interval[0:10:00], next run at: 2026-07-28 13:29:39 CST)" executed successfully
2026-07-28 13:29:39,772 [INFO] apscheduler.executors.default: Running job "Fetch stock quotes every 10 minutes (trigger: interval[0:10:00], next run at: 2026-07-28 13:39:39 CST)" (scheduled at 2026-07-28 13:29:39.770846+08:00)
2026-07-28 13:29:39,776 [INFO] __main__: Webhook notifier enabled from config.yaml/WEBHOOK_URL
2026-07-28 13:29:39,776 [INFO] src.monitor: Fetching quotes for 5/7 stocks in open markets...
2026-07-28 13:29:40,110 [INFO] src.monitor: A股 | 芯片ETF华夏(159995) 价格:1.1920 涨跌:-6.73% 成交量:7021192
2026-07-28 13:29:40,110 [INFO] src.monitor: A股 | 机器人ETF华夏(562500) 价格:0.9230 涨跌:-2.43% 成交量:3951956
2026-07-28 13:29:40,111 [INFO] src.monitor: A股 | 创新药ETF银华(159992) 价格:0.8420 涨跌:-1.98% 成交量:6714604
2026-07-28 13:29:40,111 [INFO] src.monitor: 港股 | 腾讯控股(00700) 价格:445.8000 涨跌:+0.63% 成交量:11036824
2026-07-28 13:29:40,111 [INFO] src.monitor: 港股 | 阿里巴巴-W(09988) 价格:112.1000 涨跌:+0.99% 成交量:52195966
2026-07-28 13:29:40,111 [INFO] src.monitor: No alerts triggered
2026-07-28 13:29:40,111 [INFO] apscheduler.executors.default: Job "Fetch stock quotes every 10 minutes (trigger: interval[0:10:00], next run at: 2026-07-28 13:39:39 CST)" executed successfully
2026-07-28 13:39:39,776 [INFO] apscheduler.executors.default: Running job "Fetch stock quotes every 10 minutes (trigger: interval[0:10:00], next run at: 2026-07-28 13:49:39 CST)" (scheduled at 2026-07-28 13:39:39.770846+08:00)
2026-07-28 13:39:39,780 [INFO] __main__: Webhook notifier enabled from config.yaml/WEBHOOK_URL
2026-07-28 13:39:39,780 [INFO] src.monitor: Fetching quotes for 5/7 stocks in open markets...
2026-07-28 13:39:40,266 [INFO] src.monitor: A股 | 芯片ETF华夏(159995) 价格:1.1920 涨跌:-6.73% 成交量:7489530
2026-07-28 13:39:40,267 [INFO] src.monitor: A股 | 机器人ETF华夏(562500) 价格:0.9250 涨跌:-2.22% 成交量:4200737
2026-07-28 13:39:40,268 [INFO] src.monitor: A股 | 创新药ETF银华(159992) 价格:0.8440 涨跌:-1.75% 成交量:6888364
2026-07-28 13:39:40,268 [INFO] src.monitor: 港股 | 腾讯控股(00700) 价格:445.0000 涨跌:+0.45% 成交量:11585524
2026-07-28 13:39:40,269 [INFO] src.monitor: 港股 | 阿里巴巴-W(09988) 价格:112.0000 涨跌:+0.90% 成交量:53030018
2026-07-28 13:39:40,393 [INFO] src.monitor: No alerts triggered
2026-07-28 13:39:40,394 [INFO] apscheduler.executors.default: Job "Fetch stock quotes every 10 minutes (trigger: interval[0:10:00], next run at: 2026-07-28 13:49:39 CST)" executed successfully
2026-07-28 13:49:39,783 [INFO] apscheduler.executors.default: Running job "Fetch stock quotes every 10 minutes (trigger: interval[0:10:00], next run at: 2026-07-28 13:59:39 CST)" (scheduled at 2026-07-28 13:49:39.770846+08:00)
2026-07-28 13:49:39,803 [INFO] __main__: Webhook notifier enabled from config.yaml/WEBHOOK_URL
2026-07-28 13:49:39,803 [INFO] src.monitor: Fetching quotes for 5/7 stocks in open markets...
2026-07-28 13:49:40,201 [INFO] src.monitor: A股 | 芯片ETF华夏(159995) 价格:1.1890 涨跌:-6.96% 成交量:7630381
2026-07-28 13:49:40,202 [INFO] src.monitor: A股 | 机器人ETF华夏(562500) 价格:0.9230 涨跌:-2.43% 成交量:4370298
2026-07-28 13:49:40,202 [INFO] src.monitor: A股 | 创新药ETF银华(159992) 价格:0.8410 涨跌:-2.10% 成交量:7011180
2026-07-28 13:49:40,202 [INFO] src.monitor: 港股 | 腾讯控股(00700) 价格:444.0000 涨跌:+0.23% 成交量:12017489
2026-07-28 13:49:40,202 [INFO] src.monitor: 港股 | 阿里巴巴-W(09988) 价格:111.6000 涨跌:+0.54% 成交量:54124652
2026-07-28 13:49:40,203 [INFO] src.monitor: No alerts triggered
2026-07-28 13:49:40,203 [INFO] apscheduler.executors.default: Job "Fetch stock quotes every 10 minutes (trigger: interval[0:10:00], next run at: 2026-07-28 13:59:39 CST)" executed successfully
2026-07-28 13:59:39,778 [INFO] apscheduler.executors.default: Running job "Fetch stock quotes every 10 minutes (trigger: interval[0:10:00], next run at: 2026-07-28 14:09:39 CST)" (scheduled at 2026-07-28 13:59:39.770846+08:00)
2026-07-28 13:59:39,782 [INFO] __main__: Webhook notifier enabled from config.yaml/WEBHOOK_URL
2026-07-28 13:59:39,783 [INFO] src.monitor: Fetching quotes for 5/7 stocks in open markets...
2026-07-28 13:59:40,430 [INFO] src.monitor: A股 | 芯片ETF华夏(159995) 价格:1.1870 涨跌:-7.12% 成交量:7798309
2026-07-28 13:59:40,430 [INFO] src.monitor: A股 | 机器人ETF华夏(562500) 价格:0.9240 涨跌:-2.33% 成交量:4541609
2026-07-28 13:59:40,430 [INFO] src.monitor: A股 | 创新药ETF银华(159992) 价格:0.8420 涨跌:-1.98% 成交量:7084930
2026-07-28 13:59:40,430 [INFO] src.monitor: 港股 | 腾讯控股(00700) 价格:445.2000 涨跌:+0.50% 成交量:12371107
2026-07-28 13:59:40,430 [INFO] src.monitor: 港股 | 阿里巴巴-W(09988) 价格:111.9000 涨跌:+0.81% 成交量:55604560
2026-07-28 13:59:40,472 [INFO] src.monitor: No alerts triggered
2026-07-28 13:59:40,473 [INFO] apscheduler.executors.default: Job "Fetch stock quotes every 10 minutes (trigger: interval[0:10:00], next run at: 2026-07-28 14:09:39 CST)" executed successfully
2026-07-28 14:09:39,801 [INFO] apscheduler.executors.default: Running job "Fetch stock quotes every 10 minutes (trigger: interval[0:10:00], next run at: 2026-07-28 14:09:39 CST)" (scheduled at 2026-07-28 14:09:39.770846+08:00)
2026-07-28 14:09:39,813 [INFO] __main__: Webhook notifier enabled from config.yaml/WEBHOOK_URL
2026-07-28 14:09:39,813 [INFO] src.monitor: Fetching quotes for 5/7 stocks in open markets...
2026-07-28 14:09:40,680 [INFO] src.monitor: A股 | 芯片ETF华夏(159995) 价格:1.1830 涨跌:-7.43% 成交量:8064374
2026-07-28 14:09:40,680 [INFO] src.monitor: A股 | 机器人ETF华夏(562500) 价格:0.9230 涨跌:-2.43% 成交量:4659174
2026-07-28 14:09:40,681 [INFO] src.monitor: A股 | 创新药ETF银华(159992) 价格:0.8410 涨跌:-2.10% 成交量:7178348
2026-07-28 14:09:40,681 [INFO] src.monitor: 港股 | 腾讯控股(00700) 价格:444.8000 涨跌:+0.41% 成交量:12851099
2026-07-28 14:09:40,681 [INFO] src.monitor: 港股 | 阿里巴巴-W(09988) 价格:111.8000 涨跌:+0.72% 成交量:56303160
2026-07-28 14:09:40,681 [INFO] src.monitor: No alerts triggered
2026-07-28 14:09:40,681 [INFO] apscheduler.executors.default: Job "Fetch stock quotes every 10 minutes (trigger: interval[0:10:00], next run at: 2026-07-28 14:19:39 CST)" executed successfully
2026-07-28 14:12:09,610 [INFO] __main__: ============================================================
2026-07-28 14:12:09,610 [INFO] __main__: Stock Price Monitor starting...
2026-07-28 14:12:09,610 [INFO] __main__: ============================================================
2026-07-28 14:12:09,620 [INFO] __main__: Webhook notifier enabled from config.yaml/WEBHOOK_URL
2026-07-28 14:12:09,620 [INFO] __main__: Running initial fetch...
2026-07-28 14:12:09,624 [INFO] __main__: Webhook notifier enabled from config.yaml/WEBHOOK_URL
2026-07-28 14:12:09,629 [INFO] src.monitor: Fetching quotes for 5/7 stocks in open markets...
2026-07-28 14:12:10,021 [INFO] src.monitor: A股 | 芯片ETF华夏(159995) 价格:1.1810 涨跌:-7.59% 成交量:8186783
2026-07-28 14:12:10,021 [INFO] src.monitor: A股 | 机器人ETF华夏(562500) 价格:0.9230 涨跌:-2.43% 成交量:4677688
2026-07-28 14:12:10,022 [INFO] src.monitor: A股 | 创新药ETF银华(159992) 价格:0.8410 涨跌:-2.10% 成交量:7187217
2026-07-28 14:12:10,022 [INFO] src.monitor: 港股 | 腾讯控股(00700) 价格:444.8000 涨跌:+0.41% 成交量:12947372
2026-07-28 14:12:10,022 [INFO] src.monitor: 港股 | 阿里巴巴-W(09988) 价格:111.6000 涨跌:+0.54% 成交量:56473560
2026-07-28 14:12:10,022 [INFO] src.monitor: No alerts triggered
2026-07-28 14:12:10,031 [INFO] apscheduler.scheduler: Adding job tentatively -- it will be properly scheduled when the scheduler starts
2026-07-28 14:12:10,031 [INFO] __main__: Scheduler started. Next run in 30 minutes. Press Ctrl+C to stop.
2026-07-28 14:12:10,032 [INFO] apscheduler.scheduler: Added job "Fetch stock quotes every 30 minutes" to job store "default"
2026-07-28 14:12:10,032 [INFO] apscheduler.scheduler: Scheduler started
2026-07-28 14:42:10,041 [INFO] apscheduler.executors.default: Running job "Fetch stock quotes every 30 minutes (trigger: interval[0:30:00], next run at: 2026-07-28 14:42:10 CST)" (scheduled at 2026-07-28 14:42:10.031613+08:00)
2026-07-28 14:42:10,045 [INFO] __main__: Webhook notifier enabled from config.yaml/WEBHOOK_URL
2026-07-28 14:42:10,047 [ERROR] src.monitor: Failed to reload paper trading config; keeping previous config: SQLite objects created in a thread can only be used in that same thread. The object was created in thread id 19212 and this is thread id 27176.
2026-07-28 14:42:10,048 [INFO] src.monitor: Fetching quotes for 5/7 stocks in open markets...
2026-07-28 14:42:10,388 [INFO] src.monitor: A股 | 芯片ETF华夏(159995) 价格:1.1700 涨跌:-8.45% 成交量:9422827
2026-07-28 14:42:10,389 [INFO] src.monitor: A股 | 机器人ETF华夏(562500) 价格:0.9200 涨跌:-2.75% 成交量:5648269
2026-07-28 14:42:10,389 [INFO] src.monitor: A股 | 创新药ETF银华(159992) 价格:0.8380 涨跌:-2.44% 成交量:8335831
2026-07-28 14:42:10,389 [INFO] src.monitor: 港股 | 腾讯控股(00700) 价格:445.8000 涨跌:+0.63% 成交量:13811139
2026-07-28 14:42:10,389 [INFO] src.monitor: 港股 | 阿里巴巴-W(09988) 价格:111.5000 涨跌:+0.45% 成交量:58977085
2026-07-28 14:42:10,389 [INFO] src.monitor: No alerts triggered
2026-07-28 14:42:10,391 [ERROR] apscheduler.executors.default: Job "Fetch stock quotes every 30 minutes (trigger: interval[0:30:00], next run at: 2026-07-28 15:12:10 CST)" raised an exception
Traceback (most recent call last):
  File "C:\Users\Administrator\stock-monitor\src\trading_store.py", line 115, in save_quote_snapshots
    self.conn.executemany(
sqlite3.ProgrammingError: SQLite objects created in a thread can only be used in that same thread. The object was created in thread id 19212 and this is thread id 27176.

During handling of the above exception, another exception occurred:

Traceback (most recent call last):
  File "C:\Python311\Lib\site-packages\apscheduler\executors\base.py", line 131, in run_job
    retval = job.func(*job.args, **job.kwargs)
             ^^^^^^^^^^^^^^^^^^^^^^^^^^^^^^^^^
  File "C:\Users\Administrator\stock-monitor\src\monitor.py", line 109, in run_once
    trade_messages = self.trading_service.process(quotes)
                     ^^^^^^^^^^^^^^^^^^^^^^^^^^^^^^^^^^^^
  File "C:\Users\Administrator\stock-monitor\src\paper_trading.py", line 154, in process
    self.store.save_quote_snapshots(quotes)
  File "C:\Users\Administrator\stock-monitor\src\trading_store.py", line 114, in save_quote_snapshots
    with self.conn:
sqlite3.ProgrammingError: SQLite objects created in a thread can only be used in that same thread. The object was created in thread id 19212 and this is thread id 27176.
2026-07-28 15:09:17,372 [INFO] __main__: ============================================================
2026-07-28 15:09:17,373 [INFO] __main__: Stock Price Monitor starting...
2026-07-28 15:09:17,373 [INFO] __main__: ============================================================
2026-07-28 15:09:17,381 [INFO] __main__: Webhook notifier enabled from config.yaml/WEBHOOK_URL
2026-07-28 15:09:17,381 [INFO] __main__: Running initial fetch...
2026-07-28 15:09:17,386 [INFO] __main__: Webhook notifier enabled from config.yaml/WEBHOOK_URL
2026-07-28 15:09:17,389 [INFO] src.monitor: Fetching quotes for 2/7 stocks in open markets...
2026-07-28 15:09:17,933 [INFO] src.monitor: 港股 | 腾讯控股(00700) 价格:446.8000 涨跌:+0.86% 成交量:14645446
2026-07-28 15:09:17,933 [INFO] src.monitor: 港股 | 阿里巴巴-W(09988) 价格:111.7000 涨跌:+0.63% 成交量:62373293
2026-07-28 15:09:17,933 [INFO] src.monitor: No alerts triggered
2026-07-28 15:09:17,941 [INFO] apscheduler.scheduler: Adding job tentatively -- it will be properly scheduled when the scheduler starts
2026-07-28 15:09:17,942 [INFO] __main__: Scheduler started. Next run in 30 minutes. Press Ctrl+C to stop.
2026-07-28 15:09:17,943 [INFO] apscheduler.scheduler: Added job "Fetch stock quotes every 30 minutes" to job store "default"
2026-07-28 15:09:17,944 [INFO] apscheduler.scheduler: Scheduler started
2026-07-28 15:19:08,811 [INFO] src.main: Seeded 7 watchlist item(s) into SQLite
2026-07-28 15:19:08,815 [INFO] src.main: Seeded 3 alert rule(s) into SQLite
2026-07-28 15:19:08,819 [INFO] src.main: Webhook notifier enabled from config.yaml/WEBHOOK_URL
2026-07-28 15:34:22,252 [INFO] __main__: ============================================================
2026-07-28 15:34:22,252 [INFO] __main__: Stock Price Monitor starting...
2026-07-28 15:34:22,252 [INFO] __main__: ============================================================
2026-07-28 15:34:22,262 [INFO] __main__: Webhook notifier enabled from config.yaml/WEBHOOK_URL
2026-07-28 15:34:22,262 [INFO] __main__: Running initial fetch...
2026-07-28 15:34:22,264 [INFO] __main__: Webhook notifier enabled from config.yaml/WEBHOOK_URL
2026-07-28 15:34:22,267 [INFO] src.monitor: Fetching quotes for 2/7 stocks in open markets...
2026-07-28 15:34:22,761 [INFO] src.monitor: 港股 | 腾讯控股(00700) 价格:447.2000 涨跌:+0.95% 成交量:15285981
2026-07-28 15:34:22,761 [INFO] src.monitor: 港股 | 阿里巴巴-W(09988) 价格:112.1000 涨跌:+0.99% 成交量:65279694
2026-07-28 15:34:22,762 [INFO] src.monitor: No alerts triggered
2026-07-28 15:34:22,766 [INFO] apscheduler.scheduler: Adding job tentatively -- it will be properly scheduled when the scheduler starts
2026-07-28 15:34:22,767 [INFO] __main__: Scheduler started. Next run in 30 minutes. Press Ctrl+C to stop.
2026-07-28 15:34:22,767 [INFO] apscheduler.scheduler: Added job "Fetch stock quotes every 30 minutes" to job store "default"
2026-07-28 15:34:22,767 [INFO] apscheduler.scheduler: Scheduler started
2026-07-28 15:57:17,654 [INFO] src.main: Webhook notifier enabled from config.yaml/WEBHOOK_URL
2026-07-28 15:57:17,655 [INFO] src.monitor: Fetching 3 market index snapshot(s)...
2026-07-28 15:57:18,049 [INFO] src.monitor: Saved 3/3 market index daily snapshot(s)
2026-07-28 16:04:22,784 [INFO] apscheduler.executors.default: Running job "Fetch stock quotes every 30 minutes (trigger: interval[0:30:00], next run at: 2026-07-28 16:04:22 CST)" (scheduled at 2026-07-28 16:04:22.766288+08:00)
2026-07-28 16:04:22,784 [ERROR] src.monitor: Failed to reload runtime watchlist from SQLite; keeping previous stocks: SQLite objects created in a thread can only be used in that same thread. The object was created in thread id 25680 and this is thread id 2736.
2026-07-28 16:04:22,785 [ERROR] src.monitor: Failed to reload runtime alerts from SQLite; keeping previous rules: SQLite objects created in a thread can only be used in that same thread. The object was created in thread id 25680 and this is thread id 2736.
2026-07-28 16:04:22,786 [INFO] __main__: Webhook notifier enabled from config.yaml/WEBHOOK_URL
2026-07-28 16:04:22,788 [ERROR] src.monitor: Failed to reload paper trading config; keeping previous config: SQLite objects created in a thread can only be used in that same thread. The object was created in thread id 25680 and this is thread id 2736.
2026-07-28 16:04:22,789 [INFO] src.monitor: Skipping cycle: none of ['A股', '港股', '美股'] is in a trading session
2026-07-28 16:04:22,789 [INFO] apscheduler.executors.default: Job "Fetch stock quotes every 30 minutes (trigger: interval[0:30:00], next run at: 2026-07-28 16:34:22 CST)" executed successfully
2026-07-28 16:16:55,013 [INFO] __main__: ============================================================
2026-07-28 16:16:55,015 [INFO] __main__: Stock Price Monitor starting...
2026-07-28 16:16:55,015 [INFO] __main__: ============================================================
2026-07-28 16:16:55,030 [INFO] __main__: Webhook notifier enabled from config.yaml/WEBHOOK_URL
2026-07-28 16:16:55,031 [INFO] __main__: Running initial fetch...
2026-07-28 16:16:55,035 [INFO] __main__: Webhook notifier enabled from config.yaml/WEBHOOK_URL
2026-07-28 16:16:55,039 [INFO] src.monitor: Skipping stock cycle: none of ['A股', '港股', '美股'] is in a trading session
2026-07-28 16:16:55,044 [INFO] apscheduler.scheduler: Adding job tentatively -- it will be properly scheduled when the scheduler starts
2026-07-28 16:16:55,044 [INFO] __main__: Scheduler started. Next run in 30 minutes. Press Ctrl+C to stop.
2026-07-28 16:16:55,046 [INFO] apscheduler.scheduler: Added job "Fetch stock quotes every 30 minutes" to job store "default"
2026-07-28 16:16:55,046 [INFO] apscheduler.scheduler: Scheduler started
2026-07-28 16:20:25,827 [INFO] src.main: Webhook notifier enabled from config.yaml/WEBHOOK_URL
2026-07-28 16:46:55,048 [INFO] apscheduler.executors.default: Running job "Fetch stock quotes every 30 minutes (trigger: interval[0:30:00], next run at: 2026-07-28 16:46:55 CST)" (scheduled at 2026-07-28 16:46:55.044074+08:00)
2026-07-28 16:46:55,049 [ERROR] src.monitor: Failed to reload runtime watchlist from SQLite; keeping previous stocks: SQLite objects created in a thread can only be used in that same thread. The object was created in thread id 28532 and this is thread id 23304.
2026-07-28 16:46:55,049 [ERROR] src.monitor: Failed to reload runtime alerts from SQLite; keeping previous rules: SQLite objects created in a thread can only be used in that same thread. The object was created in thread id 28532 and this is thread id 23304.
2026-07-28 16:46:55,051 [INFO] __main__: Webhook notifier enabled from config.yaml/WEBHOOK_URL
2026-07-28 16:46:55,054 [ERROR] src.monitor: Failed to reload paper trading config; keeping previous config: SQLite objects created in a thread can only be used in that same thread. The object was created in thread id 28532 and this is thread id 23304.
2026-07-28 16:46:55,054 [INFO] src.monitor: Skipping stock cycle: none of ['A股', '港股', '美股'] is in a trading session
2026-07-28 16:46:55,054 [INFO] apscheduler.executors.default: Job "Fetch stock quotes every 30 minutes (trigger: interval[0:30:00], next run at: 2026-07-28 17:16:55 CST)" executed successfully
2026-07-28 17:16:55,054 [INFO] apscheduler.executors.default: Running job "Fetch stock quotes every 30 minutes (trigger: interval[0:30:00], next run at: 2026-07-28 17:46:55 CST)" (scheduled at 2026-07-28 17:16:55.044074+08:00)
2026-07-28 17:16:55,054 [ERROR] src.monitor: Failed to reload runtime watchlist from SQLite; keeping previous stocks: SQLite objects created in a thread can only be used in that same thread. The object was created in thread id 28532 and this is thread id 23304.
2026-07-28 17:16:55,054 [ERROR] src.monitor: Failed to reload runtime alerts from SQLite; keeping previous rules: SQLite objects created in a thread can only be used in that same thread. The object was created in thread id 28532 and this is thread id 23304.
2026-07-28 17:16:55,057 [INFO] __main__: Webhook notifier enabled from config.yaml/WEBHOOK_URL
2026-07-28 17:16:55,059 [ERROR] src.monitor: Failed to reload paper trading config; keeping previous config: SQLite objects created in a thread can only be used in that same thread. The object was created in thread id 28532 and this is thread id 23304.
2026-07-28 17:16:55,060 [INFO] src.monitor: Skipping stock cycle: none of ['A股', '港股', '美股'] is in a trading session
2026-07-28 17:16:55,060 [INFO] apscheduler.executors.default: Job "Fetch stock quotes every 30 minutes (trigger: interval[0:30:00], next run at: 2026-07-28 17:46:55 CST)" executed successfully
2026-07-28 17:46:55,158 [INFO] apscheduler.executors.default: Running job "Fetch stock quotes every 30 minutes (trigger: interval[0:30:00], next run at: 2026-07-28 18:16:55 CST)" (scheduled at 2026-07-28 17:46:55.044074+08:00)
2026-07-28 17:46:55,158 [ERROR] src.monitor: Failed to reload runtime watchlist from SQLite; keeping previous stocks: SQLite objects created in a thread can only be used in that same thread. The object was created in thread id 28532 and this is thread id 23304.
2026-07-28 17:46:55,158 [ERROR] src.monitor: Failed to reload runtime alerts from SQLite; keeping previous rules: SQLite objects created in a thread can only be used in that same thread. The object was created in thread id 28532 and this is thread id 23304.
2026-07-28 17:46:55,215 [INFO] __main__: Webhook notifier enabled from config.yaml/WEBHOOK_URL
2026-07-28 17:46:55,230 [ERROR] src.monitor: Failed to reload paper trading config; keeping previous config: SQLite objects created in a thread can only be used in that same thread. The object was created in thread id 28532 and this is thread id 23304.
2026-07-28 17:46:55,230 [INFO] src.monitor: Skipping stock cycle: none of ['A股', '港股', '美股'] is in a trading session
2026-07-28 17:46:55,230 [INFO] apscheduler.executors.default: Job "Fetch stock quotes every 30 minutes (trigger: interval[0:30:00], next run at: 2026-07-28 18:16:55 CST)" executed successfully
2026-07-28 18:12:11,362 [INFO] __main__: ============================================================
2026-07-28 18:12:11,362 [INFO] __main__: Stock Price Monitor starting...
2026-07-28 18:12:11,362 [INFO] __main__: ============================================================
2026-07-28 18:12:11,375 [INFO] __main__: Webhook notifier enabled from config.yaml/WEBHOOK_URL
2026-07-28 18:12:11,376 [INFO] __main__: Running initial fetch...
2026-07-28 18:12:11,379 [INFO] __main__: Webhook notifier enabled from config.yaml/WEBHOOK_URL
2026-07-28 18:12:11,381 [INFO] src.monitor: Skipping stock cycle: none of ['A股', '港股', '美股'] is in a trading session
2026-07-28 18:12:11,390 [INFO] apscheduler.scheduler: Adding job tentatively -- it will be properly scheduled when the scheduler starts
2026-07-28 18:12:11,390 [INFO] __main__: Scheduler started. Next run in 30 minutes. Press Ctrl+C to stop.
2026-07-28 18:12:11,391 [INFO] apscheduler.scheduler: Added job "Fetch stock quotes every 30 minutes" to job store "default"
2026-07-28 18:12:11,391 [INFO] apscheduler.scheduler: Scheduler started
2026-07-28 18:12:34,476 [INFO] __main__: ============================================================
2026-07-28 18:12:34,476 [INFO] __main__: Stock Price Monitor starting...
2026-07-28 18:12:34,476 [INFO] __main__: ============================================================
2026-07-28 18:12:34,488 [INFO] __main__: Webhook notifier enabled from config.yaml/WEBHOOK_URL
2026-07-28 18:12:34,490 [INFO] __main__: Running initial fetch...
2026-07-28 18:12:34,492 [INFO] __main__: Webhook notifier enabled from config.yaml/WEBHOOK_URL
2026-07-28 18:12:34,496 [INFO] src.monitor: Skipping stock cycle: none of ['A股', '港股', '美股'] is in a trading session
2026-07-28 18:12:34,498 [INFO] apscheduler.scheduler: Adding job tentatively -- it will be properly scheduled when the scheduler starts
2026-07-28 18:12:34,498 [INFO] __main__: Scheduler started. Next run in 10 minutes. Press Ctrl+C to stop.
2026-07-28 18:12:34,499 [INFO] apscheduler.scheduler: Added job "Fetch stock quotes every 10 minutes" to job store "default"
2026-07-28 18:12:34,500 [INFO] apscheduler.scheduler: Scheduler started
2026-07-28 18:22:34,500 [INFO] apscheduler.executors.default: Running job "Fetch stock quotes every 10 minutes (trigger: interval[0:10:00], next run at: 2026-07-28 18:22:34 CST)" (scheduled at 2026-07-28 18:22:34.498010+08:00)
2026-07-28 18:22:34,500 [ERROR] src.monitor: Failed to reload runtime watchlist from SQLite; keeping previous stocks: SQLite objects created in a thread can only be used in that same thread. The object was created in thread id 4420 and this is thread id 20500.
2026-07-28 18:22:34,500 [ERROR] src.monitor: Failed to reload runtime alerts from SQLite; keeping previous rules: SQLite objects created in a thread can only be used in that same thread. The object was created in thread id 4420 and this is thread id 20500.
2026-07-28 18:22:34,503 [INFO] __main__: Webhook notifier enabled from config.yaml/WEBHOOK_URL
2026-07-28 18:22:34,505 [ERROR] src.monitor: Failed to reload paper trading config; keeping previous config: SQLite objects created in a thread can only be used in that same thread. The object was created in thread id 4420 and this is thread id 20500.
2026-07-28 18:22:34,505 [INFO] src.monitor: Skipping stock cycle: none of ['A股', '港股', '美股'] is in a trading session
2026-07-28 18:22:34,505 [INFO] apscheduler.executors.default: Job "Fetch stock quotes every 10 minutes (trigger: interval[0:10:00], next run at: 2026-07-28 18:32:34 CST)" executed successfully
2026-07-28 18:32:34,504 [INFO] apscheduler.executors.default: Running job "Fetch stock quotes every 10 minutes (trigger: interval[0:10:00], next run at: 2026-07-28 18:42:34 CST)" (scheduled at 2026-07-28 18:32:34.498010+08:00)
2026-07-28 18:32:34,504 [ERROR] src.monitor: Failed to reload runtime watchlist from SQLite; keeping previous stocks: SQLite objects created in a thread can only be used in that same thread. The object was created in thread id 4420 and this is thread id 20500.
2026-07-28 18:32:34,505 [ERROR] src.monitor: Failed to reload runtime alerts from SQLite; keeping previous rules: SQLite objects created in a thread can only be used in that same thread. The object was created in thread id 4420 and this is thread id 20500.
2026-07-28 18:32:34,507 [INFO] __main__: Webhook notifier enabled from config.yaml/WEBHOOK_URL
2026-07-28 18:32:34,510 [ERROR] src.monitor: Failed to reload paper trading config; keeping previous config: SQLite objects created in a thread can only be used in that same thread. The object was created in thread id 4420 and this is thread id 20500.
2026-07-28 18:32:34,510 [INFO] src.monitor: Skipping stock cycle: none of ['A股', '港股', '美股'] is in a trading session
2026-07-28 18:32:34,511 [INFO] apscheduler.executors.default: Job "Fetch stock quotes every 10 minutes (trigger: interval[0:10:00], next run at: 2026-07-28 18:42:34 CST)" executed successfully
2026-07-28 18:42:34,514 [INFO] apscheduler.executors.default: Running job "Fetch stock quotes every 10 minutes (trigger: interval[0:10:00], next run at: 2026-07-28 18:52:34 CST)" (scheduled at 2026-07-28 18:42:34.498010+08:00)
2026-07-28 18:42:34,514 [ERROR] src.monitor: Failed to reload runtime watchlist from SQLite; keeping previous stocks: SQLite objects created in a thread can only be used in that same thread. The object was created in thread id 4420 and this is thread id 20500.
2026-07-28 18:42:34,514 [ERROR] src.monitor: Failed to reload runtime alerts from SQLite; keeping previous rules: SQLite objects created in a thread can only be used in that same thread. The object was created in thread id 4420 and this is thread id 20500.
2026-07-28 18:42:34,517 [INFO] __main__: Webhook notifier enabled from config.yaml/WEBHOOK_URL
2026-07-28 18:42:34,520 [ERROR] src.monitor: Failed to reload paper trading config; keeping previous config: SQLite objects created in a thread can only be used in that same thread. The object was created in thread id 4420 and this is thread id 20500.
2026-07-28 18:42:34,520 [INFO] src.monitor: Skipping stock cycle: none of ['A股', '港股', '美股'] is in a trading session
2026-07-28 18:42:34,520 [INFO] apscheduler.executors.default: Job "Fetch stock quotes every 10 minutes (trigger: interval[0:10:00], next run at: 2026-07-28 18:52:34 CST)" executed successfully
2026-07-28 18:52:34,505 [INFO] apscheduler.executors.default: Running job "Fetch stock quotes every 10 minutes (trigger: interval[0:10:00], next run at: 2026-07-28 19:02:34 CST)" (scheduled at 2026-07-28 18:52:34.498010+08:00)
2026-07-28 18:52:34,505 [ERROR] src.monitor: Failed to reload runtime watchlist from SQLite; keeping previous stocks: SQLite objects created in a thread can only be used in that same thread. The object was created in thread id 4420 and this is thread id 20500.
2026-07-28 18:52:34,505 [ERROR] src.monitor: Failed to reload runtime alerts from SQLite; keeping previous rules: SQLite objects created in a thread can only be used in that same thread. The object was created in thread id 4420 and this is thread id 20500.
2026-07-28 18:52:34,510 [INFO] __main__: Webhook notifier enabled from config.yaml/WEBHOOK_URL
2026-07-28 18:52:34,513 [ERROR] src.monitor: Failed to reload paper trading config; keeping previous config: SQLite objects created in a thread can only be used in that same thread. The object was created in thread id 4420 and this is thread id 20500.
2026-07-28 18:52:34,513 [INFO] src.monitor: Skipping stock cycle: none of ['A股', '港股', '美股'] is in a trading session
2026-07-28 18:52:34,513 [INFO] apscheduler.executors.default: Job "Fetch stock quotes every 10 minutes (trigger: interval[0:10:00], next run at: 2026-07-28 19:02:34 CST)" executed successfully
2026-07-28 19:02:34,501 [INFO] apscheduler.executors.default: Running job "Fetch stock quotes every 10 minutes (trigger: interval[0:10:00], next run at: 2026-07-28 19:12:34 CST)" (scheduled at 2026-07-28 19:02:34.498010+08:00)
2026-07-28 19:02:34,501 [ERROR] src.monitor: Failed to reload runtime watchlist from SQLite; keeping previous stocks: SQLite objects created in a thread can only be used in that same thread. The object was created in thread id 4420 and this is thread id 20500.
2026-07-28 19:02:34,501 [ERROR] src.monitor: Failed to reload runtime alerts from SQLite; keeping previous rules: SQLite objects created in a thread can only be used in that same thread. The object was created in thread id 4420 and this is thread id 20500.
2026-07-28 19:02:34,504 [INFO] __main__: Webhook notifier enabled from config.yaml/WEBHOOK_URL
2026-07-28 19:02:34,506 [ERROR] src.monitor: Failed to reload paper trading config; keeping previous config: SQLite objects created in a thread can only be used in that same thread. The object was created in thread id 4420 and this is thread id 20500.
2026-07-28 19:02:34,506 [INFO] src.monitor: Skipping stock cycle: none of ['A股', '港股', '美股'] is in a trading session
2026-07-28 19:02:34,506 [INFO] apscheduler.executors.default: Job "Fetch stock quotes every 10 minutes (trigger: interval[0:10:00], next run at: 2026-07-28 19:12:34 CST)" executed successfully
2026-07-28 19:12:34,501 [INFO] apscheduler.executors.default: Running job "Fetch stock quotes every 10 minutes (trigger: interval[0:10:00], next run at: 2026-07-28 19:22:34 CST)" (scheduled at 2026-07-28 19:12:34.498010+08:00)
2026-07-28 19:12:34,501 [ERROR] src.monitor: Failed to reload runtime watchlist from SQLite; keeping previous stocks: SQLite objects created in a thread can only be used in that same thread. The object was created in thread id 4420 and this is thread id 20500.
2026-07-28 19:12:34,502 [ERROR] src.monitor: Failed to reload runtime alerts from SQLite; keeping previous rules: SQLite objects created in a thread can only be used in that same thread. The object was created in thread id 4420 and this is thread id 20500.
2026-07-28 19:12:34,505 [INFO] __main__: Webhook notifier enabled from config.yaml/WEBHOOK_URL
2026-07-28 19:12:34,507 [ERROR] src.monitor: Failed to reload paper trading config; keeping previous config: SQLite objects created in a thread can only be used in that same thread. The object was created in thread id 4420 and this is thread id 20500.
2026-07-28 19:12:34,507 [INFO] src.monitor: Skipping stock cycle: none of ['A股', '港股', '美股'] is in a trading session
2026-07-28 19:12:34,507 [INFO] apscheduler.executors.default: Job "Fetch stock quotes every 10 minutes (trigger: interval[0:10:00], next run at: 2026-07-28 19:22:34 CST)" executed successfully
2026-07-28 19:22:34,502 [INFO] apscheduler.executors.default: Running job "Fetch stock quotes every 10 minutes (trigger: interval[0:10:00], next run at: 2026-07-28 19:32:34 CST)" (scheduled at 2026-07-28 19:22:34.498010+08:00)
2026-07-28 19:22:34,503 [ERROR] src.monitor: Failed to reload runtime watchlist from SQLite; keeping previous stocks: SQLite objects created in a thread can only be used in that same thread. The object was created in thread id 4420 and this is thread id 20500.
2026-07-28 19:22:34,503 [ERROR] src.monitor: Failed to reload runtime alerts from SQLite; keeping previous rules: SQLite objects created in a thread can only be used in that same thread. The object was created in thread id 4420 and this is thread id 20500.
2026-07-28 19:22:34,505 [INFO] __main__: Webhook notifier enabled from config.yaml/WEBHOOK_URL
2026-07-28 19:22:34,508 [ERROR] src.monitor: Failed to reload paper trading config; keeping previous config: SQLite objects created in a thread can only be used in that same thread. The object was created in thread id 4420 and this is thread id 20500.
2026-07-28 19:22:34,508 [INFO] src.monitor: Skipping stock cycle: none of ['A股', '港股', '美股'] is in a trading session
2026-07-28 19:22:34,508 [INFO] apscheduler.executors.default: Job "Fetch stock quotes every 10 minutes (trigger: interval[0:10:00], next run at: 2026-07-28 19:32:34 CST)" executed successfully
2026-07-28 19:32:34,511 [INFO] apscheduler.executors.default: Running job "Fetch stock quotes every 10 minutes (trigger: interval[0:10:00], next run at: 2026-07-28 19:42:34 CST)" (scheduled at 2026-07-28 19:32:34.498010+08:00)
2026-07-28 19:32:34,511 [ERROR] src.monitor: Failed to reload runtime watchlist from SQLite; keeping previous stocks: SQLite objects created in a thread can only be used in that same thread. The object was created in thread id 4420 and this is thread id 20500.
2026-07-28 19:32:34,511 [ERROR] src.monitor: Failed to reload runtime alerts from SQLite; keeping previous rules: SQLite objects created in a thread can only be used in that same thread. The object was created in thread id 4420 and this is thread id 20500.
2026-07-28 19:32:34,513 [INFO] __main__: Webhook notifier enabled from config.yaml/WEBHOOK_URL
2026-07-28 19:32:34,515 [ERROR] src.monitor: Failed to reload paper trading config; keeping previous config: SQLite objects created in a thread can only be used in that same thread. The object was created in thread id 4420 and this is thread id 20500.
2026-07-28 19:32:34,515 [INFO] src.monitor: Skipping stock cycle: none of ['A股', '港股', '美股'] is in a trading session
2026-07-28 19:32:34,515 [INFO] apscheduler.executors.default: Job "Fetch stock quotes every 10 minutes (trigger: interval[0:10:00], next run at: 2026-07-28 19:42:34 CST)" executed successfully
2026-07-28 19:42:34,511 [INFO] apscheduler.executors.default: Running job "Fetch stock quotes every 10 minutes (trigger: interval[0:10:00], next run at: 2026-07-28 19:52:34 CST)" (scheduled at 2026-07-28 19:42:34.498010+08:00)
2026-07-28 19:42:34,511 [ERROR] src.monitor: Failed to reload runtime watchlist from SQLite; keeping previous stocks: SQLite objects created in a thread can only be used in that same thread. The object was created in thread id 4420 and this is thread id 20500.
2026-07-28 19:42:34,511 [ERROR] src.monitor: Failed to reload runtime alerts from SQLite; keeping previous rules: SQLite objects created in a thread can only be used in that same thread. The object was created in thread id 4420 and this is thread id 20500.
2026-07-28 19:42:34,514 [INFO] __main__: Webhook notifier enabled from config.yaml/WEBHOOK_URL
2026-07-28 19:42:34,518 [ERROR] src.monitor: Failed to reload paper trading config; keeping previous config: SQLite objects created in a thread can only be used in that same thread. The object was created in thread id 4420 and this is thread id 20500.
2026-07-28 19:42:34,519 [INFO] src.monitor: Skipping stock cycle: none of ['A股', '港股', '美股'] is in a trading session
2026-07-28 19:42:34,519 [INFO] apscheduler.executors.default: Job "Fetch stock quotes every 10 minutes (trigger: interval[0:10:00], next run at: 2026-07-28 19:52:34 CST)" executed successfully
2026-07-28 19:52:34,504 [INFO] apscheduler.executors.default: Running job "Fetch stock quotes every 10 minutes (trigger: interval[0:10:00], next run at: 2026-07-28 20:02:34 CST)" (scheduled at 2026-07-28 19:52:34.498010+08:00)
2026-07-28 19:52:34,505 [ERROR] src.monitor: Failed to reload runtime watchlist from SQLite; keeping previous stocks: SQLite objects created in a thread can only be used in that same thread. The object was created in thread id 4420 and this is thread id 20500.
2026-07-28 19:52:34,506 [ERROR] src.monitor: Failed to reload runtime alerts from SQLite; keeping previous rules: SQLite objects created in a thread can only be used in that same thread. The object was created in thread id 4420 and this is thread id 20500.
2026-07-28 19:52:34,517 [INFO] __main__: Webhook notifier enabled from config.yaml/WEBHOOK_URL
2026-07-28 19:52:34,522 [ERROR] src.monitor: Failed to reload paper trading config; keeping previous config: SQLite objects created in a thread can only be used in that same thread. The object was created in thread id 4420 and this is thread id 20500.
2026-07-28 19:52:34,523 [INFO] src.monitor: Skipping stock cycle: none of ['A股', '港股', '美股'] is in a trading session
2026-07-28 19:52:34,523 [INFO] apscheduler.executors.default: Job "Fetch stock quotes every 10 minutes (trigger: interval[0:10:00], next run at: 2026-07-28 20:02:34 CST)" executed successfully
2026-07-28 20:02:34,503 [INFO] apscheduler.executors.default: Running job "Fetch stock quotes every 10 minutes (trigger: interval[0:10:00], next run at: 2026-07-28 20:12:34 CST)" (scheduled at 2026-07-28 20:02:34.498010+08:00)
2026-07-28 20:02:34,504 [ERROR] src.monitor: Failed to reload runtime watchlist from SQLite; keeping previous stocks: SQLite objects created in a thread can only be used in that same thread. The object was created in thread id 4420 and this is thread id 20500.
2026-07-28 20:02:34,505 [ERROR] src.monitor: Failed to reload runtime alerts from SQLite; keeping previous rules: SQLite objects created in a thread can only be used in that same thread. The object was created in thread id 4420 and this is thread id 20500.
2026-07-28 20:02:34,510 [INFO] __main__: Webhook notifier enabled from config.yaml/WEBHOOK_URL
2026-07-28 20:02:34,512 [ERROR] src.monitor: Failed to reload paper trading config; keeping previous config: SQLite objects created in a thread can only be used in that same thread. The object was created in thread id 4420 and this is thread id 20500.
2026-07-28 20:02:34,513 [INFO] src.monitor: Skipping stock cycle: none of ['A股', '港股', '美股'] is in a trading session
2026-07-28 20:02:34,513 [INFO] apscheduler.executors.default: Job "Fetch stock quotes every 10 minutes (trigger: interval[0:10:00], next run at: 2026-07-28 20:12:34 CST)" executed successfully
2026-07-28 20:12:34,507 [INFO] apscheduler.executors.default: Running job "Fetch stock quotes every 10 minutes (trigger: interval[0:10:00], next run at: 2026-07-28 20:22:34 CST)" (scheduled at 2026-07-28 20:12:34.498010+08:00)
2026-07-28 20:12:34,507 [ERROR] src.monitor: Failed to reload runtime watchlist from SQLite; keeping previous stocks: SQLite objects created in a thread can only be used in that same thread. The object was created in thread id 4420 and this is thread id 20500.
2026-07-28 20:12:34,507 [ERROR] src.monitor: Failed to reload runtime alerts from SQLite; keeping previous rules: SQLite objects created in a thread can only be used in that same thread. The object was created in thread id 4420 and this is thread id 20500.
2026-07-28 20:12:34,510 [INFO] __main__: Webhook notifier enabled from config.yaml/WEBHOOK_URL
2026-07-28 20:12:34,512 [ERROR] src.monitor: Failed to reload paper trading config; keeping previous config: SQLite objects created in a thread can only be used in that same thread. The object was created in thread id 4420 and this is thread id 20500.
2026-07-28 20:12:34,512 [INFO] src.monitor: Skipping stock cycle: none of ['A股', '港股', '美股'] is in a trading session
2026-07-28 20:12:34,512 [INFO] apscheduler.executors.default: Job "Fetch stock quotes every 10 minutes (trigger: interval[0:10:00], next run at: 2026-07-28 20:22:34 CST)" executed successfully
2026-07-28 20:22:34,501 [INFO] apscheduler.executors.default: Running job "Fetch stock quotes every 10 minutes (trigger: interval[0:10:00], next run at: 2026-07-28 20:32:34 CST)" (scheduled at 2026-07-28 20:22:34.498010+08:00)
2026-07-28 20:22:34,502 [ERROR] src.monitor: Failed to reload runtime watchlist from SQLite; keeping previous stocks: SQLite objects created in a thread can only be used in that same thread. The object was created in thread id 4420 and this is thread id 20500.
2026-07-28 20:22:34,502 [ERROR] src.monitor: Failed to reload runtime alerts from SQLite; keeping previous rules: SQLite objects created in a thread can only be used in that same thread. The object was created in thread id 4420 and this is thread id 20500.
2026-07-28 20:22:34,507 [INFO] __main__: Webhook notifier enabled from config.yaml/WEBHOOK_URL
2026-07-28 20:22:34,510 [ERROR] src.monitor: Failed to reload paper trading config; keeping previous config: SQLite objects created in a thread can only be used in that same thread. The object was created in thread id 4420 and this is thread id 20500.
2026-07-28 20:22:34,510 [INFO] src.monitor: Skipping stock cycle: none of ['A股', '港股', '美股'] is in a trading session
2026-07-28 20:22:34,510 [INFO] apscheduler.executors.default: Job "Fetch stock quotes every 10 minutes (trigger: interval[0:10:00], next run at: 2026-07-28 20:32:34 CST)" executed successfully
2026-07-28 20:32:34,510 [INFO] apscheduler.executors.default: Running job "Fetch stock quotes every 10 minutes (trigger: interval[0:10:00], next run at: 2026-07-28 20:42:34 CST)" (scheduled at 2026-07-28 20:32:34.498010+08:00)
2026-07-28 20:32:34,512 [ERROR] src.monitor: Failed to reload runtime watchlist from SQLite; keeping previous stocks: SQLite objects created in a thread can only be used in that same thread. The object was created in thread id 4420 and this is thread id 20500.
2026-07-28 20:32:34,513 [ERROR] src.monitor: Failed to reload runtime alerts from SQLite; keeping previous rules: SQLite objects created in a thread can only be used in that same thread. The object was created in thread id 4420 and this is thread id 20500.
2026-07-28 20:32:34,518 [INFO] __main__: Webhook notifier enabled from config.yaml/WEBHOOK_URL
2026-07-28 20:32:34,521 [ERROR] src.monitor: Failed to reload paper trading config; keeping previous config: SQLite objects created in a thread can only be used in that same thread. The object was created in thread id 4420 and this is thread id 20500.
2026-07-28 20:32:34,522 [INFO] src.monitor: Skipping stock cycle: none of ['A股', '港股', '美股'] is in a trading session
2026-07-28 20:32:34,522 [INFO] apscheduler.executors.default: Job "Fetch stock quotes every 10 minutes (trigger: interval[0:10:00], next run at: 2026-07-28 20:42:34 CST)" executed successfully
2026-07-28 20:42:34,510 [INFO] apscheduler.executors.default: Running job "Fetch stock quotes every 10 minutes (trigger: interval[0:10:00], next run at: 2026-07-28 20:52:34 CST)" (scheduled at 2026-07-28 20:42:34.498010+08:00)
2026-07-28 20:42:34,511 [ERROR] src.monitor: Failed to reload runtime watchlist from SQLite; keeping previous stocks: SQLite objects created in a thread can only be used in that same thread. The object was created in thread id 4420 and this is thread id 20500.
2026-07-28 20:42:34,511 [ERROR] src.monitor: Failed to reload runtime alerts from SQLite; keeping previous rules: SQLite objects created in a thread can only be used in that same thread. The object was created in thread id 4420 and this is thread id 20500.
2026-07-28 20:42:34,513 [INFO] __main__: Webhook notifier enabled from config.yaml/WEBHOOK_URL
2026-07-28 20:42:34,515 [ERROR] src.monitor: Failed to reload paper trading config; keeping previous config: SQLite objects created in a thread can only be used in that same thread. The object was created in thread id 4420 and this is thread id 20500.
2026-07-28 20:42:34,516 [INFO] src.monitor: Skipping stock cycle: none of ['A股', '港股', '美股'] is in a trading session
2026-07-28 20:42:34,516 [INFO] apscheduler.executors.default: Job "Fetch stock quotes every 10 minutes (trigger: interval[0:10:00], next run at: 2026-07-28 20:52:34 CST)" executed successfully
2026-07-28 20:52:34,506 [INFO] apscheduler.executors.default: Running job "Fetch stock quotes every 10 minutes (trigger: interval[0:10:00], next run at: 2026-07-28 21:02:34 CST)" (scheduled at 2026-07-28 20:52:34.498010+08:00)
2026-07-28 20:52:34,506 [ERROR] src.monitor: Failed to reload runtime watchlist from SQLite; keeping previous stocks: SQLite objects created in a thread can only be used in that same thread. The object was created in thread id 4420 and this is thread id 20500.
2026-07-28 20:52:34,507 [ERROR] src.monitor: Failed to reload runtime alerts from SQLite; keeping previous rules: SQLite objects created in a thread can only be used in that same thread. The object was created in thread id 4420 and this is thread id 20500.
2026-07-28 20:52:34,515 [INFO] __main__: Webhook notifier enabled from config.yaml/WEBHOOK_URL
2026-07-28 20:52:34,518 [ERROR] src.monitor: Failed to reload paper trading config; keeping previous config: SQLite objects created in a thread can only be used in that same thread. The object was created in thread id 4420 and this is thread id 20500.
2026-07-28 20:52:34,518 [INFO] src.monitor: Skipping stock cycle: none of ['A股', '港股', '美股'] is in a trading session
2026-07-28 20:52:34,518 [INFO] apscheduler.executors.default: Job "Fetch stock quotes every 10 minutes (trigger: interval[0:10:00], next run at: 2026-07-28 21:02:34 CST)" executed successfully
2026-07-28 21:02:34,501 [INFO] apscheduler.executors.default: Running job "Fetch stock quotes every 10 minutes (trigger: interval[0:10:00], next run at: 2026-07-28 21:12:34 CST)" (scheduled at 2026-07-28 21:02:34.498010+08:00)
2026-07-28 21:02:34,501 [ERROR] src.monitor: Failed to reload runtime watchlist from SQLite; keeping previous stocks: SQLite objects created in a thread can only be used in that same thread. The object was created in thread id 4420 and this is thread id 20500.
2026-07-28 21:02:34,502 [ERROR] src.monitor: Failed to reload runtime alerts from SQLite; keeping previous rules: SQLite objects created in a thread can only be used in that same thread. The object was created in thread id 4420 and this is thread id 20500.
2026-07-28 21:02:34,503 [INFO] __main__: Webhook notifier enabled from config.yaml/WEBHOOK_URL
2026-07-28 21:02:34,505 [ERROR] src.monitor: Failed to reload paper trading config; keeping previous config: SQLite objects created in a thread can only be used in that same thread. The object was created in thread id 4420 and this is thread id 20500.
2026-07-28 21:02:34,506 [INFO] src.monitor: Skipping stock cycle: none of ['A股', '港股', '美股'] is in a trading session
2026-07-28 21:02:34,506 [INFO] apscheduler.executors.default: Job "Fetch stock quotes every 10 minutes (trigger: interval[0:10:00], next run at: 2026-07-28 21:12:34 CST)" executed successfully
2026-07-28 21:12:34,503 [INFO] apscheduler.executors.default: Running job "Fetch stock quotes every 10 minutes (trigger: interval[0:10:00], next run at: 2026-07-28 21:22:34 CST)" (scheduled at 2026-07-28 21:12:34.498010+08:00)
2026-07-28 21:12:34,504 [ERROR] src.monitor: Failed to reload runtime watchlist from SQLite; keeping previous stocks: SQLite objects created in a thread can only be used in that same thread. The object was created in thread id 4420 and this is thread id 20500.
2026-07-28 21:12:34,505 [ERROR] src.monitor: Failed to reload runtime alerts from SQLite; keeping previous rules: SQLite objects created in a thread can only be used in that same thread. The object was created in thread id 4420 and this is thread id 20500.
2026-07-28 21:12:34,514 [INFO] __main__: Webhook notifier enabled from config.yaml/WEBHOOK_URL
2026-07-28 21:12:34,516 [ERROR] src.monitor: Failed to reload paper trading config; keeping previous config: SQLite objects created in a thread can only be used in that same thread. The object was created in thread id 4420 and this is thread id 20500.
2026-07-28 21:12:34,517 [INFO] src.monitor: Skipping stock cycle: none of ['A股', '港股', '美股'] is in a trading session
2026-07-28 21:12:34,517 [INFO] apscheduler.executors.default: Job "Fetch stock quotes every 10 minutes (trigger: interval[0:10:00], next run at: 2026-07-28 21:22:34 CST)" executed successfully
2026-07-28 21:22:34,500 [INFO] apscheduler.executors.default: Running job "Fetch stock quotes every 10 minutes (trigger: interval[0:10:00], next run at: 2026-07-28 21:32:34 CST)" (scheduled at 2026-07-28 21:22:34.498010+08:00)
2026-07-28 21:22:34,500 [ERROR] src.monitor: Failed to reload runtime watchlist from SQLite; keeping previous stocks: SQLite objects created in a thread can only be used in that same thread. The object was created in thread id 4420 and this is thread id 20500.
2026-07-28 21:22:34,500 [ERROR] src.monitor: Failed to reload runtime alerts from SQLite; keeping previous rules: SQLite objects created in a thread can only be used in that same thread. The object was created in thread id 4420 and this is thread id 20500.
2026-07-28 21:22:34,502 [INFO] __main__: Webhook notifier enabled from config.yaml/WEBHOOK_URL
2026-07-28 21:22:34,505 [ERROR] src.monitor: Failed to reload paper trading config; keeping previous config: SQLite objects created in a thread can only be used in that same thread. The object was created in thread id 4420 and this is thread id 20500.
2026-07-28 21:22:34,505 [INFO] src.monitor: Skipping stock cycle: none of ['A股', '港股', '美股'] is in a trading session
2026-07-28 21:22:34,505 [INFO] apscheduler.executors.default: Job "Fetch stock quotes every 10 minutes (trigger: interval[0:10:00], next run at: 2026-07-28 21:32:34 CST)" executed successfully
2026-07-28 21:32:34,503 [INFO] apscheduler.executors.default: Running job "Fetch stock quotes every 10 minutes (trigger: interval[0:10:00], next run at: 2026-07-28 21:42:34 CST)" (scheduled at 2026-07-28 21:32:34.498010+08:00)
2026-07-28 21:32:34,503 [ERROR] src.monitor: Failed to reload runtime watchlist from SQLite; keeping previous stocks: SQLite objects created in a thread can only be used in that same thread. The object was created in thread id 4420 and this is thread id 20500.
2026-07-28 21:32:34,503 [ERROR] src.monitor: Failed to reload runtime alerts from SQLite; keeping previous rules: SQLite objects created in a thread can only be used in that same thread. The object was created in thread id 4420 and this is thread id 20500.
2026-07-28 21:32:34,506 [INFO] __main__: Webhook notifier enabled from config.yaml/WEBHOOK_URL
2026-07-28 21:32:34,509 [ERROR] src.monitor: Failed to reload paper trading config; keeping previous config: SQLite objects created in a thread can only be used in that same thread. The object was created in thread id 4420 and this is thread id 20500.
2026-07-28 21:32:34,509 [INFO] src.monitor: Fetching 3 market index snapshot(s)...
2026-07-28 21:32:34,804 [ERROR] apscheduler.executors.default: Job "Fetch stock quotes every 10 minutes (trigger: interval[0:10:00], next run at: 2026-07-28 21:42:34 CST)" raised an exception
Traceback (most recent call last):
  File "C:\Users\Administrator\stock-monitor\src\trading_store.py", line 217, in save_index_snapshot_rows
    cursor = self.conn.execute(
             ^^^^^^^^^^^^^^^^^^
sqlite3.ProgrammingError: SQLite objects created in a thread can only be used in that same thread. The object was created in thread id 4420 and this is thread id 20500.

During handling of the above exception, another exception occurred:

Traceback (most recent call last):
  File "C:\Python311\Lib\site-packages\apscheduler\executors\base.py", line 131, in run_job
    retval = job.func(*job.args, **job.kwargs)
             ^^^^^^^^^^^^^^^^^^^^^^^^^^^^^^^^^
  File "C:\Users\Administrator\stock-monitor\src\monitor.py", line 87, in run_once
    self._save_daily_index_snapshots()
  File "C:\Users\Administrator\stock-monitor\src\monitor.py", line 150, in _save_daily_index_snapshots
    inserted = self.index_store.save_index_snapshots(quotes, snapshot_dates)
               ^^^^^^^^^^^^^^^^^^^^^^^^^^^^^^^^^^^^^^^^^^^^^^^^^^^^^^^^^^^^^
  File "C:\Users\Administrator\stock-monitor\src\trading_store.py", line 211, in save_index_snapshots
    return self.save_index_snapshot_rows(rows)
           ^^^^^^^^^^^^^^^^^^^^^^^^^^^^^^^^^^^
  File "C:\Users\Administrator\stock-monitor\src\trading_store.py", line 215, in save_index_snapshot_rows
    with self.conn:
sqlite3.ProgrammingError: SQLite objects created in a thread can only be used in that same thread. The object was created in thread id 4420 and this is thread id 20500.
2026-07-28 21:42:34,506 [INFO] apscheduler.executors.default: Running job "Fetch stock quotes every 10 minutes (trigger: interval[0:10:00], next run at: 2026-07-28 21:52:34 CST)" (scheduled at 2026-07-28 21:42:34.498010+08:00)
2026-07-28 21:42:34,507 [ERROR] src.monitor: Failed to reload runtime watchlist from SQLite; keeping previous stocks: SQLite objects created in a thread can only be used in that same thread. The object was created in thread id 4420 and this is thread id 20500.
2026-07-28 21:42:34,508 [ERROR] src.monitor: Failed to reload runtime alerts from SQLite; keeping previous rules: SQLite objects created in a thread can only be used in that same thread. The object was created in thread id 4420 and this is thread id 20500.
2026-07-28 21:42:34,511 [INFO] __main__: Webhook notifier enabled from config.yaml/WEBHOOK_URL
2026-07-28 21:42:34,513 [ERROR] src.monitor: Failed to reload paper trading config; keeping previous config: SQLite objects created in a thread can only be used in that same thread. The object was created in thread id 4420 and this is thread id 20500.
2026-07-28 21:42:34,513 [INFO] src.monitor: Fetching 3 market index snapshot(s)...
2026-07-28 21:42:34,801 [ERROR] apscheduler.executors.default: Job "Fetch stock quotes every 10 minutes (trigger: interval[0:10:00], next run at: 2026-07-28 21:52:34 CST)" raised an exception
Traceback (most recent call last):
  File "C:\Users\Administrator\stock-monitor\src\trading_store.py", line 217, in save_index_snapshot_rows
    cursor = self.conn.execute(
             ^^^^^^^^^^^^^^^^^^
sqlite3.ProgrammingError: SQLite objects created in a thread can only be used in that same thread. The object was created in thread id 4420 and this is thread id 20500.

During handling of the above exception, another exception occurred:

Traceback (most recent call last):
  File "C:\Python311\Lib\site-packages\apscheduler\executors\base.py", line 131, in run_job
    retval = job.func(*job.args, **job.kwargs)
             ^^^^^^^^^^^^^^^^^^^^^^^^^^^^^^^^^
  File "C:\Users\Administrator\stock-monitor\src\monitor.py", line 87, in run_once
    self._save_daily_index_snapshots()
  File "C:\Users\Administrator\stock-monitor\src\monitor.py", line 150, in _save_daily_index_snapshots
    inserted = self.index_store.save_index_snapshots(quotes, snapshot_dates)
               ^^^^^^^^^^^^^^^^^^^^^^^^^^^^^^^^^^^^^^^^^^^^^^^^^^^^^^^^^^^^^
  File "C:\Users\Administrator\stock-monitor\src\trading_store.py", line 211, in save_index_snapshots
    return self.save_index_snapshot_rows(rows)
           ^^^^^^^^^^^^^^^^^^^^^^^^^^^^^^^^^^^
  File "C:\Users\Administrator\stock-monitor\src\trading_store.py", line 215, in save_index_snapshot_rows
    with self.conn:
sqlite3.ProgrammingError: SQLite objects created in a thread can only be used in that same thread. The object was created in thread id 4420 and this is thread id 20500.
2026-07-28 21:52:34,498 [INFO] apscheduler.executors.default: Running job "Fetch stock quotes every 10 minutes (trigger: interval[0:10:00], next run at: 2026-07-28 22:02:34 CST)" (scheduled at 2026-07-28 21:52:34.498010+08:00)
2026-07-28 21:52:34,498 [ERROR] src.monitor: Failed to reload runtime watchlist from SQLite; keeping previous stocks: SQLite objects created in a thread can only be used in that same thread. The object was created in thread id 4420 and this is thread id 20500.
2026-07-28 21:52:34,498 [ERROR] src.monitor: Failed to reload runtime alerts from SQLite; keeping previous rules: SQLite objects created in a thread can only be used in that same thread. The object was created in thread id 4420 and this is thread id 20500.
2026-07-28 21:52:34,500 [INFO] __main__: Webhook notifier enabled from config.yaml/WEBHOOK_URL
2026-07-28 21:52:34,502 [ERROR] src.monitor: Failed to reload paper trading config; keeping previous config: SQLite objects created in a thread can only be used in that same thread. The object was created in thread id 4420 and this is thread id 20500.
2026-07-28 21:52:34,503 [INFO] src.monitor: Fetching 3 market index snapshot(s)...
2026-07-28 21:52:34,791 [ERROR] apscheduler.executors.default: Job "Fetch stock quotes every 10 minutes (trigger: interval[0:10:00], next run at: 2026-07-28 22:02:34 CST)" raised an exception
Traceback (most recent call last):
  File "C:\Users\Administrator\stock-monitor\src\trading_store.py", line 217, in save_index_snapshot_rows
    cursor = self.conn.execute(
             ^^^^^^^^^^^^^^^^^^
sqlite3.ProgrammingError: SQLite objects created in a thread can only be used in that same thread. The object was created in thread id 4420 and this is thread id 20500.

During handling of the above exception, another exception occurred:

Traceback (most recent call last):
  File "C:\Python311\Lib\site-packages\apscheduler\executors\base.py", line 131, in run_job
    retval = job.func(*job.args, **job.kwargs)
             ^^^^^^^^^^^^^^^^^^^^^^^^^^^^^^^^^
  File "C:\Users\Administrator\stock-monitor\src\monitor.py", line 87, in run_once
    self._save_daily_index_snapshots()
  File "C:\Users\Administrator\stock-monitor\src\monitor.py", line 150, in _save_daily_index_snapshots
    inserted = self.index_store.save_index_snapshots(quotes, snapshot_dates)
               ^^^^^^^^^^^^^^^^^^^^^^^^^^^^^^^^^^^^^^^^^^^^^^^^^^^^^^^^^^^^^
  File "C:\Users\Administrator\stock-monitor\src\trading_store.py", line 211, in save_index_snapshots
    return self.save_index_snapshot_rows(rows)
           ^^^^^^^^^^^^^^^^^^^^^^^^^^^^^^^^^^^
  File "C:\Users\Administrator\stock-monitor\src\trading_store.py", line 215, in save_index_snapshot_rows
    with self.conn:
sqlite3.ProgrammingError: SQLite objects created in a thread can only be used in that same thread. The object was created in thread id 4420 and this is thread id 20500.
2026-07-28 22:02:34,513 [INFO] apscheduler.executors.default: Running job "Fetch stock quotes every 10 minutes (trigger: interval[0:10:00], next run at: 2026-07-28 22:12:34 CST)" (scheduled at 2026-07-28 22:02:34.498010+08:00)
2026-07-28 22:02:34,513 [ERROR] src.monitor: Failed to reload runtime watchlist from SQLite; keeping previous stocks: SQLite objects created in a thread can only be used in that same thread. The object was created in thread id 4420 and this is thread id 20500.
2026-07-28 22:02:34,513 [ERROR] src.monitor: Failed to reload runtime alerts from SQLite; keeping previous rules: SQLite objects created in a thread can only be used in that same thread. The object was created in thread id 4420 and this is thread id 20500.
2026-07-28 22:02:34,516 [INFO] __main__: Webhook notifier enabled from config.yaml/WEBHOOK_URL
2026-07-28 22:02:34,518 [ERROR] src.monitor: Failed to reload paper trading config; keeping previous config: SQLite objects created in a thread can only be used in that same thread. The object was created in thread id 4420 and this is thread id 20500.
2026-07-28 22:02:34,518 [INFO] src.monitor: Fetching 3 market index snapshot(s)...
2026-07-28 22:02:34,805 [ERROR] apscheduler.executors.default: Job "Fetch stock quotes every 10 minutes (trigger: interval[0:10:00], next run at: 2026-07-28 22:12:34 CST)" raised an exception
Traceback (most recent call last):
  File "C:\Users\Administrator\stock-monitor\src\trading_store.py", line 217, in save_index_snapshot_rows
    cursor = self.conn.execute(
             ^^^^^^^^^^^^^^^^^^
sqlite3.ProgrammingError: SQLite objects created in a thread can only be used in that same thread. The object was created in thread id 4420 and this is thread id 20500.

During handling of the above exception, another exception occurred:

Traceback (most recent call last):
  File "C:\Python311\Lib\site-packages\apscheduler\executors\base.py", line 131, in run_job
    retval = job.func(*job.args, **job.kwargs)
             ^^^^^^^^^^^^^^^^^^^^^^^^^^^^^^^^^
  File "C:\Users\Administrator\stock-monitor\src\monitor.py", line 87, in run_once
    self._save_daily_index_snapshots()
  File "C:\Users\Administrator\stock-monitor\src\monitor.py", line 150, in _save_daily_index_snapshots
    inserted = self.index_store.save_index_snapshots(quotes, snapshot_dates)
               ^^^^^^^^^^^^^^^^^^^^^^^^^^^^^^^^^^^^^^^^^^^^^^^^^^^^^^^^^^^^^
  File "C:\Users\Administrator\stock-monitor\src\trading_store.py", line 211, in save_index_snapshots
    return self.save_index_snapshot_rows(rows)
           ^^^^^^^^^^^^^^^^^^^^^^^^^^^^^^^^^^^
  File "C:\Users\Administrator\stock-monitor\src\trading_store.py", line 215, in save_index_snapshot_rows
    with self.conn:
sqlite3.ProgrammingError: SQLite objects created in a thread can only be used in that same thread. The object was created in thread id 4420 and this is thread id 20500.
2026-07-28 22:12:34,508 [INFO] apscheduler.executors.default: Running job "Fetch stock quotes every 10 minutes (trigger: interval[0:10:00], next run at: 2026-07-28 22:22:34 CST)" (scheduled at 2026-07-28 22:12:34.498010+08:00)
2026-07-28 22:12:34,508 [ERROR] src.monitor: Failed to reload runtime watchlist from SQLite; keeping previous stocks: SQLite objects created in a thread can only be used in that same thread. The object was created in thread id 4420 and this is thread id 20500.
2026-07-28 22:12:34,508 [ERROR] src.monitor: Failed to reload runtime alerts from SQLite; keeping previous rules: SQLite objects created in a thread can only be used in that same thread. The object was created in thread id 4420 and this is thread id 20500.
2026-07-28 22:12:34,511 [INFO] __main__: Webhook notifier enabled from config.yaml/WEBHOOK_URL
2026-07-28 22:12:34,513 [ERROR] src.monitor: Failed to reload paper trading config; keeping previous config: SQLite objects created in a thread can only be used in that same thread. The object was created in thread id 4420 and this is thread id 20500.
2026-07-28 22:12:34,513 [INFO] src.monitor: Fetching 3 market index snapshot(s)...
2026-07-28 22:12:34,807 [ERROR] apscheduler.executors.default: Job "Fetch stock quotes every 10 minutes (trigger: interval[0:10:00], next run at: 2026-07-28 22:22:34 CST)" raised an exception
Traceback (most recent call last):
  File "C:\Users\Administrator\stock-monitor\src\trading_store.py", line 217, in save_index_snapshot_rows
    cursor = self.conn.execute(
             ^^^^^^^^^^^^^^^^^^
sqlite3.ProgrammingError: SQLite objects created in a thread can only be used in that same thread. The object was created in thread id 4420 and this is thread id 20500.

During handling of the above exception, another exception occurred:

Traceback (most recent call last):
  File "C:\Python311\Lib\site-packages\apscheduler\executors\base.py", line 131, in run_job
    retval = job.func(*job.args, **job.kwargs)
             ^^^^^^^^^^^^^^^^^^^^^^^^^^^^^^^^^
  File "C:\Users\Administrator\stock-monitor\src\monitor.py", line 87, in run_once
    self._save_daily_index_snapshots()
  File "C:\Users\Administrator\stock-monitor\src\monitor.py", line 150, in _save_daily_index_snapshots
    inserted = self.index_store.save_index_snapshots(quotes, snapshot_dates)
               ^^^^^^^^^^^^^^^^^^^^^^^^^^^^^^^^^^^^^^^^^^^^^^^^^^^^^^^^^^^^^
  File "C:\Users\Administrator\stock-monitor\src\trading_store.py", line 211, in save_index_snapshots
    return self.save_index_snapshot_rows(rows)
           ^^^^^^^^^^^^^^^^^^^^^^^^^^^^^^^^^^^
  File "C:\Users\Administrator\stock-monitor\src\trading_store.py", line 215, in save_index_snapshot_rows
    with self.conn:
sqlite3.ProgrammingError: SQLite objects created in a thread can only be used in that same thread. The object was created in thread id 4420 and this is thread id 20500.
2026-07-28 22:22:34,501 [INFO] apscheduler.executors.default: Running job "Fetch stock quotes every 10 minutes (trigger: interval[0:10:00], next run at: 2026-07-28 22:32:34 CST)" (scheduled at 2026-07-28 22:22:34.498010+08:00)
2026-07-28 22:22:34,501 [ERROR] src.monitor: Failed to reload runtime watchlist from SQLite; keeping previous stocks: SQLite objects created in a thread can only be used in that same thread. The object was created in thread id 4420 and this is thread id 20500.
2026-07-28 22:22:34,501 [ERROR] src.monitor: Failed to reload runtime alerts from SQLite; keeping previous rules: SQLite objects created in a thread can only be used in that same thread. The object was created in thread id 4420 and this is thread id 20500.
2026-07-28 22:22:34,504 [INFO] __main__: Webhook notifier enabled from config.yaml/WEBHOOK_URL
2026-07-28 22:22:34,506 [ERROR] src.monitor: Failed to reload paper trading config; keeping previous config: SQLite objects created in a thread can only be used in that same thread. The object was created in thread id 4420 and this is thread id 20500.
2026-07-28 22:22:34,506 [INFO] src.monitor: Fetching 3 market index snapshot(s)...
2026-07-28 22:22:34,769 [ERROR] apscheduler.executors.default: Job "Fetch stock quotes every 10 minutes (trigger: interval[0:10:00], next run at: 2026-07-28 22:32:34 CST)" raised an exception
Traceback (most recent call last):
  File "C:\Users\Administrator\stock-monitor\src\trading_store.py", line 217, in save_index_snapshot_rows
    cursor = self.conn.execute(
             ^^^^^^^^^^^^^^^^^^
sqlite3.ProgrammingError: SQLite objects created in a thread can only be used in that same thread. The object was created in thread id 4420 and this is thread id 20500.

During handling of the above exception, another exception occurred:

Traceback (most recent call last):
  File "C:\Python311\Lib\site-packages\apscheduler\executors\base.py", line 131, in run_job
    retval = job.func(*job.args, **job.kwargs)
             ^^^^^^^^^^^^^^^^^^^^^^^^^^^^^^^^^
  File "C:\Users\Administrator\stock-monitor\src\monitor.py", line 87, in run_once
    self._save_daily_index_snapshots()
  File "C:\Users\Administrator\stock-monitor\src\monitor.py", line 150, in _save_daily_index_snapshots
    inserted = self.index_store.save_index_snapshots(quotes, snapshot_dates)
               ^^^^^^^^^^^^^^^^^^^^^^^^^^^^^^^^^^^^^^^^^^^^^^^^^^^^^^^^^^^^^
  File "C:\Users\Administrator\stock-monitor\src\trading_store.py", line 211, in save_index_snapshots
    return self.save_index_snapshot_rows(rows)
           ^^^^^^^^^^^^^^^^^^^^^^^^^^^^^^^^^^^
  File "C:\Users\Administrator\stock-monitor\src\trading_store.py", line 215, in save_index_snapshot_rows
    with self.conn:
sqlite3.ProgrammingError: SQLite objects created in a thread can only be used in that same thread. The object was created in thread id 4420 and this is thread id 20500.
2026-07-28 22:32:34,507 [INFO] apscheduler.executors.default: Running job "Fetch stock quotes every 10 minutes (trigger: interval[0:10:00], next run at: 2026-07-28 22:42:34 CST)" (scheduled at 2026-07-28 22:32:34.498010+08:00)
2026-07-28 22:32:34,508 [ERROR] src.monitor: Failed to reload runtime watchlist from SQLite; keeping previous stocks: SQLite objects created in a thread can only be used in that same thread. The object was created in thread id 4420 and this is thread id 20500.
2026-07-28 22:32:34,509 [ERROR] src.monitor: Failed to reload runtime alerts from SQLite; keeping previous rules: SQLite objects created in a thread can only be used in that same thread. The object was created in thread id 4420 and this is thread id 20500.
2026-07-28 22:32:34,512 [INFO] __main__: Webhook notifier enabled from config.yaml/WEBHOOK_URL
2026-07-28 22:32:34,514 [ERROR] src.monitor: Failed to reload paper trading config; keeping previous config: SQLite objects created in a thread can only be used in that same thread. The object was created in thread id 4420 and this is thread id 20500.
2026-07-28 22:32:34,514 [INFO] src.monitor: Fetching 3 market index snapshot(s)...
2026-07-28 22:32:34,796 [ERROR] apscheduler.executors.default: Job "Fetch stock quotes every 10 minutes (trigger: interval[0:10:00], next run at: 2026-07-28 22:42:34 CST)" raised an exception
Traceback (most recent call last):
  File "C:\Users\Administrator\stock-monitor\src\trading_store.py", line 217, in save_index_snapshot_rows
    cursor = self.conn.execute(
             ^^^^^^^^^^^^^^^^^^
sqlite3.ProgrammingError: SQLite objects created in a thread can only be used in that same thread. The object was created in thread id 4420 and this is thread id 20500.

During handling of the above exception, another exception occurred:

Traceback (most recent call last):
  File "C:\Python311\Lib\site-packages\apscheduler\executors\base.py", line 131, in run_job
    retval = job.func(*job.args, **job.kwargs)
             ^^^^^^^^^^^^^^^^^^^^^^^^^^^^^^^^^
  File "C:\Users\Administrator\stock-monitor\src\monitor.py", line 87, in run_once
    self._save_daily_index_snapshots()
  File "C:\Users\Administrator\stock-monitor\src\monitor.py", line 150, in _save_daily_index_snapshots
    inserted = self.index_store.save_index_snapshots(quotes, snapshot_dates)
               ^^^^^^^^^^^^^^^^^^^^^^^^^^^^^^^^^^^^^^^^^^^^^^^^^^^^^^^^^^^^^
  File "C:\Users\Administrator\stock-monitor\src\trading_store.py", line 211, in save_index_snapshots
    return self.save_index_snapshot_rows(rows)
           ^^^^^^^^^^^^^^^^^^^^^^^^^^^^^^^^^^^
  File "C:\Users\Administrator\stock-monitor\src\trading_store.py", line 215, in save_index_snapshot_rows
    with self.conn:
sqlite3.ProgrammingError: SQLite objects created in a thread can only be used in that same thread. The object was created in thread id 4420 and this is thread id 20500.
2026-07-28 22:42:34,509 [INFO] apscheduler.executors.default: Running job "Fetch stock quotes every 10 minutes (trigger: interval[0:10:00], next run at: 2026-07-28 22:52:34 CST)" (scheduled at 2026-07-28 22:42:34.498010+08:00)
2026-07-28 22:42:34,509 [ERROR] src.monitor: Failed to reload runtime watchlist from SQLite; keeping previous stocks: SQLite objects created in a thread can only be used in that same thread. The object was created in thread id 4420 and this is thread id 20500.
2026-07-28 22:42:34,509 [ERROR] src.monitor: Failed to reload runtime alerts from SQLite; keeping previous rules: SQLite objects created in a thread can only be used in that same thread. The object was created in thread id 4420 and this is thread id 20500.
2026-07-28 22:42:34,512 [INFO] __main__: Webhook notifier enabled from config.yaml/WEBHOOK_URL
2026-07-28 22:42:34,514 [ERROR] src.monitor: Failed to reload paper trading config; keeping previous config: SQLite objects created in a thread can only be used in that same thread. The object was created in thread id 4420 and this is thread id 20500.
2026-07-28 22:42:34,514 [INFO] src.monitor: Fetching 3 market index snapshot(s)...
2026-07-28 22:42:34,798 [ERROR] apscheduler.executors.default: Job "Fetch stock quotes every 10 minutes (trigger: interval[0:10:00], next run at: 2026-07-28 22:52:34 CST)" raised an exception
Traceback (most recent call last):
  File "C:\Users\Administrator\stock-monitor\src\trading_store.py", line 217, in save_index_snapshot_rows
    cursor = self.conn.execute(
             ^^^^^^^^^^^^^^^^^^
sqlite3.ProgrammingError: SQLite objects created in a thread can only be used in that same thread. The object was created in thread id 4420 and this is thread id 20500.

During handling of the above exception, another exception occurred:

Traceback (most recent call last):
  File "C:\Python311\Lib\site-packages\apscheduler\executors\base.py", line 131, in run_job
    retval = job.func(*job.args, **job.kwargs)
             ^^^^^^^^^^^^^^^^^^^^^^^^^^^^^^^^^
  File "C:\Users\Administrator\stock-monitor\src\monitor.py", line 87, in run_once
    self._save_daily_index_snapshots()
  File "C:\Users\Administrator\stock-monitor\src\monitor.py", line 150, in _save_daily_index_snapshots
    inserted = self.index_store.save_index_snapshots(quotes, snapshot_dates)
               ^^^^^^^^^^^^^^^^^^^^^^^^^^^^^^^^^^^^^^^^^^^^^^^^^^^^^^^^^^^^^
  File "C:\Users\Administrator\stock-monitor\src\trading_store.py", line 211, in save_index_snapshots
    return self.save_index_snapshot_rows(rows)
           ^^^^^^^^^^^^^^^^^^^^^^^^^^^^^^^^^^^
  File "C:\Users\Administrator\stock-monitor\src\trading_store.py", line 215, in save_index_snapshot_rows
    with self.conn:
sqlite3.ProgrammingError: SQLite objects created in a thread can only be used in that same thread. The object was created in thread id 4420 and this is thread id 20500.
2026-07-28 22:52:34,503 [INFO] apscheduler.executors.default: Running job "Fetch stock quotes every 10 minutes (trigger: interval[0:10:00], next run at: 2026-07-28 23:02:34 CST)" (scheduled at 2026-07-28 22:52:34.498010+08:00)
2026-07-28 22:52:34,503 [ERROR] src.monitor: Failed to reload runtime watchlist from SQLite; keeping previous stocks: SQLite objects created in a thread can only be used in that same thread. The object was created in thread id 4420 and this is thread id 20500.
2026-07-28 22:52:34,503 [ERROR] src.monitor: Failed to reload runtime alerts from SQLite; keeping previous rules: SQLite objects created in a thread can only be used in that same thread. The object was created in thread id 4420 and this is thread id 20500.
2026-07-28 22:52:34,506 [INFO] __main__: Webhook notifier enabled from config.yaml/WEBHOOK_URL
2026-07-28 22:52:34,508 [ERROR] src.monitor: Failed to reload paper trading config; keeping previous config: SQLite objects created in a thread can only be used in that same thread. The object was created in thread id 4420 and this is thread id 20500.
2026-07-28 22:52:34,508 [INFO] src.monitor: Fetching 3 market index snapshot(s)...
2026-07-28 22:52:34,797 [ERROR] apscheduler.executors.default: Job "Fetch stock quotes every 10 minutes (trigger: interval[0:10:00], next run at: 2026-07-28 23:02:34 CST)" raised an exception
Traceback (most recent call last):
  File "C:\Users\Administrator\stock-monitor\src\trading_store.py", line 217, in save_index_snapshot_rows
    cursor = self.conn.execute(
             ^^^^^^^^^^^^^^^^^^
sqlite3.ProgrammingError: SQLite objects created in a thread can only be used in that same thread. The object was created in thread id 4420 and this is thread id 20500.

During handling of the above exception, another exception occurred:

Traceback (most recent call last):
  File "C:\Python311\Lib\site-packages\apscheduler\executors\base.py", line 131, in run_job
    retval = job.func(*job.args, **job.kwargs)
             ^^^^^^^^^^^^^^^^^^^^^^^^^^^^^^^^^
  File "C:\Users\Administrator\stock-monitor\src\monitor.py", line 87, in run_once
    self._save_daily_index_snapshots()
  File "C:\Users\Administrator\stock-monitor\src\monitor.py", line 150, in _save_daily_index_snapshots
    inserted = self.index_store.save_index_snapshots(quotes, snapshot_dates)
               ^^^^^^^^^^^^^^^^^^^^^^^^^^^^^^^^^^^^^^^^^^^^^^^^^^^^^^^^^^^^^
  File "C:\Users\Administrator\stock-monitor\src\trading_store.py", line 211, in save_index_snapshots
    return self.save_index_snapshot_rows(rows)
           ^^^^^^^^^^^^^^^^^^^^^^^^^^^^^^^^^^^
  File "C:\Users\Administrator\stock-monitor\src\trading_store.py", line 215, in save_index_snapshot_rows
    with self.conn:
sqlite3.ProgrammingError: SQLite objects created in a thread can only be used in that same thread. The object was created in thread id 4420 and this is thread id 20500.
2026-07-28 23:02:34,499 [INFO] apscheduler.executors.default: Running job "Fetch stock quotes every 10 minutes (trigger: interval[0:10:00], next run at: 2026-07-28 23:12:34 CST)" (scheduled at 2026-07-28 23:02:34.498010+08:00)
2026-07-28 23:02:34,499 [ERROR] src.monitor: Failed to reload runtime watchlist from SQLite; keeping previous stocks: SQLite objects created in a thread can only be used in that same thread. The object was created in thread id 4420 and this is thread id 20500.
2026-07-28 23:02:34,499 [ERROR] src.monitor: Failed to reload runtime alerts from SQLite; keeping previous rules: SQLite objects created in a thread can only be used in that same thread. The object was created in thread id 4420 and this is thread id 20500.
2026-07-28 23:02:34,502 [INFO] __main__: Webhook notifier enabled from config.yaml/WEBHOOK_URL
2026-07-28 23:02:34,504 [ERROR] src.monitor: Failed to reload paper trading config; keeping previous config: SQLite objects created in a thread can only be used in that same thread. The object was created in thread id 4420 and this is thread id 20500.
2026-07-28 23:02:34,504 [INFO] src.monitor: Fetching 3 market index snapshot(s)...
2026-07-28 23:02:34,817 [ERROR] apscheduler.executors.default: Job "Fetch stock quotes every 10 minutes (trigger: interval[0:10:00], next run at: 2026-07-28 23:12:34 CST)" raised an exception
Traceback (most recent call last):
  File "C:\Users\Administrator\stock-monitor\src\trading_store.py", line 217, in save_index_snapshot_rows
    cursor = self.conn.execute(
             ^^^^^^^^^^^^^^^^^^
sqlite3.ProgrammingError: SQLite objects created in a thread can only be used in that same thread. The object was created in thread id 4420 and this is thread id 20500.

During handling of the above exception, another exception occurred:

Traceback (most recent call last):
  File "C:\Python311\Lib\site-packages\apscheduler\executors\base.py", line 131, in run_job
    retval = job.func(*job.args, **job.kwargs)
             ^^^^^^^^^^^^^^^^^^^^^^^^^^^^^^^^^
  File "C:\Users\Administrator\stock-monitor\src\monitor.py", line 87, in run_once
    self._save_daily_index_snapshots()
  File "C:\Users\Administrator\stock-monitor\src\monitor.py", line 150, in _save_daily_index_snapshots
    inserted = self.index_store.save_index_snapshots(quotes, snapshot_dates)
               ^^^^^^^^^^^^^^^^^^^^^^^^^^^^^^^^^^^^^^^^^^^^^^^^^^^^^^^^^^^^^
  File "C:\Users\Administrator\stock-monitor\src\trading_store.py", line 211, in save_index_snapshots
    return self.save_index_snapshot_rows(rows)
           ^^^^^^^^^^^^^^^^^^^^^^^^^^^^^^^^^^^
  File "C:\Users\Administrator\stock-monitor\src\trading_store.py", line 215, in save_index_snapshot_rows
    with self.conn:
sqlite3.ProgrammingError: SQLite objects created in a thread can only be used in that same thread. The object was created in thread id 4420 and this is thread id 20500.
2026-07-28 23:12:34,508 [INFO] apscheduler.executors.default: Running job "Fetch stock quotes every 10 minutes (trigger: interval[0:10:00], next run at: 2026-07-28 23:22:34 CST)" (scheduled at 2026-07-28 23:12:34.498010+08:00)
2026-07-28 23:12:34,509 [ERROR] src.monitor: Failed to reload runtime watchlist from SQLite; keeping previous stocks: SQLite objects created in a thread can only be used in that same thread. The object was created in thread id 4420 and this is thread id 20500.
2026-07-28 23:12:34,509 [ERROR] src.monitor: Failed to reload runtime alerts from SQLite; keeping previous rules: SQLite objects created in a thread can only be used in that same thread. The object was created in thread id 4420 and this is thread id 20500.
2026-07-28 23:12:34,511 [INFO] __main__: Webhook notifier enabled from config.yaml/WEBHOOK_URL
2026-07-28 23:12:34,514 [ERROR] src.monitor: Failed to reload paper trading config; keeping previous config: SQLite objects created in a thread can only be used in that same thread. The object was created in thread id 4420 and this is thread id 20500.
2026-07-28 23:12:34,514 [INFO] src.monitor: Fetching 3 market index snapshot(s)...
2026-07-28 23:12:34,781 [ERROR] apscheduler.executors.default: Job "Fetch stock quotes every 10 minutes (trigger: interval[0:10:00], next run at: 2026-07-28 23:22:34 CST)" raised an exception
Traceback (most recent call last):
  File "C:\Users\Administrator\stock-monitor\src\trading_store.py", line 217, in save_index_snapshot_rows
    cursor = self.conn.execute(
             ^^^^^^^^^^^^^^^^^^
sqlite3.ProgrammingError: SQLite objects created in a thread can only be used in that same thread. The object was created in thread id 4420 and this is thread id 20500.

During handling of the above exception, another exception occurred:

Traceback (most recent call last):
  File "C:\Python311\Lib\site-packages\apscheduler\executors\base.py", line 131, in run_job
    retval = job.func(*job.args, **job.kwargs)
             ^^^^^^^^^^^^^^^^^^^^^^^^^^^^^^^^^
  File "C:\Users\Administrator\stock-monitor\src\monitor.py", line 87, in run_once
    self._save_daily_index_snapshots()
  File "C:\Users\Administrator\stock-monitor\src\monitor.py", line 150, in _save_daily_index_snapshots
    inserted = self.index_store.save_index_snapshots(quotes, snapshot_dates)
               ^^^^^^^^^^^^^^^^^^^^^^^^^^^^^^^^^^^^^^^^^^^^^^^^^^^^^^^^^^^^^
  File "C:\Users\Administrator\stock-monitor\src\trading_store.py", line 211, in save_index_snapshots
    return self.save_index_snapshot_rows(rows)
           ^^^^^^^^^^^^^^^^^^^^^^^^^^^^^^^^^^^
  File "C:\Users\Administrator\stock-monitor\src\trading_store.py", line 215, in save_index_snapshot_rows
    with self.conn:
sqlite3.ProgrammingError: SQLite objects created in a thread can only be used in that same thread. The object was created in thread id 4420 and this is thread id 20500.
2026-07-28 23:22:34,512 [INFO] apscheduler.executors.default: Running job "Fetch stock quotes every 10 minutes (trigger: interval[0:10:00], next run at: 2026-07-28 23:32:34 CST)" (scheduled at 2026-07-28 23:22:34.498010+08:00)
2026-07-28 23:22:34,512 [ERROR] src.monitor: Failed to reload runtime watchlist from SQLite; keeping previous stocks: SQLite objects created in a thread can only be used in that same thread. The object was created in thread id 4420 and this is thread id 20500.
2026-07-28 23:22:34,513 [ERROR] src.monitor: Failed to reload runtime alerts from SQLite; keeping previous rules: SQLite objects created in a thread can only be used in that same thread. The object was created in thread id 4420 and this is thread id 20500.
2026-07-28 23:22:34,515 [INFO] __main__: Webhook notifier enabled from config.yaml/WEBHOOK_URL
2026-07-28 23:22:34,518 [ERROR] src.monitor: Failed to reload paper trading config; keeping previous config: SQLite objects created in a thread can only be used in that same thread. The object was created in thread id 4420 and this is thread id 20500.
2026-07-28 23:22:34,518 [INFO] src.monitor: Fetching 3 market index snapshot(s)...
2026-07-28 23:22:34,800 [ERROR] apscheduler.executors.default: Job "Fetch stock quotes every 10 minutes (trigger: interval[0:10:00], next run at: 2026-07-28 23:32:34 CST)" raised an exception
Traceback (most recent call last):
  File "C:\Users\Administrator\stock-monitor\src\trading_store.py", line 217, in save_index_snapshot_rows
    cursor = self.conn.execute(
             ^^^^^^^^^^^^^^^^^^
sqlite3.ProgrammingError: SQLite objects created in a thread can only be used in that same thread. The object was created in thread id 4420 and this is thread id 20500.

During handling of the above exception, another exception occurred:

Traceback (most recent call last):
  File "C:\Python311\Lib\site-packages\apscheduler\executors\base.py", line 131, in run_job
    retval = job.func(*job.args, **job.kwargs)
             ^^^^^^^^^^^^^^^^^^^^^^^^^^^^^^^^^
  File "C:\Users\Administrator\stock-monitor\src\monitor.py", line 87, in run_once
    self._save_daily_index_snapshots()
  File "C:\Users\Administrator\stock-monitor\src\monitor.py", line 150, in _save_daily_index_snapshots
    inserted = self.index_store.save_index_snapshots(quotes, snapshot_dates)
               ^^^^^^^^^^^^^^^^^^^^^^^^^^^^^^^^^^^^^^^^^^^^^^^^^^^^^^^^^^^^^
  File "C:\Users\Administrator\stock-monitor\src\trading_store.py", line 211, in save_index_snapshots
    return self.save_index_snapshot_rows(rows)
           ^^^^^^^^^^^^^^^^^^^^^^^^^^^^^^^^^^^
  File "C:\Users\Administrator\stock-monitor\src\trading_store.py", line 215, in save_index_snapshot_rows
    with self.conn:
sqlite3.ProgrammingError: SQLite objects created in a thread can only be used in that same thread. The object was created in thread id 4420 and this is thread id 20500.
2026-07-28 23:32:34,513 [INFO] apscheduler.executors.default: Running job "Fetch stock quotes every 10 minutes (trigger: interval[0:10:00], next run at: 2026-07-28 23:42:34 CST)" (scheduled at 2026-07-28 23:32:34.498010+08:00)
2026-07-28 23:32:34,513 [ERROR] src.monitor: Failed to reload runtime watchlist from SQLite; keeping previous stocks: SQLite objects created in a thread can only be used in that same thread. The object was created in thread id 4420 and this is thread id 20500.
2026-07-28 23:32:34,514 [ERROR] src.monitor: Failed to reload runtime alerts from SQLite; keeping previous rules: SQLite objects created in a thread can only be used in that same thread. The object was created in thread id 4420 and this is thread id 20500.
2026-07-28 23:32:34,516 [INFO] __main__: Webhook notifier enabled from config.yaml/WEBHOOK_URL
2026-07-28 23:32:34,518 [ERROR] src.monitor: Failed to reload paper trading config; keeping previous config: SQLite objects created in a thread can only be used in that same thread. The object was created in thread id 4420 and this is thread id 20500.
2026-07-28 23:32:34,518 [INFO] src.monitor: Fetching 3 market index snapshot(s)...
2026-07-28 23:32:34,808 [ERROR] apscheduler.executors.default: Job "Fetch stock quotes every 10 minutes (trigger: interval[0:10:00], next run at: 2026-07-28 23:42:34 CST)" raised an exception
Traceback (most recent call last):
  File "C:\Users\Administrator\stock-monitor\src\trading_store.py", line 217, in save_index_snapshot_rows
    cursor = self.conn.execute(
             ^^^^^^^^^^^^^^^^^^
sqlite3.ProgrammingError: SQLite objects created in a thread can only be used in that same thread. The object was created in thread id 4420 and this is thread id 20500.

During handling of the above exception, another exception occurred:

Traceback (most recent call last):
  File "C:\Python311\Lib\site-packages\apscheduler\executors\base.py", line 131, in run_job
    retval = job.func(*job.args, **job.kwargs)
             ^^^^^^^^^^^^^^^^^^^^^^^^^^^^^^^^^
  File "C:\Users\Administrator\stock-monitor\src\monitor.py", line 87, in run_once
    self._save_daily_index_snapshots()
  File "C:\Users\Administrator\stock-monitor\src\monitor.py", line 150, in _save_daily_index_snapshots
    inserted = self.index_store.save_index_snapshots(quotes, snapshot_dates)
               ^^^^^^^^^^^^^^^^^^^^^^^^^^^^^^^^^^^^^^^^^^^^^^^^^^^^^^^^^^^^^
  File "C:\Users\Administrator\stock-monitor\src\trading_store.py", line 211, in save_index_snapshots
    return self.save_index_snapshot_rows(rows)
           ^^^^^^^^^^^^^^^^^^^^^^^^^^^^^^^^^^^
  File "C:\Users\Administrator\stock-monitor\src\trading_store.py", line 215, in save_index_snapshot_rows
    with self.conn:
sqlite3.ProgrammingError: SQLite objects created in a thread can only be used in that same thread. The object was created in thread id 4420 and this is thread id 20500.
2026-07-28 23:42:34,507 [INFO] apscheduler.executors.default: Running job "Fetch stock quotes every 10 minutes (trigger: interval[0:10:00], next run at: 2026-07-28 23:52:34 CST)" (scheduled at 2026-07-28 23:42:34.498010+08:00)
2026-07-28 23:42:34,508 [ERROR] src.monitor: Failed to reload runtime watchlist from SQLite; keeping previous stocks: SQLite objects created in a thread can only be used in that same thread. The object was created in thread id 4420 and this is thread id 20500.
2026-07-28 23:42:34,508 [ERROR] src.monitor: Failed to reload runtime alerts from SQLite; keeping previous rules: SQLite objects created in a thread can only be used in that same thread. The object was created in thread id 4420 and this is thread id 20500.
2026-07-28 23:42:34,512 [INFO] __main__: Webhook notifier enabled from config.yaml/WEBHOOK_URL
2026-07-28 23:42:34,517 [ERROR] src.monitor: Failed to reload paper trading config; keeping previous config: SQLite objects created in a thread can only be used in that same thread. The object was created in thread id 4420 and this is thread id 20500.
2026-07-28 23:42:34,517 [INFO] src.monitor: Fetching 3 market index snapshot(s)...
2026-07-28 23:42:34,798 [ERROR] apscheduler.executors.default: Job "Fetch stock quotes every 10 minutes (trigger: interval[0:10:00], next run at: 2026-07-28 23:52:34 CST)" raised an exception
Traceback (most recent call last):
  File "C:\Users\Administrator\stock-monitor\src\trading_store.py", line 217, in save_index_snapshot_rows
    cursor = self.conn.execute(
             ^^^^^^^^^^^^^^^^^^
sqlite3.ProgrammingError: SQLite objects created in a thread can only be used in that same thread. The object was created in thread id 4420 and this is thread id 20500.

During handling of the above exception, another exception occurred:

Traceback (most recent call last):
  File "C:\Python311\Lib\site-packages\apscheduler\executors\base.py", line 131, in run_job
    retval = job.func(*job.args, **job.kwargs)
             ^^^^^^^^^^^^^^^^^^^^^^^^^^^^^^^^^
  File "C:\Users\Administrator\stock-monitor\src\monitor.py", line 87, in run_once
    self._save_daily_index_snapshots()
  File "C:\Users\Administrator\stock-monitor\src\monitor.py", line 150, in _save_daily_index_snapshots
    inserted = self.index_store.save_index_snapshots(quotes, snapshot_dates)
               ^^^^^^^^^^^^^^^^^^^^^^^^^^^^^^^^^^^^^^^^^^^^^^^^^^^^^^^^^^^^^
  File "C:\Users\Administrator\stock-monitor\src\trading_store.py", line 211, in save_index_snapshots
    return self.save_index_snapshot_rows(rows)
           ^^^^^^^^^^^^^^^^^^^^^^^^^^^^^^^^^^^
  File "C:\Users\Administrator\stock-monitor\src\trading_store.py", line 215, in save_index_snapshot_rows
    with self.conn:
sqlite3.ProgrammingError: SQLite objects created in a thread can only be used in that same thread. The object was created in thread id 4420 and this is thread id 20500.
2026-07-28 23:52:34,504 [INFO] apscheduler.executors.default: Running job "Fetch stock quotes every 10 minutes (trigger: interval[0:10:00], next run at: 2026-07-29 00:02:34 CST)" (scheduled at 2026-07-28 23:52:34.498010+08:00)
2026-07-28 23:52:34,505 [ERROR] src.monitor: Failed to reload runtime watchlist from SQLite; keeping previous stocks: SQLite objects created in a thread can only be used in that same thread. The object was created in thread id 4420 and this is thread id 20500.
2026-07-28 23:52:34,505 [ERROR] src.monitor: Failed to reload runtime alerts from SQLite; keeping previous rules: SQLite objects created in a thread can only be used in that same thread. The object was created in thread id 4420 and this is thread id 20500.
2026-07-28 23:52:34,508 [INFO] __main__: Webhook notifier enabled from config.yaml/WEBHOOK_URL
2026-07-28 23:52:34,511 [ERROR] src.monitor: Failed to reload paper trading config; keeping previous config: SQLite objects created in a thread can only be used in that same thread. The object was created in thread id 4420 and this is thread id 20500.
2026-07-28 23:52:34,511 [INFO] src.monitor: Fetching 3 market index snapshot(s)...
2026-07-28 23:52:34,796 [ERROR] apscheduler.executors.default: Job "Fetch stock quotes every 10 minutes (trigger: interval[0:10:00], next run at: 2026-07-29 00:02:34 CST)" raised an exception
Traceback (most recent call last):
  File "C:\Users\Administrator\stock-monitor\src\trading_store.py", line 217, in save_index_snapshot_rows
    cursor = self.conn.execute(
             ^^^^^^^^^^^^^^^^^^
sqlite3.ProgrammingError: SQLite objects created in a thread can only be used in that same thread. The object was created in thread id 4420 and this is thread id 20500.

During handling of the above exception, another exception occurred:

Traceback (most recent call last):
  File "C:\Python311\Lib\site-packages\apscheduler\executors\base.py", line 131, in run_job
    retval = job.func(*job.args, **job.kwargs)
             ^^^^^^^^^^^^^^^^^^^^^^^^^^^^^^^^^
  File "C:\Users\Administrator\stock-monitor\src\monitor.py", line 87, in run_once
    self._save_daily_index_snapshots()
  File "C:\Users\Administrator\stock-monitor\src\monitor.py", line 150, in _save_daily_index_snapshots
    inserted = self.index_store.save_index_snapshots(quotes, snapshot_dates)
               ^^^^^^^^^^^^^^^^^^^^^^^^^^^^^^^^^^^^^^^^^^^^^^^^^^^^^^^^^^^^^
  File "C:\Users\Administrator\stock-monitor\src\trading_store.py", line 211, in save_index_snapshots
    return self.save_index_snapshot_rows(rows)
           ^^^^^^^^^^^^^^^^^^^^^^^^^^^^^^^^^^^
  File "C:\Users\Administrator\stock-monitor\src\trading_store.py", line 215, in save_index_snapshot_rows
    with self.conn:
sqlite3.ProgrammingError: SQLite objects created in a thread can only be used in that same thread. The object was created in thread id 4420 and this is thread id 20500.
2026-07-29 00:02:34,510 [INFO] apscheduler.executors.default: Running job "Fetch stock quotes every 10 minutes (trigger: interval[0:10:00], next run at: 2026-07-29 00:12:34 CST)" (scheduled at 2026-07-29 00:02:34.498010+08:00)
2026-07-29 00:02:34,510 [ERROR] src.monitor: Failed to reload runtime watchlist from SQLite; keeping previous stocks: SQLite objects created in a thread can only be used in that same thread. The object was created in thread id 4420 and this is thread id 20500.
2026-07-29 00:02:34,510 [ERROR] src.monitor: Failed to reload runtime alerts from SQLite; keeping previous rules: SQLite objects created in a thread can only be used in that same thread. The object was created in thread id 4420 and this is thread id 20500.
2026-07-29 00:02:34,513 [INFO] __main__: Webhook notifier enabled from config.yaml/WEBHOOK_URL
2026-07-29 00:02:34,516 [ERROR] src.monitor: Failed to reload paper trading config; keeping previous config: SQLite objects created in a thread can only be used in that same thread. The object was created in thread id 4420 and this is thread id 20500.
2026-07-29 00:02:34,516 [INFO] src.monitor: Fetching 3 market index snapshot(s)...
2026-07-29 00:02:34,821 [ERROR] apscheduler.executors.default: Job "Fetch stock quotes every 10 minutes (trigger: interval[0:10:00], next run at: 2026-07-29 00:12:34 CST)" raised an exception
Traceback (most recent call last):
  File "C:\Users\Administrator\stock-monitor\src\trading_store.py", line 217, in save_index_snapshot_rows
    cursor = self.conn.execute(
             ^^^^^^^^^^^^^^^^^^
sqlite3.ProgrammingError: SQLite objects created in a thread can only be used in that same thread. The object was created in thread id 4420 and this is thread id 20500.

During handling of the above exception, another exception occurred:

Traceback (most recent call last):
  File "C:\Python311\Lib\site-packages\apscheduler\executors\base.py", line 131, in run_job
    retval = job.func(*job.args, **job.kwargs)
             ^^^^^^^^^^^^^^^^^^^^^^^^^^^^^^^^^
  File "C:\Users\Administrator\stock-monitor\src\monitor.py", line 87, in run_once
    self._save_daily_index_snapshots()
  File "C:\Users\Administrator\stock-monitor\src\monitor.py", line 150, in _save_daily_index_snapshots
    inserted = self.index_store.save_index_snapshots(quotes, snapshot_dates)
               ^^^^^^^^^^^^^^^^^^^^^^^^^^^^^^^^^^^^^^^^^^^^^^^^^^^^^^^^^^^^^
  File "C:\Users\Administrator\stock-monitor\src\trading_store.py", line 211, in save_index_snapshots
    return self.save_index_snapshot_rows(rows)
           ^^^^^^^^^^^^^^^^^^^^^^^^^^^^^^^^^^^
  File "C:\Users\Administrator\stock-monitor\src\trading_store.py", line 215, in save_index_snapshot_rows
    with self.conn:
sqlite3.ProgrammingError: SQLite objects created in a thread can only be used in that same thread. The object was created in thread id 4420 and this is thread id 20500.
2026-07-29 00:12:34,500 [INFO] apscheduler.executors.default: Running job "Fetch stock quotes every 10 minutes (trigger: interval[0:10:00], next run at: 2026-07-29 00:22:34 CST)" (scheduled at 2026-07-29 00:12:34.498010+08:00)
2026-07-29 00:12:34,500 [ERROR] src.monitor: Failed to reload runtime watchlist from SQLite; keeping previous stocks: SQLite objects created in a thread can only be used in that same thread. The object was created in thread id 4420 and this is thread id 20500.
2026-07-29 00:12:34,500 [ERROR] src.monitor: Failed to reload runtime alerts from SQLite; keeping previous rules: SQLite objects created in a thread can only be used in that same thread. The object was created in thread id 4420 and this is thread id 20500.
2026-07-29 00:12:34,503 [INFO] __main__: Webhook notifier enabled from config.yaml/WEBHOOK_URL
2026-07-29 00:12:34,506 [ERROR] src.monitor: Failed to reload paper trading config; keeping previous config: SQLite objects created in a thread can only be used in that same thread. The object was created in thread id 4420 and this is thread id 20500.
2026-07-29 00:12:34,506 [INFO] src.monitor: Fetching 3 market index snapshot(s)...
2026-07-29 00:12:34,793 [ERROR] apscheduler.executors.default: Job "Fetch stock quotes every 10 minutes (trigger: interval[0:10:00], next run at: 2026-07-29 00:22:34 CST)" raised an exception
Traceback (most recent call last):
  File "C:\Users\Administrator\stock-monitor\src\trading_store.py", line 217, in save_index_snapshot_rows
    cursor = self.conn.execute(
             ^^^^^^^^^^^^^^^^^^
sqlite3.ProgrammingError: SQLite objects created in a thread can only be used in that same thread. The object was created in thread id 4420 and this is thread id 20500.

During handling of the above exception, another exception occurred:

Traceback (most recent call last):
  File "C:\Python311\Lib\site-packages\apscheduler\executors\base.py", line 131, in run_job
    retval = job.func(*job.args, **job.kwargs)
             ^^^^^^^^^^^^^^^^^^^^^^^^^^^^^^^^^
  File "C:\Users\Administrator\stock-monitor\src\monitor.py", line 87, in run_once
    self._save_daily_index_snapshots()
  File "C:\Users\Administrator\stock-monitor\src\monitor.py", line 150, in _save_daily_index_snapshots
    inserted = self.index_store.save_index_snapshots(quotes, snapshot_dates)
               ^^^^^^^^^^^^^^^^^^^^^^^^^^^^^^^^^^^^^^^^^^^^^^^^^^^^^^^^^^^^^
  File "C:\Users\Administrator\stock-monitor\src\trading_store.py", line 211, in save_index_snapshots
    return self.save_index_snapshot_rows(rows)
           ^^^^^^^^^^^^^^^^^^^^^^^^^^^^^^^^^^^
  File "C:\Users\Administrator\stock-monitor\src\trading_store.py", line 215, in save_index_snapshot_rows
    with self.conn:
sqlite3.ProgrammingError: SQLite objects created in a thread can only be used in that same thread. The object was created in thread id 4420 and this is thread id 20500.
2026-07-29 00:22:34,505 [INFO] apscheduler.executors.default: Running job "Fetch stock quotes every 10 minutes (trigger: interval[0:10:00], next run at: 2026-07-29 00:32:34 CST)" (scheduled at 2026-07-29 00:22:34.498010+08:00)
2026-07-29 00:22:34,505 [ERROR] src.monitor: Failed to reload runtime watchlist from SQLite; keeping previous stocks: SQLite objects created in a thread can only be used in that same thread. The object was created in thread id 4420 and this is thread id 20500.
2026-07-29 00:22:34,506 [ERROR] src.monitor: Failed to reload runtime alerts from SQLite; keeping previous rules: SQLite objects created in a thread can only be used in that same thread. The object was created in thread id 4420 and this is thread id 20500.
2026-07-29 00:22:34,508 [INFO] __main__: Webhook notifier enabled from config.yaml/WEBHOOK_URL
2026-07-29 00:22:34,510 [ERROR] src.monitor: Failed to reload paper trading config; keeping previous config: SQLite objects created in a thread can only be used in that same thread. The object was created in thread id 4420 and this is thread id 20500.
2026-07-29 00:22:34,511 [INFO] src.monitor: Fetching 3 market index snapshot(s)...
2026-07-29 00:22:34,794 [ERROR] apscheduler.executors.default: Job "Fetch stock quotes every 10 minutes (trigger: interval[0:10:00], next run at: 2026-07-29 00:32:34 CST)" raised an exception
Traceback (most recent call last):
  File "C:\Users\Administrator\stock-monitor\src\trading_store.py", line 217, in save_index_snapshot_rows
    cursor = self.conn.execute(
             ^^^^^^^^^^^^^^^^^^
sqlite3.ProgrammingError: SQLite objects created in a thread can only be used in that same thread. The object was created in thread id 4420 and this is thread id 20500.

During handling of the above exception, another exception occurred:

Traceback (most recent call last):
  File "C:\Python311\Lib\site-packages\apscheduler\executors\base.py", line 131, in run_job
    retval = job.func(*job.args, **job.kwargs)
             ^^^^^^^^^^^^^^^^^^^^^^^^^^^^^^^^^
  File "C:\Users\Administrator\stock-monitor\src\monitor.py", line 87, in run_once
    self._save_daily_index_snapshots()
  File "C:\Users\Administrator\stock-monitor\src\monitor.py", line 150, in _save_daily_index_snapshots
    inserted = self.index_store.save_index_snapshots(quotes, snapshot_dates)
               ^^^^^^^^^^^^^^^^^^^^^^^^^^^^^^^^^^^^^^^^^^^^^^^^^^^^^^^^^^^^^
  File "C:\Users\Administrator\stock-monitor\src\trading_store.py", line 211, in save_index_snapshots
    return self.save_index_snapshot_rows(rows)
           ^^^^^^^^^^^^^^^^^^^^^^^^^^^^^^^^^^^
  File "C:\Users\Administrator\stock-monitor\src\trading_store.py", line 215, in save_index_snapshot_rows
    with self.conn:
sqlite3.ProgrammingError: SQLite objects created in a thread can only be used in that same thread. The object was created in thread id 4420 and this is thread id 20500.
2026-07-29 00:32:34,509 [INFO] apscheduler.executors.default: Running job "Fetch stock quotes every 10 minutes (trigger: interval[0:10:00], next run at: 2026-07-29 00:42:34 CST)" (scheduled at 2026-07-29 00:32:34.498010+08:00)
2026-07-29 00:32:34,509 [ERROR] src.monitor: Failed to reload runtime watchlist from SQLite; keeping previous stocks: SQLite objects created in a thread can only be used in that same thread. The object was created in thread id 4420 and this is thread id 20500.
2026-07-29 00:32:34,510 [ERROR] src.monitor: Failed to reload runtime alerts from SQLite; keeping previous rules: SQLite objects created in a thread can only be used in that same thread. The object was created in thread id 4420 and this is thread id 20500.
2026-07-29 00:32:34,517 [INFO] __main__: Webhook notifier enabled from config.yaml/WEBHOOK_URL
2026-07-29 00:32:34,520 [ERROR] src.monitor: Failed to reload paper trading config; keeping previous config: SQLite objects created in a thread can only be used in that same thread. The object was created in thread id 4420 and this is thread id 20500.
2026-07-29 00:32:34,521 [INFO] src.monitor: Fetching 3 market index snapshot(s)...
2026-07-29 00:32:34,787 [ERROR] apscheduler.executors.default: Job "Fetch stock quotes every 10 minutes (trigger: interval[0:10:00], next run at: 2026-07-29 00:42:34 CST)" raised an exception
Traceback (most recent call last):
  File "C:\Users\Administrator\stock-monitor\src\trading_store.py", line 217, in save_index_snapshot_rows
    cursor = self.conn.execute(
             ^^^^^^^^^^^^^^^^^^
sqlite3.ProgrammingError: SQLite objects created in a thread can only be used in that same thread. The object was created in thread id 4420 and this is thread id 20500.

During handling of the above exception, another exception occurred:

Traceback (most recent call last):
  File "C:\Python311\Lib\site-packages\apscheduler\executors\base.py", line 131, in run_job
    retval = job.func(*job.args, **job.kwargs)
             ^^^^^^^^^^^^^^^^^^^^^^^^^^^^^^^^^
  File "C:\Users\Administrator\stock-monitor\src\monitor.py", line 87, in run_once
    self._save_daily_index_snapshots()
  File "C:\Users\Administrator\stock-monitor\src\monitor.py", line 150, in _save_daily_index_snapshots
    inserted = self.index_store.save_index_snapshots(quotes, snapshot_dates)
               ^^^^^^^^^^^^^^^^^^^^^^^^^^^^^^^^^^^^^^^^^^^^^^^^^^^^^^^^^^^^^
  File "C:\Users\Administrator\stock-monitor\src\trading_store.py", line 211, in save_index_snapshots
    return self.save_index_snapshot_rows(rows)
           ^^^^^^^^^^^^^^^^^^^^^^^^^^^^^^^^^^^
  File "C:\Users\Administrator\stock-monitor\src\trading_store.py", line 215, in save_index_snapshot_rows
    with self.conn:
sqlite3.ProgrammingError: SQLite objects created in a thread can only be used in that same thread. The object was created in thread id 4420 and this is thread id 20500.
2026-07-29 00:42:34,503 [INFO] apscheduler.executors.default: Running job "Fetch stock quotes every 10 minutes (trigger: interval[0:10:00], next run at: 2026-07-29 00:52:34 CST)" (scheduled at 2026-07-29 00:42:34.498010+08:00)
2026-07-29 00:42:34,503 [ERROR] src.monitor: Failed to reload runtime watchlist from SQLite; keeping previous stocks: SQLite objects created in a thread can only be used in that same thread. The object was created in thread id 4420 and this is thread id 20500.
2026-07-29 00:42:34,503 [ERROR] src.monitor: Failed to reload runtime alerts from SQLite; keeping previous rules: SQLite objects created in a thread can only be used in that same thread. The object was created in thread id 4420 and this is thread id 20500.
2026-07-29 00:42:34,506 [INFO] __main__: Webhook notifier enabled from config.yaml/WEBHOOK_URL
2026-07-29 00:42:34,508 [ERROR] src.monitor: Failed to reload paper trading config; keeping previous config: SQLite objects created in a thread can only be used in that same thread. The object was created in thread id 4420 and this is thread id 20500.
2026-07-29 00:42:34,508 [INFO] src.monitor: Fetching 3 market index snapshot(s)...
2026-07-29 00:42:34,791 [ERROR] apscheduler.executors.default: Job "Fetch stock quotes every 10 minutes (trigger: interval[0:10:00], next run at: 2026-07-29 00:52:34 CST)" raised an exception
Traceback (most recent call last):
  File "C:\Users\Administrator\stock-monitor\src\trading_store.py", line 217, in save_index_snapshot_rows
    cursor = self.conn.execute(
             ^^^^^^^^^^^^^^^^^^
sqlite3.ProgrammingError: SQLite objects created in a thread can only be used in that same thread. The object was created in thread id 4420 and this is thread id 20500.

During handling of the above exception, another exception occurred:

Traceback (most recent call last):
  File "C:\Python311\Lib\site-packages\apscheduler\executors\base.py", line 131, in run_job
    retval = job.func(*job.args, **job.kwargs)
             ^^^^^^^^^^^^^^^^^^^^^^^^^^^^^^^^^
  File "C:\Users\Administrator\stock-monitor\src\monitor.py", line 87, in run_once
    self._save_daily_index_snapshots()
  File "C:\Users\Administrator\stock-monitor\src\monitor.py", line 150, in _save_daily_index_snapshots
    inserted = self.index_store.save_index_snapshots(quotes, snapshot_dates)
               ^^^^^^^^^^^^^^^^^^^^^^^^^^^^^^^^^^^^^^^^^^^^^^^^^^^^^^^^^^^^^
  File "C:\Users\Administrator\stock-monitor\src\trading_store.py", line 211, in save_index_snapshots
    return self.save_index_snapshot_rows(rows)
           ^^^^^^^^^^^^^^^^^^^^^^^^^^^^^^^^^^^
  File "C:\Users\Administrator\stock-monitor\src\trading_store.py", line 215, in save_index_snapshot_rows
    with self.conn:
sqlite3.ProgrammingError: SQLite objects created in a thread can only be used in that same thread. The object was created in thread id 4420 and this is thread id 20500.
2026-07-29 00:52:34,505 [INFO] apscheduler.executors.default: Running job "Fetch stock quotes every 10 minutes (trigger: interval[0:10:00], next run at: 2026-07-29 01:02:34 CST)" (scheduled at 2026-07-29 00:52:34.498010+08:00)
2026-07-29 00:52:34,506 [ERROR] src.monitor: Failed to reload runtime watchlist from SQLite; keeping previous stocks: SQLite objects created in a thread can only be used in that same thread. The object was created in thread id 4420 and this is thread id 20500.
2026-07-29 00:52:34,507 [ERROR] src.monitor: Failed to reload runtime alerts from SQLite; keeping previous rules: SQLite objects created in a thread can only be used in that same thread. The object was created in thread id 4420 and this is thread id 20500.
2026-07-29 00:52:34,511 [INFO] __main__: Webhook notifier enabled from config.yaml/WEBHOOK_URL
2026-07-29 00:52:34,513 [ERROR] src.monitor: Failed to reload paper trading config; keeping previous config: SQLite objects created in a thread can only be used in that same thread. The object was created in thread id 4420 and this is thread id 20500.
2026-07-29 00:52:34,513 [INFO] src.monitor: Fetching 3 market index snapshot(s)...
2026-07-29 00:52:34,790 [ERROR] apscheduler.executors.default: Job "Fetch stock quotes every 10 minutes (trigger: interval[0:10:00], next run at: 2026-07-29 01:02:34 CST)" raised an exception
Traceback (most recent call last):
  File "C:\Users\Administrator\stock-monitor\src\trading_store.py", line 217, in save_index_snapshot_rows
    cursor = self.conn.execute(
             ^^^^^^^^^^^^^^^^^^
sqlite3.ProgrammingError: SQLite objects created in a thread can only be used in that same thread. The object was created in thread id 4420 and this is thread id 20500.

During handling of the above exception, another exception occurred:

Traceback (most recent call last):
  File "C:\Python311\Lib\site-packages\apscheduler\executors\base.py", line 131, in run_job
    retval = job.func(*job.args, **job.kwargs)
             ^^^^^^^^^^^^^^^^^^^^^^^^^^^^^^^^^
  File "C:\Users\Administrator\stock-monitor\src\monitor.py", line 87, in run_once
    self._save_daily_index_snapshots()
  File "C:\Users\Administrator\stock-monitor\src\monitor.py", line 150, in _save_daily_index_snapshots
    inserted = self.index_store.save_index_snapshots(quotes, snapshot_dates)
               ^^^^^^^^^^^^^^^^^^^^^^^^^^^^^^^^^^^^^^^^^^^^^^^^^^^^^^^^^^^^^
  File "C:\Users\Administrator\stock-monitor\src\trading_store.py", line 211, in save_index_snapshots
    return self.save_index_snapshot_rows(rows)
           ^^^^^^^^^^^^^^^^^^^^^^^^^^^^^^^^^^^
  File "C:\Users\Administrator\stock-monitor\src\trading_store.py", line 215, in save_index_snapshot_rows
    with self.conn:
sqlite3.ProgrammingError: SQLite objects created in a thread can only be used in that same thread. The object was created in thread id 4420 and this is thread id 20500.
2026-07-29 01:02:34,502 [INFO] apscheduler.executors.default: Running job "Fetch stock quotes every 10 minutes (trigger: interval[0:10:00], next run at: 2026-07-29 01:12:34 CST)" (scheduled at 2026-07-29 01:02:34.498010+08:00)
2026-07-29 01:02:34,502 [ERROR] src.monitor: Failed to reload runtime watchlist from SQLite; keeping previous stocks: SQLite objects created in a thread can only be used in that same thread. The object was created in thread id 4420 and this is thread id 20500.
2026-07-29 01:02:34,502 [ERROR] src.monitor: Failed to reload runtime alerts from SQLite; keeping previous rules: SQLite objects created in a thread can only be used in that same thread. The object was created in thread id 4420 and this is thread id 20500.
2026-07-29 01:02:34,503 [INFO] __main__: Webhook notifier enabled from config.yaml/WEBHOOK_URL
2026-07-29 01:02:34,506 [ERROR] src.monitor: Failed to reload paper trading config; keeping previous config: SQLite objects created in a thread can only be used in that same thread. The object was created in thread id 4420 and this is thread id 20500.
2026-07-29 01:02:34,507 [INFO] src.monitor: Fetching 3 market index snapshot(s)...
2026-07-29 01:02:34,798 [ERROR] apscheduler.executors.default: Job "Fetch stock quotes every 10 minutes (trigger: interval[0:10:00], next run at: 2026-07-29 01:12:34 CST)" raised an exception
Traceback (most recent call last):
  File "C:\Users\Administrator\stock-monitor\src\trading_store.py", line 217, in save_index_snapshot_rows
    cursor = self.conn.execute(
             ^^^^^^^^^^^^^^^^^^
sqlite3.ProgrammingError: SQLite objects created in a thread can only be used in that same thread. The object was created in thread id 4420 and this is thread id 20500.

During handling of the above exception, another exception occurred:

Traceback (most recent call last):
  File "C:\Python311\Lib\site-packages\apscheduler\executors\base.py", line 131, in run_job
    retval = job.func(*job.args, **job.kwargs)
             ^^^^^^^^^^^^^^^^^^^^^^^^^^^^^^^^^
  File "C:\Users\Administrator\stock-monitor\src\monitor.py", line 87, in run_once
    self._save_daily_index_snapshots()
  File "C:\Users\Administrator\stock-monitor\src\monitor.py", line 150, in _save_daily_index_snapshots
    inserted = self.index_store.save_index_snapshots(quotes, snapshot_dates)
               ^^^^^^^^^^^^^^^^^^^^^^^^^^^^^^^^^^^^^^^^^^^^^^^^^^^^^^^^^^^^^
  File "C:\Users\Administrator\stock-monitor\src\trading_store.py", line 211, in save_index_snapshots
    return self.save_index_snapshot_rows(rows)
           ^^^^^^^^^^^^^^^^^^^^^^^^^^^^^^^^^^^
  File "C:\Users\Administrator\stock-monitor\src\trading_store.py", line 215, in save_index_snapshot_rows
    with self.conn:
sqlite3.ProgrammingError: SQLite objects created in a thread can only be used in that same thread. The object was created in thread id 4420 and this is thread id 20500.
2026-07-29 01:12:34,509 [INFO] apscheduler.executors.default: Running job "Fetch stock quotes every 10 minutes (trigger: interval[0:10:00], next run at: 2026-07-29 01:22:34 CST)" (scheduled at 2026-07-29 01:12:34.498010+08:00)
2026-07-29 01:12:34,510 [ERROR] src.monitor: Failed to reload runtime watchlist from SQLite; keeping previous stocks: SQLite objects created in a thread can only be used in that same thread. The object was created in thread id 4420 and this is thread id 20500.
2026-07-29 01:12:34,510 [ERROR] src.monitor: Failed to reload runtime alerts from SQLite; keeping previous rules: SQLite objects created in a thread can only be used in that same thread. The object was created in thread id 4420 and this is thread id 20500.
2026-07-29 01:12:34,512 [INFO] __main__: Webhook notifier enabled from config.yaml/WEBHOOK_URL
2026-07-29 01:12:34,514 [ERROR] src.monitor: Failed to reload paper trading config; keeping previous config: SQLite objects created in a thread can only be used in that same thread. The object was created in thread id 4420 and this is thread id 20500.
2026-07-29 01:12:34,514 [INFO] src.monitor: Fetching 3 market index snapshot(s)...
2026-07-29 01:12:34,800 [ERROR] apscheduler.executors.default: Job "Fetch stock quotes every 10 minutes (trigger: interval[0:10:00], next run at: 2026-07-29 01:22:34 CST)" raised an exception
Traceback (most recent call last):
  File "C:\Users\Administrator\stock-monitor\src\trading_store.py", line 217, in save_index_snapshot_rows
    cursor = self.conn.execute(
             ^^^^^^^^^^^^^^^^^^
sqlite3.ProgrammingError: SQLite objects created in a thread can only be used in that same thread. The object was created in thread id 4420 and this is thread id 20500.

During handling of the above exception, another exception occurred:

Traceback (most recent call last):
  File "C:\Python311\Lib\site-packages\apscheduler\executors\base.py", line 131, in run_job
    retval = job.func(*job.args, **job.kwargs)
             ^^^^^^^^^^^^^^^^^^^^^^^^^^^^^^^^^
  File "C:\Users\Administrator\stock-monitor\src\monitor.py", line 87, in run_once
    self._save_daily_index_snapshots()
  File "C:\Users\Administrator\stock-monitor\src\monitor.py", line 150, in _save_daily_index_snapshots
    inserted = self.index_store.save_index_snapshots(quotes, snapshot_dates)
               ^^^^^^^^^^^^^^^^^^^^^^^^^^^^^^^^^^^^^^^^^^^^^^^^^^^^^^^^^^^^^
  File "C:\Users\Administrator\stock-monitor\src\trading_store.py", line 211, in save_index_snapshots
    return self.save_index_snapshot_rows(rows)
           ^^^^^^^^^^^^^^^^^^^^^^^^^^^^^^^^^^^
  File "C:\Users\Administrator\stock-monitor\src\trading_store.py", line 215, in save_index_snapshot_rows
    with self.conn:
sqlite3.ProgrammingError: SQLite objects created in a thread can only be used in that same thread. The object was created in thread id 4420 and this is thread id 20500.
2026-07-29 01:22:34,509 [INFO] apscheduler.executors.default: Running job "Fetch stock quotes every 10 minutes (trigger: interval[0:10:00], next run at: 2026-07-29 01:32:34 CST)" (scheduled at 2026-07-29 01:22:34.498010+08:00)
2026-07-29 01:22:34,509 [ERROR] src.monitor: Failed to reload runtime watchlist from SQLite; keeping previous stocks: SQLite objects created in a thread can only be used in that same thread. The object was created in thread id 4420 and this is thread id 20500.
2026-07-29 01:22:34,510 [ERROR] src.monitor: Failed to reload runtime alerts from SQLite; keeping previous rules: SQLite objects created in a thread can only be used in that same thread. The object was created in thread id 4420 and this is thread id 20500.
2026-07-29 01:22:34,512 [INFO] __main__: Webhook notifier enabled from config.yaml/WEBHOOK_URL
2026-07-29 01:22:34,516 [ERROR] src.monitor: Failed to reload paper trading config; keeping previous config: SQLite objects created in a thread can only be used in that same thread. The object was created in thread id 4420 and this is thread id 20500.
2026-07-29 01:22:34,516 [INFO] src.monitor: Fetching 3 market index snapshot(s)...
2026-07-29 01:22:34,862 [ERROR] apscheduler.executors.default: Job "Fetch stock quotes every 10 minutes (trigger: interval[0:10:00], next run at: 2026-07-29 01:32:34 CST)" raised an exception
Traceback (most recent call last):
  File "C:\Users\Administrator\stock-monitor\src\trading_store.py", line 217, in save_index_snapshot_rows
    cursor = self.conn.execute(
             ^^^^^^^^^^^^^^^^^^
sqlite3.ProgrammingError: SQLite objects created in a thread can only be used in that same thread. The object was created in thread id 4420 and this is thread id 20500.

During handling of the above exception, another exception occurred:

Traceback (most recent call last):
  File "C:\Python311\Lib\site-packages\apscheduler\executors\base.py", line 131, in run_job
    retval = job.func(*job.args, **job.kwargs)
             ^^^^^^^^^^^^^^^^^^^^^^^^^^^^^^^^^
  File "C:\Users\Administrator\stock-monitor\src\monitor.py", line 87, in run_once
    self._save_daily_index_snapshots()
  File "C:\Users\Administrator\stock-monitor\src\monitor.py", line 150, in _save_daily_index_snapshots
    inserted = self.index_store.save_index_snapshots(quotes, snapshot_dates)
               ^^^^^^^^^^^^^^^^^^^^^^^^^^^^^^^^^^^^^^^^^^^^^^^^^^^^^^^^^^^^^
  File "C:\Users\Administrator\stock-monitor\src\trading_store.py", line 211, in save_index_snapshots
    return self.save_index_snapshot_rows(rows)
           ^^^^^^^^^^^^^^^^^^^^^^^^^^^^^^^^^^^
  File "C:\Users\Administrator\stock-monitor\src\trading_store.py", line 215, in save_index_snapshot_rows
    with self.conn:
sqlite3.ProgrammingError: SQLite objects created in a thread can only be used in that same thread. The object was created in thread id 4420 and this is thread id 20500.
2026-07-29 01:32:34,513 [INFO] apscheduler.executors.default: Running job "Fetch stock quotes every 10 minutes (trigger: interval[0:10:00], next run at: 2026-07-29 01:42:34 CST)" (scheduled at 2026-07-29 01:32:34.498010+08:00)
2026-07-29 01:32:34,513 [ERROR] src.monitor: Failed to reload runtime watchlist from SQLite; keeping previous stocks: SQLite objects created in a thread can only be used in that same thread. The object was created in thread id 4420 and this is thread id 20500.
2026-07-29 01:32:34,514 [ERROR] src.monitor: Failed to reload runtime alerts from SQLite; keeping previous rules: SQLite objects created in a thread can only be used in that same thread. The object was created in thread id 4420 and this is thread id 20500.
2026-07-29 01:32:34,516 [INFO] __main__: Webhook notifier enabled from config.yaml/WEBHOOK_URL
2026-07-29 01:32:34,518 [ERROR] src.monitor: Failed to reload paper trading config; keeping previous config: SQLite objects created in a thread can only be used in that same thread. The object was created in thread id 4420 and this is thread id 20500.
2026-07-29 01:32:34,519 [INFO] src.monitor: Fetching 3 market index snapshot(s)...
2026-07-29 01:32:34,778 [ERROR] apscheduler.executors.default: Job "Fetch stock quotes every 10 minutes (trigger: interval[0:10:00], next run at: 2026-07-29 01:42:34 CST)" raised an exception
Traceback (most recent call last):
  File "C:\Users\Administrator\stock-monitor\src\trading_store.py", line 217, in save_index_snapshot_rows
    cursor = self.conn.execute(
             ^^^^^^^^^^^^^^^^^^
sqlite3.ProgrammingError: SQLite objects created in a thread can only be used in that same thread. The object was created in thread id 4420 and this is thread id 20500.

During handling of the above exception, another exception occurred:

Traceback (most recent call last):
  File "C:\Python311\Lib\site-packages\apscheduler\executors\base.py", line 131, in run_job
    retval = job.func(*job.args, **job.kwargs)
             ^^^^^^^^^^^^^^^^^^^^^^^^^^^^^^^^^
  File "C:\Users\Administrator\stock-monitor\src\monitor.py", line 87, in run_once
    self._save_daily_index_snapshots()
  File "C:\Users\Administrator\stock-monitor\src\monitor.py", line 150, in _save_daily_index_snapshots
    inserted = self.index_store.save_index_snapshots(quotes, snapshot_dates)
               ^^^^^^^^^^^^^^^^^^^^^^^^^^^^^^^^^^^^^^^^^^^^^^^^^^^^^^^^^^^^^
  File "C:\Users\Administrator\stock-monitor\src\trading_store.py", line 211, in save_index_snapshots
    return self.save_index_snapshot_rows(rows)
           ^^^^^^^^^^^^^^^^^^^^^^^^^^^^^^^^^^^
  File "C:\Users\Administrator\stock-monitor\src\trading_store.py", line 215, in save_index_snapshot_rows
    with self.conn:
sqlite3.ProgrammingError: SQLite objects created in a thread can only be used in that same thread. The object was created in thread id 4420 and this is thread id 20500.
2026-07-29 01:42:34,513 [INFO] apscheduler.executors.default: Running job "Fetch stock quotes every 10 minutes (trigger: interval[0:10:00], next run at: 2026-07-29 01:52:34 CST)" (scheduled at 2026-07-29 01:42:34.498010+08:00)
2026-07-29 01:42:34,513 [ERROR] src.monitor: Failed to reload runtime watchlist from SQLite; keeping previous stocks: SQLite objects created in a thread can only be used in that same thread. The object was created in thread id 4420 and this is thread id 20500.
2026-07-29 01:42:34,513 [ERROR] src.monitor: Failed to reload runtime alerts from SQLite; keeping previous rules: SQLite objects created in a thread can only be used in that same thread. The object was created in thread id 4420 and this is thread id 20500.
2026-07-29 01:42:34,516 [INFO] __main__: Webhook notifier enabled from config.yaml/WEBHOOK_URL
2026-07-29 01:42:34,519 [ERROR] src.monitor: Failed to reload paper trading config; keeping previous config: SQLite objects created in a thread can only be used in that same thread. The object was created in thread id 4420 and this is thread id 20500.
2026-07-29 01:42:34,519 [INFO] src.monitor: Fetching 3 market index snapshot(s)...
2026-07-29 01:42:34,800 [ERROR] apscheduler.executors.default: Job "Fetch stock quotes every 10 minutes (trigger: interval[0:10:00], next run at: 2026-07-29 01:52:34 CST)" raised an exception
Traceback (most recent call last):
  File "C:\Users\Administrator\stock-monitor\src\trading_store.py", line 217, in save_index_snapshot_rows
    cursor = self.conn.execute(
             ^^^^^^^^^^^^^^^^^^
sqlite3.ProgrammingError: SQLite objects created in a thread can only be used in that same thread. The object was created in thread id 4420 and this is thread id 20500.

During handling of the above exception, another exception occurred:

Traceback (most recent call last):
  File "C:\Python311\Lib\site-packages\apscheduler\executors\base.py", line 131, in run_job
    retval = job.func(*job.args, **job.kwargs)
             ^^^^^^^^^^^^^^^^^^^^^^^^^^^^^^^^^
  File "C:\Users\Administrator\stock-monitor\src\monitor.py", line 87, in run_once
    self._save_daily_index_snapshots()
  File "C:\Users\Administrator\stock-monitor\src\monitor.py", line 150, in _save_daily_index_snapshots
    inserted = self.index_store.save_index_snapshots(quotes, snapshot_dates)
               ^^^^^^^^^^^^^^^^^^^^^^^^^^^^^^^^^^^^^^^^^^^^^^^^^^^^^^^^^^^^^
  File "C:\Users\Administrator\stock-monitor\src\trading_store.py", line 211, in save_index_snapshots
    return self.save_index_snapshot_rows(rows)
           ^^^^^^^^^^^^^^^^^^^^^^^^^^^^^^^^^^^
  File "C:\Users\Administrator\stock-monitor\src\trading_store.py", line 215, in save_index_snapshot_rows
    with self.conn:
sqlite3.ProgrammingError: SQLite objects created in a thread can only be used in that same thread. The object was created in thread id 4420 and this is thread id 20500.
2026-07-29 01:52:36,372 [WARNING] apscheduler.executors.default: Run time of job "Fetch stock quotes every 10 minutes (trigger: interval[0:10:00], next run at: 2026-07-29 02:02:34 CST)" was missed by 0:00:01.874860
2026-07-29 02:02:34,506 [INFO] apscheduler.executors.default: Running job "Fetch stock quotes every 10 minutes (trigger: interval[0:10:00], next run at: 2026-07-29 02:12:34 CST)" (scheduled at 2026-07-29 02:02:34.498010+08:00)
2026-07-29 02:02:34,506 [ERROR] src.monitor: Failed to reload runtime watchlist from SQLite; keeping previous stocks: SQLite objects created in a thread can only be used in that same thread. The object was created in thread id 4420 and this is thread id 20500.
2026-07-29 02:02:34,506 [ERROR] src.monitor: Failed to reload runtime alerts from SQLite; keeping previous rules: SQLite objects created in a thread can only be used in that same thread. The object was created in thread id 4420 and this is thread id 20500.
2026-07-29 02:02:34,511 [INFO] __main__: Webhook notifier enabled from config.yaml/WEBHOOK_URL
2026-07-29 02:02:34,515 [ERROR] src.monitor: Failed to reload paper trading config; keeping previous config: SQLite objects created in a thread can only be used in that same thread. The object was created in thread id 4420 and this is thread id 20500.
2026-07-29 02:02:34,515 [INFO] src.monitor: Fetching 3 market index snapshot(s)...
2026-07-29 02:02:34,794 [ERROR] apscheduler.executors.default: Job "Fetch stock quotes every 10 minutes (trigger: interval[0:10:00], next run at: 2026-07-29 02:12:34 CST)" raised an exception
Traceback (most recent call last):
  File "C:\Users\Administrator\stock-monitor\src\trading_store.py", line 217, in save_index_snapshot_rows
    cursor = self.conn.execute(
             ^^^^^^^^^^^^^^^^^^
sqlite3.ProgrammingError: SQLite objects created in a thread can only be used in that same thread. The object was created in thread id 4420 and this is thread id 20500.

During handling of the above exception, another exception occurred:

Traceback (most recent call last):
  File "C:\Python311\Lib\site-packages\apscheduler\executors\base.py", line 131, in run_job
    retval = job.func(*job.args, **job.kwargs)
             ^^^^^^^^^^^^^^^^^^^^^^^^^^^^^^^^^
  File "C:\Users\Administrator\stock-monitor\src\monitor.py", line 87, in run_once
    self._save_daily_index_snapshots()
  File "C:\Users\Administrator\stock-monitor\src\monitor.py", line 150, in _save_daily_index_snapshots
    inserted = self.index_store.save_index_snapshots(quotes, snapshot_dates)
               ^^^^^^^^^^^^^^^^^^^^^^^^^^^^^^^^^^^^^^^^^^^^^^^^^^^^^^^^^^^^^
  File "C:\Users\Administrator\stock-monitor\src\trading_store.py", line 211, in save_index_snapshots
    return self.save_index_snapshot_rows(rows)
           ^^^^^^^^^^^^^^^^^^^^^^^^^^^^^^^^^^^
  File "C:\Users\Administrator\stock-monitor\src\trading_store.py", line 215, in save_index_snapshot_rows
    with self.conn:
sqlite3.ProgrammingError: SQLite objects created in a thread can only be used in that same thread. The object was created in thread id 4420 and this is thread id 20500.
2026-07-29 02:12:34,499 [INFO] apscheduler.executors.default: Running job "Fetch stock quotes every 10 minutes (trigger: interval[0:10:00], next run at: 2026-07-29 02:22:34 CST)" (scheduled at 2026-07-29 02:12:34.498010+08:00)
2026-07-29 02:12:34,499 [ERROR] src.monitor: Failed to reload runtime watchlist from SQLite; keeping previous stocks: SQLite objects created in a thread can only be used in that same thread. The object was created in thread id 4420 and this is thread id 20500.
2026-07-29 02:12:34,500 [ERROR] src.monitor: Failed to reload runtime alerts from SQLite; keeping previous rules: SQLite objects created in a thread can only be used in that same thread. The object was created in thread id 4420 and this is thread id 20500.
2026-07-29 02:12:34,502 [INFO] __main__: Webhook notifier enabled from config.yaml/WEBHOOK_URL
2026-07-29 02:12:34,504 [ERROR] src.monitor: Failed to reload paper trading config; keeping previous config: SQLite objects created in a thread can only be used in that same thread. The object was created in thread id 4420 and this is thread id 20500.
2026-07-29 02:12:34,504 [INFO] src.monitor: Fetching 3 market index snapshot(s)...
2026-07-29 02:12:34,789 [ERROR] apscheduler.executors.default: Job "Fetch stock quotes every 10 minutes (trigger: interval[0:10:00], next run at: 2026-07-29 02:22:34 CST)" raised an exception
Traceback (most recent call last):
  File "C:\Users\Administrator\stock-monitor\src\trading_store.py", line 217, in save_index_snapshot_rows
    cursor = self.conn.execute(
             ^^^^^^^^^^^^^^^^^^
sqlite3.ProgrammingError: SQLite objects created in a thread can only be used in that same thread. The object was created in thread id 4420 and this is thread id 20500.

During handling of the above exception, another exception occurred:

Traceback (most recent call last):
  File "C:\Python311\Lib\site-packages\apscheduler\executors\base.py", line 131, in run_job
    retval = job.func(*job.args, **job.kwargs)
             ^^^^^^^^^^^^^^^^^^^^^^^^^^^^^^^^^
  File "C:\Users\Administrator\stock-monitor\src\monitor.py", line 87, in run_once
    self._save_daily_index_snapshots()
  File "C:\Users\Administrator\stock-monitor\src\monitor.py", line 150, in _save_daily_index_snapshots
    inserted = self.index_store.save_index_snapshots(quotes, snapshot_dates)
               ^^^^^^^^^^^^^^^^^^^^^^^^^^^^^^^^^^^^^^^^^^^^^^^^^^^^^^^^^^^^^
  File "C:\Users\Administrator\stock-monitor\src\trading_store.py", line 211, in save_index_snapshots
    return self.save_index_snapshot_rows(rows)
           ^^^^^^^^^^^^^^^^^^^^^^^^^^^^^^^^^^^
  File "C:\Users\Administrator\stock-monitor\src\trading_store.py", line 215, in save_index_snapshot_rows
    with self.conn:
sqlite3.ProgrammingError: SQLite objects created in a thread can only be used in that same thread. The object was created in thread id 4420 and this is thread id 20500.
2026-07-29 02:22:34,512 [INFO] apscheduler.executors.default: Running job "Fetch stock quotes every 10 minutes (trigger: interval[0:10:00], next run at: 2026-07-29 02:32:34 CST)" (scheduled at 2026-07-29 02:22:34.498010+08:00)
2026-07-29 02:22:34,512 [ERROR] src.monitor: Failed to reload runtime watchlist from SQLite; keeping previous stocks: SQLite objects created in a thread can only be used in that same thread. The object was created in thread id 4420 and this is thread id 20500.
2026-07-29 02:22:34,513 [ERROR] src.monitor: Failed to reload runtime alerts from SQLite; keeping previous rules: SQLite objects created in a thread can only be used in that same thread. The object was created in thread id 4420 and this is thread id 20500.
2026-07-29 02:22:34,515 [INFO] __main__: Webhook notifier enabled from config.yaml/WEBHOOK_URL
2026-07-29 02:22:34,518 [ERROR] src.monitor: Failed to reload paper trading config; keeping previous config: SQLite objects created in a thread can only be used in that same thread. The object was created in thread id 4420 and this is thread id 20500.
2026-07-29 02:22:34,518 [INFO] src.monitor: Fetching 3 market index snapshot(s)...
2026-07-29 02:22:34,813 [ERROR] apscheduler.executors.default: Job "Fetch stock quotes every 10 minutes (trigger: interval[0:10:00], next run at: 2026-07-29 02:32:34 CST)" raised an exception
Traceback (most recent call last):
  File "C:\Users\Administrator\stock-monitor\src\trading_store.py", line 217, in save_index_snapshot_rows
    cursor = self.conn.execute(
             ^^^^^^^^^^^^^^^^^^
sqlite3.ProgrammingError: SQLite objects created in a thread can only be used in that same thread. The object was created in thread id 4420 and this is thread id 20500.

During handling of the above exception, another exception occurred:

Traceback (most recent call last):
  File "C:\Python311\Lib\site-packages\apscheduler\executors\base.py", line 131, in run_job
    retval = job.func(*job.args, **job.kwargs)
             ^^^^^^^^^^^^^^^^^^^^^^^^^^^^^^^^^
  File "C:\Users\Administrator\stock-monitor\src\monitor.py", line 87, in run_once
    self._save_daily_index_snapshots()
  File "C:\Users\Administrator\stock-monitor\src\monitor.py", line 150, in _save_daily_index_snapshots
    inserted = self.index_store.save_index_snapshots(quotes, snapshot_dates)
               ^^^^^^^^^^^^^^^^^^^^^^^^^^^^^^^^^^^^^^^^^^^^^^^^^^^^^^^^^^^^^
  File "C:\Users\Administrator\stock-monitor\src\trading_store.py", line 211, in save_index_snapshots
    return self.save_index_snapshot_rows(rows)
           ^^^^^^^^^^^^^^^^^^^^^^^^^^^^^^^^^^^
  File "C:\Users\Administrator\stock-monitor\src\trading_store.py", line 215, in save_index_snapshot_rows
    with self.conn:
sqlite3.ProgrammingError: SQLite objects created in a thread can only be used in that same thread. The object was created in thread id 4420 and this is thread id 20500.
2026-07-29 02:32:34,505 [INFO] apscheduler.executors.default: Running job "Fetch stock quotes every 10 minutes (trigger: interval[0:10:00], next run at: 2026-07-29 02:42:34 CST)" (scheduled at 2026-07-29 02:32:34.498010+08:00)
2026-07-29 02:32:34,505 [ERROR] src.monitor: Failed to reload runtime watchlist from SQLite; keeping previous stocks: SQLite objects created in a thread can only be used in that same thread. The object was created in thread id 4420 and this is thread id 20500.
2026-07-29 02:32:34,506 [ERROR] src.monitor: Failed to reload runtime alerts from SQLite; keeping previous rules: SQLite objects created in a thread can only be used in that same thread. The object was created in thread id 4420 and this is thread id 20500.
2026-07-29 02:32:34,508 [INFO] __main__: Webhook notifier enabled from config.yaml/WEBHOOK_URL
2026-07-29 02:32:34,510 [ERROR] src.monitor: Failed to reload paper trading config; keeping previous config: SQLite objects created in a thread can only be used in that same thread. The object was created in thread id 4420 and this is thread id 20500.
2026-07-29 02:32:34,510 [INFO] src.monitor: Fetching 3 market index snapshot(s)...
2026-07-29 02:32:34,789 [ERROR] apscheduler.executors.default: Job "Fetch stock quotes every 10 minutes (trigger: interval[0:10:00], next run at: 2026-07-29 02:42:34 CST)" raised an exception
Traceback (most recent call last):
  File "C:\Users\Administrator\stock-monitor\src\trading_store.py", line 217, in save_index_snapshot_rows
    cursor = self.conn.execute(
             ^^^^^^^^^^^^^^^^^^
sqlite3.ProgrammingError: SQLite objects created in a thread can only be used in that same thread. The object was created in thread id 4420 and this is thread id 20500.

During handling of the above exception, another exception occurred:

Traceback (most recent call last):
  File "C:\Python311\Lib\site-packages\apscheduler\executors\base.py", line 131, in run_job
    retval = job.func(*job.args, **job.kwargs)
             ^^^^^^^^^^^^^^^^^^^^^^^^^^^^^^^^^
  File "C:\Users\Administrator\stock-monitor\src\monitor.py", line 87, in run_once
    self._save_daily_index_snapshots()
  File "C:\Users\Administrator\stock-monitor\src\monitor.py", line 150, in _save_daily_index_snapshots
    inserted = self.index_store.save_index_snapshots(quotes, snapshot_dates)
               ^^^^^^^^^^^^^^^^^^^^^^^^^^^^^^^^^^^^^^^^^^^^^^^^^^^^^^^^^^^^^
  File "C:\Users\Administrator\stock-monitor\src\trading_store.py", line 211, in save_index_snapshots
    return self.save_index_snapshot_rows(rows)
           ^^^^^^^^^^^^^^^^^^^^^^^^^^^^^^^^^^^
  File "C:\Users\Administrator\stock-monitor\src\trading_store.py", line 215, in save_index_snapshot_rows
    with self.conn:
sqlite3.ProgrammingError: SQLite objects created in a thread can only be used in that same thread. The object was created in thread id 4420 and this is thread id 20500.
2026-07-29 02:42:34,502 [INFO] apscheduler.executors.default: Running job "Fetch stock quotes every 10 minutes (trigger: interval[0:10:00], next run at: 2026-07-29 02:52:34 CST)" (scheduled at 2026-07-29 02:42:34.498010+08:00)
2026-07-29 02:42:34,503 [ERROR] src.monitor: Failed to reload runtime watchlist from SQLite; keeping previous stocks: SQLite objects created in a thread can only be used in that same thread. The object was created in thread id 4420 and this is thread id 20500.
2026-07-29 02:42:34,503 [ERROR] src.monitor: Failed to reload runtime alerts from SQLite; keeping previous rules: SQLite objects created in a thread can only be used in that same thread. The object was created in thread id 4420 and this is thread id 20500.
2026-07-29 02:42:34,506 [INFO] __main__: Webhook notifier enabled from config.yaml/WEBHOOK_URL
2026-07-29 02:42:34,508 [ERROR] src.monitor: Failed to reload paper trading config; keeping previous config: SQLite objects created in a thread can only be used in that same thread. The object was created in thread id 4420 and this is thread id 20500.
2026-07-29 02:42:34,509 [INFO] src.monitor: Fetching 3 market index snapshot(s)...
2026-07-29 02:42:34,790 [ERROR] apscheduler.executors.default: Job "Fetch stock quotes every 10 minutes (trigger: interval[0:10:00], next run at: 2026-07-29 02:52:34 CST)" raised an exception
Traceback (most recent call last):
  File "C:\Users\Administrator\stock-monitor\src\trading_store.py", line 217, in save_index_snapshot_rows
    cursor = self.conn.execute(
             ^^^^^^^^^^^^^^^^^^
sqlite3.ProgrammingError: SQLite objects created in a thread can only be used in that same thread. The object was created in thread id 4420 and this is thread id 20500.

During handling of the above exception, another exception occurred:

Traceback (most recent call last):
  File "C:\Python311\Lib\site-packages\apscheduler\executors\base.py", line 131, in run_job
    retval = job.func(*job.args, **job.kwargs)
             ^^^^^^^^^^^^^^^^^^^^^^^^^^^^^^^^^
  File "C:\Users\Administrator\stock-monitor\src\monitor.py", line 87, in run_once
    self._save_daily_index_snapshots()
  File "C:\Users\Administrator\stock-monitor\src\monitor.py", line 150, in _save_daily_index_snapshots
    inserted = self.index_store.save_index_snapshots(quotes, snapshot_dates)
               ^^^^^^^^^^^^^^^^^^^^^^^^^^^^^^^^^^^^^^^^^^^^^^^^^^^^^^^^^^^^^
  File "C:\Users\Administrator\stock-monitor\src\trading_store.py", line 211, in save_index_snapshots
    return self.save_index_snapshot_rows(rows)
           ^^^^^^^^^^^^^^^^^^^^^^^^^^^^^^^^^^^
  File "C:\Users\Administrator\stock-monitor\src\trading_store.py", line 215, in save_index_snapshot_rows
    with self.conn:
sqlite3.ProgrammingError: SQLite objects created in a thread can only be used in that same thread. The object was created in thread id 4420 and this is thread id 20500.
2026-07-29 02:52:34,513 [INFO] apscheduler.executors.default: Running job "Fetch stock quotes every 10 minutes (trigger: interval[0:10:00], next run at: 2026-07-29 03:02:34 CST)" (scheduled at 2026-07-29 02:52:34.498010+08:00)
2026-07-29 02:52:34,514 [ERROR] src.monitor: Failed to reload runtime watchlist from SQLite; keeping previous stocks: SQLite objects created in a thread can only be used in that same thread. The object was created in thread id 4420 and this is thread id 20500.
2026-07-29 02:52:34,514 [ERROR] src.monitor: Failed to reload runtime alerts from SQLite; keeping previous rules: SQLite objects created in a thread can only be used in that same thread. The object was created in thread id 4420 and this is thread id 20500.
2026-07-29 02:52:34,526 [INFO] __main__: Webhook notifier enabled from config.yaml/WEBHOOK_URL
2026-07-29 02:52:34,536 [ERROR] src.monitor: Failed to reload paper trading config; keeping previous config: SQLite objects created in a thread can only be used in that same thread. The object was created in thread id 4420 and this is thread id 20500.
2026-07-29 02:52:34,536 [INFO] src.monitor: Fetching 3 market index snapshot(s)...
2026-07-29 02:52:34,809 [ERROR] apscheduler.executors.default: Job "Fetch stock quotes every 10 minutes (trigger: interval[0:10:00], next run at: 2026-07-29 03:02:34 CST)" raised an exception
Traceback (most recent call last):
  File "C:\Users\Administrator\stock-monitor\src\trading_store.py", line 217, in save_index_snapshot_rows
    cursor = self.conn.execute(
             ^^^^^^^^^^^^^^^^^^
sqlite3.ProgrammingError: SQLite objects created in a thread can only be used in that same thread. The object was created in thread id 4420 and this is thread id 20500.

During handling of the above exception, another exception occurred:

Traceback (most recent call last):
  File "C:\Python311\Lib\site-packages\apscheduler\executors\base.py", line 131, in run_job
    retval = job.func(*job.args, **job.kwargs)
             ^^^^^^^^^^^^^^^^^^^^^^^^^^^^^^^^^
  File "C:\Users\Administrator\stock-monitor\src\monitor.py", line 87, in run_once
    self._save_daily_index_snapshots()
  File "C:\Users\Administrator\stock-monitor\src\monitor.py", line 150, in _save_daily_index_snapshots
    inserted = self.index_store.save_index_snapshots(quotes, snapshot_dates)
               ^^^^^^^^^^^^^^^^^^^^^^^^^^^^^^^^^^^^^^^^^^^^^^^^^^^^^^^^^^^^^
  File "C:\Users\Administrator\stock-monitor\src\trading_store.py", line 211, in save_index_snapshots
    return self.save_index_snapshot_rows(rows)
           ^^^^^^^^^^^^^^^^^^^^^^^^^^^^^^^^^^^
  File "C:\Users\Administrator\stock-monitor\src\trading_store.py", line 215, in save_index_snapshot_rows
    with self.conn:
sqlite3.ProgrammingError: SQLite objects created in a thread can only be used in that same thread. The object was created in thread id 4420 and this is thread id 20500.
2026-07-29 03:02:34,502 [INFO] apscheduler.executors.default: Running job "Fetch stock quotes every 10 minutes (trigger: interval[0:10:00], next run at: 2026-07-29 03:12:34 CST)" (scheduled at 2026-07-29 03:02:34.498010+08:00)
2026-07-29 03:02:34,503 [ERROR] src.monitor: Failed to reload runtime watchlist from SQLite; keeping previous stocks: SQLite objects created in a thread can only be used in that same thread. The object was created in thread id 4420 and this is thread id 20500.
2026-07-29 03:02:34,503 [ERROR] src.monitor: Failed to reload runtime alerts from SQLite; keeping previous rules: SQLite objects created in a thread can only be used in that same thread. The object was created in thread id 4420 and this is thread id 20500.
2026-07-29 03:02:34,507 [INFO] __main__: Webhook notifier enabled from config.yaml/WEBHOOK_URL
2026-07-29 03:02:34,509 [ERROR] src.monitor: Failed to reload paper trading config; keeping previous config: SQLite objects created in a thread can only be used in that same thread. The object was created in thread id 4420 and this is thread id 20500.
2026-07-29 03:02:34,509 [INFO] src.monitor: Fetching 3 market index snapshot(s)...
2026-07-29 03:02:34,784 [ERROR] apscheduler.executors.default: Job "Fetch stock quotes every 10 minutes (trigger: interval[0:10:00], next run at: 2026-07-29 03:12:34 CST)" raised an exception
Traceback (most recent call last):
  File "C:\Users\Administrator\stock-monitor\src\trading_store.py", line 217, in save_index_snapshot_rows
    cursor = self.conn.execute(
             ^^^^^^^^^^^^^^^^^^
sqlite3.ProgrammingError: SQLite objects created in a thread can only be used in that same thread. The object was created in thread id 4420 and this is thread id 20500.

During handling of the above exception, another exception occurred:

Traceback (most recent call last):
  File "C:\Python311\Lib\site-packages\apscheduler\executors\base.py", line 131, in run_job
    retval = job.func(*job.args, **job.kwargs)
             ^^^^^^^^^^^^^^^^^^^^^^^^^^^^^^^^^
  File "C:\Users\Administrator\stock-monitor\src\monitor.py", line 87, in run_once
    self._save_daily_index_snapshots()
  File "C:\Users\Administrator\stock-monitor\src\monitor.py", line 150, in _save_daily_index_snapshots
    inserted = self.index_store.save_index_snapshots(quotes, snapshot_dates)
               ^^^^^^^^^^^^^^^^^^^^^^^^^^^^^^^^^^^^^^^^^^^^^^^^^^^^^^^^^^^^^
  File "C:\Users\Administrator\stock-monitor\src\trading_store.py", line 211, in save_index_snapshots
    return self.save_index_snapshot_rows(rows)
           ^^^^^^^^^^^^^^^^^^^^^^^^^^^^^^^^^^^
  File "C:\Users\Administrator\stock-monitor\src\trading_store.py", line 215, in save_index_snapshot_rows
    with self.conn:
sqlite3.ProgrammingError: SQLite objects created in a thread can only be used in that same thread. The object was created in thread id 4420 and this is thread id 20500.
2026-07-29 03:12:34,500 [INFO] apscheduler.executors.default: Running job "Fetch stock quotes every 10 minutes (trigger: interval[0:10:00], next run at: 2026-07-29 03:22:34 CST)" (scheduled at 2026-07-29 03:12:34.498010+08:00)
2026-07-29 03:12:34,500 [ERROR] src.monitor: Failed to reload runtime watchlist from SQLite; keeping previous stocks: SQLite objects created in a thread can only be used in that same thread. The object was created in thread id 4420 and this is thread id 20500.
2026-07-29 03:12:34,500 [ERROR] src.monitor: Failed to reload runtime alerts from SQLite; keeping previous rules: SQLite objects created in a thread can only be used in that same thread. The object was created in thread id 4420 and this is thread id 20500.
2026-07-29 03:12:34,503 [INFO] __main__: Webhook notifier enabled from config.yaml/WEBHOOK_URL
2026-07-29 03:12:34,505 [ERROR] src.monitor: Failed to reload paper trading config; keeping previous config: SQLite objects created in a thread can only be used in that same thread. The object was created in thread id 4420 and this is thread id 20500.
2026-07-29 03:12:34,505 [INFO] src.monitor: Fetching 3 market index snapshot(s)...
2026-07-29 03:12:34,768 [ERROR] apscheduler.executors.default: Job "Fetch stock quotes every 10 minutes (trigger: interval[0:10:00], next run at: 2026-07-29 03:22:34 CST)" raised an exception
Traceback (most recent call last):
  File "C:\Users\Administrator\stock-monitor\src\trading_store.py", line 217, in save_index_snapshot_rows
    cursor = self.conn.execute(
             ^^^^^^^^^^^^^^^^^^
sqlite3.ProgrammingError: SQLite objects created in a thread can only be used in that same thread. The object was created in thread id 4420 and this is thread id 20500.

During handling of the above exception, another exception occurred:

Traceback (most recent call last):
  File "C:\Python311\Lib\site-packages\apscheduler\executors\base.py", line 131, in run_job
    retval = job.func(*job.args, **job.kwargs)
             ^^^^^^^^^^^^^^^^^^^^^^^^^^^^^^^^^
  File "C:\Users\Administrator\stock-monitor\src\monitor.py", line 87, in run_once
    self._save_daily_index_snapshots()
  File "C:\Users\Administrator\stock-monitor\src\monitor.py", line 150, in _save_daily_index_snapshots
    inserted = self.index_store.save_index_snapshots(quotes, snapshot_dates)
               ^^^^^^^^^^^^^^^^^^^^^^^^^^^^^^^^^^^^^^^^^^^^^^^^^^^^^^^^^^^^^
  File "C:\Users\Administrator\stock-monitor\src\trading_store.py", line 211, in save_index_snapshots
    return self.save_index_snapshot_rows(rows)
           ^^^^^^^^^^^^^^^^^^^^^^^^^^^^^^^^^^^
  File "C:\Users\Administrator\stock-monitor\src\trading_store.py", line 215, in save_index_snapshot_rows
    with self.conn:
sqlite3.ProgrammingError: SQLite objects created in a thread can only be used in that same thread. The object was created in thread id 4420 and this is thread id 20500.
2026-07-29 03:22:34,510 [INFO] apscheduler.executors.default: Running job "Fetch stock quotes every 10 minutes (trigger: interval[0:10:00], next run at: 2026-07-29 03:32:34 CST)" (scheduled at 2026-07-29 03:22:34.498010+08:00)
2026-07-29 03:22:34,511 [ERROR] src.monitor: Failed to reload runtime watchlist from SQLite; keeping previous stocks: SQLite objects created in a thread can only be used in that same thread. The object was created in thread id 4420 and this is thread id 20500.
2026-07-29 03:22:34,511 [ERROR] src.monitor: Failed to reload runtime alerts from SQLite; keeping previous rules: SQLite objects created in a thread can only be used in that same thread. The object was created in thread id 4420 and this is thread id 20500.
2026-07-29 03:22:34,513 [INFO] __main__: Webhook notifier enabled from config.yaml/WEBHOOK_URL
2026-07-29 03:22:34,516 [ERROR] src.monitor: Failed to reload paper trading config; keeping previous config: SQLite objects created in a thread can only be used in that same thread. The object was created in thread id 4420 and this is thread id 20500.
2026-07-29 03:22:34,517 [INFO] src.monitor: Fetching 3 market index snapshot(s)...
2026-07-29 03:22:34,792 [ERROR] apscheduler.executors.default: Job "Fetch stock quotes every 10 minutes (trigger: interval[0:10:00], next run at: 2026-07-29 03:32:34 CST)" raised an exception
Traceback (most recent call last):
  File "C:\Users\Administrator\stock-monitor\src\trading_store.py", line 217, in save_index_snapshot_rows
    cursor = self.conn.execute(
             ^^^^^^^^^^^^^^^^^^
sqlite3.ProgrammingError: SQLite objects created in a thread can only be used in that same thread. The object was created in thread id 4420 and this is thread id 20500.

During handling of the above exception, another exception occurred:

Traceback (most recent call last):
  File "C:\Python311\Lib\site-packages\apscheduler\executors\base.py", line 131, in run_job
    retval = job.func(*job.args, **job.kwargs)
             ^^^^^^^^^^^^^^^^^^^^^^^^^^^^^^^^^
  File "C:\Users\Administrator\stock-monitor\src\monitor.py", line 87, in run_once
    self._save_daily_index_snapshots()
  File "C:\Users\Administrator\stock-monitor\src\monitor.py", line 150, in _save_daily_index_snapshots
    inserted = self.index_store.save_index_snapshots(quotes, snapshot_dates)
               ^^^^^^^^^^^^^^^^^^^^^^^^^^^^^^^^^^^^^^^^^^^^^^^^^^^^^^^^^^^^^
  File "C:\Users\Administrator\stock-monitor\src\trading_store.py", line 211, in save_index_snapshots
    return self.save_index_snapshot_rows(rows)
           ^^^^^^^^^^^^^^^^^^^^^^^^^^^^^^^^^^^
  File "C:\Users\Administrator\stock-monitor\src\trading_store.py", line 215, in save_index_snapshot_rows
    with self.conn:
sqlite3.ProgrammingError: SQLite objects created in a thread can only be used in that same thread. The object was created in thread id 4420 and this is thread id 20500.
2026-07-29 03:32:34,503 [INFO] apscheduler.executors.default: Running job "Fetch stock quotes every 10 minutes (trigger: interval[0:10:00], next run at: 2026-07-29 03:42:34 CST)" (scheduled at 2026-07-29 03:32:34.498010+08:00)
2026-07-29 03:32:34,504 [ERROR] src.monitor: Failed to reload runtime watchlist from SQLite; keeping previous stocks: SQLite objects created in a thread can only be used in that same thread. The object was created in thread id 4420 and this is thread id 20500.
2026-07-29 03:32:34,504 [ERROR] src.monitor: Failed to reload runtime alerts from SQLite; keeping previous rules: SQLite objects created in a thread can only be used in that same thread. The object was created in thread id 4420 and this is thread id 20500.
2026-07-29 03:32:34,506 [INFO] __main__: Webhook notifier enabled from config.yaml/WEBHOOK_URL
2026-07-29 03:32:34,508 [ERROR] src.monitor: Failed to reload paper trading config; keeping previous config: SQLite objects created in a thread can only be used in that same thread. The object was created in thread id 4420 and this is thread id 20500.
2026-07-29 03:32:34,509 [INFO] src.monitor: Fetching 3 market index snapshot(s)...
2026-07-29 03:32:34,796 [ERROR] apscheduler.executors.default: Job "Fetch stock quotes every 10 minutes (trigger: interval[0:10:00], next run at: 2026-07-29 03:42:34 CST)" raised an exception
Traceback (most recent call last):
  File "C:\Users\Administrator\stock-monitor\src\trading_store.py", line 217, in save_index_snapshot_rows
    cursor = self.conn.execute(
             ^^^^^^^^^^^^^^^^^^
sqlite3.ProgrammingError: SQLite objects created in a thread can only be used in that same thread. The object was created in thread id 4420 and this is thread id 20500.

During handling of the above exception, another exception occurred:

Traceback (most recent call last):
  File "C:\Python311\Lib\site-packages\apscheduler\executors\base.py", line 131, in run_job
    retval = job.func(*job.args, **job.kwargs)
             ^^^^^^^^^^^^^^^^^^^^^^^^^^^^^^^^^
  File "C:\Users\Administrator\stock-monitor\src\monitor.py", line 87, in run_once
    self._save_daily_index_snapshots()
  File "C:\Users\Administrator\stock-monitor\src\monitor.py", line 150, in _save_daily_index_snapshots
    inserted = self.index_store.save_index_snapshots(quotes, snapshot_dates)
               ^^^^^^^^^^^^^^^^^^^^^^^^^^^^^^^^^^^^^^^^^^^^^^^^^^^^^^^^^^^^^
  File "C:\Users\Administrator\stock-monitor\src\trading_store.py", line 211, in save_index_snapshots
    return self.save_index_snapshot_rows(rows)
           ^^^^^^^^^^^^^^^^^^^^^^^^^^^^^^^^^^^
  File "C:\Users\Administrator\stock-monitor\src\trading_store.py", line 215, in save_index_snapshot_rows
    with self.conn:
sqlite3.ProgrammingError: SQLite objects created in a thread can only be used in that same thread. The object was created in thread id 4420 and this is thread id 20500.
2026-07-29 03:42:34,510 [INFO] apscheduler.executors.default: Running job "Fetch stock quotes every 10 minutes (trigger: interval[0:10:00], next run at: 2026-07-29 03:52:34 CST)" (scheduled at 2026-07-29 03:42:34.498010+08:00)
2026-07-29 03:42:34,511 [ERROR] src.monitor: Failed to reload runtime watchlist from SQLite; keeping previous stocks: SQLite objects created in a thread can only be used in that same thread. The object was created in thread id 4420 and this is thread id 20500.
2026-07-29 03:42:34,512 [ERROR] src.monitor: Failed to reload runtime alerts from SQLite; keeping previous rules: SQLite objects created in a thread can only be used in that same thread. The object was created in thread id 4420 and this is thread id 20500.
2026-07-29 03:42:34,519 [INFO] __main__: Webhook notifier enabled from config.yaml/WEBHOOK_URL
2026-07-29 03:42:34,522 [ERROR] src.monitor: Failed to reload paper trading config; keeping previous config: SQLite objects created in a thread can only be used in that same thread. The object was created in thread id 4420 and this is thread id 20500.
2026-07-29 03:42:34,522 [INFO] src.monitor: Fetching 3 market index snapshot(s)...
2026-07-29 03:42:34,816 [ERROR] apscheduler.executors.default: Job "Fetch stock quotes every 10 minutes (trigger: interval[0:10:00], next run at: 2026-07-29 03:52:34 CST)" raised an exception
Traceback (most recent call last):
  File "C:\Users\Administrator\stock-monitor\src\trading_store.py", line 217, in save_index_snapshot_rows
    cursor = self.conn.execute(
             ^^^^^^^^^^^^^^^^^^
sqlite3.ProgrammingError: SQLite objects created in a thread can only be used in that same thread. The object was created in thread id 4420 and this is thread id 20500.

During handling of the above exception, another exception occurred:

Traceback (most recent call last):
  File "C:\Python311\Lib\site-packages\apscheduler\executors\base.py", line 131, in run_job
    retval = job.func(*job.args, **job.kwargs)
             ^^^^^^^^^^^^^^^^^^^^^^^^^^^^^^^^^
  File "C:\Users\Administrator\stock-monitor\src\monitor.py", line 87, in run_once
    self._save_daily_index_snapshots()
  File "C:\Users\Administrator\stock-monitor\src\monitor.py", line 150, in _save_daily_index_snapshots
    inserted = self.index_store.save_index_snapshots(quotes, snapshot_dates)
               ^^^^^^^^^^^^^^^^^^^^^^^^^^^^^^^^^^^^^^^^^^^^^^^^^^^^^^^^^^^^^
  File "C:\Users\Administrator\stock-monitor\src\trading_store.py", line 211, in save_index_snapshots
    return self.save_index_snapshot_rows(rows)
           ^^^^^^^^^^^^^^^^^^^^^^^^^^^^^^^^^^^
  File "C:\Users\Administrator\stock-monitor\src\trading_store.py", line 215, in save_index_snapshot_rows
    with self.conn:
sqlite3.ProgrammingError: SQLite objects created in a thread can only be used in that same thread. The object was created in thread id 4420 and this is thread id 20500.
2026-07-29 03:52:34,513 [INFO] apscheduler.executors.default: Running job "Fetch stock quotes every 10 minutes (trigger: interval[0:10:00], next run at: 2026-07-29 04:02:34 CST)" (scheduled at 2026-07-29 03:52:34.498010+08:00)
2026-07-29 03:52:34,513 [ERROR] src.monitor: Failed to reload runtime watchlist from SQLite; keeping previous stocks: SQLite objects created in a thread can only be used in that same thread. The object was created in thread id 4420 and this is thread id 20500.
2026-07-29 03:52:34,514 [ERROR] src.monitor: Failed to reload runtime alerts from SQLite; keeping previous rules: SQLite objects created in a thread can only be used in that same thread. The object was created in thread id 4420 and this is thread id 20500.
2026-07-29 03:52:34,516 [INFO] __main__: Webhook notifier enabled from config.yaml/WEBHOOK_URL
2026-07-29 03:52:34,518 [ERROR] src.monitor: Failed to reload paper trading config; keeping previous config: SQLite objects created in a thread can only be used in that same thread. The object was created in thread id 4420 and this is thread id 20500.
2026-07-29 03:52:34,518 [INFO] src.monitor: Fetching 3 market index snapshot(s)...
2026-07-29 03:52:34,797 [ERROR] apscheduler.executors.default: Job "Fetch stock quotes every 10 minutes (trigger: interval[0:10:00], next run at: 2026-07-29 04:02:34 CST)" raised an exception
Traceback (most recent call last):
  File "C:\Users\Administrator\stock-monitor\src\trading_store.py", line 217, in save_index_snapshot_rows
    cursor = self.conn.execute(
             ^^^^^^^^^^^^^^^^^^
sqlite3.ProgrammingError: SQLite objects created in a thread can only be used in that same thread. The object was created in thread id 4420 and this is thread id 20500.

During handling of the above exception, another exception occurred:

Traceback (most recent call last):
  File "C:\Python311\Lib\site-packages\apscheduler\executors\base.py", line 131, in run_job
    retval = job.func(*job.args, **job.kwargs)
             ^^^^^^^^^^^^^^^^^^^^^^^^^^^^^^^^^
  File "C:\Users\Administrator\stock-monitor\src\monitor.py", line 87, in run_once
    self._save_daily_index_snapshots()
  File "C:\Users\Administrator\stock-monitor\src\monitor.py", line 150, in _save_daily_index_snapshots
    inserted = self.index_store.save_index_snapshots(quotes, snapshot_dates)
               ^^^^^^^^^^^^^^^^^^^^^^^^^^^^^^^^^^^^^^^^^^^^^^^^^^^^^^^^^^^^^
  File "C:\Users\Administrator\stock-monitor\src\trading_store.py", line 211, in save_index_snapshots
    return self.save_index_snapshot_rows(rows)
           ^^^^^^^^^^^^^^^^^^^^^^^^^^^^^^^^^^^
  File "C:\Users\Administrator\stock-monitor\src\trading_store.py", line 215, in save_index_snapshot_rows
    with self.conn:
sqlite3.ProgrammingError: SQLite objects created in a thread can only be used in that same thread. The object was created in thread id 4420 and this is thread id 20500.
2026-07-29 04:02:34,504 [INFO] apscheduler.executors.default: Running job "Fetch stock quotes every 10 minutes (trigger: interval[0:10:00], next run at: 2026-07-29 04:12:34 CST)" (scheduled at 2026-07-29 04:02:34.498010+08:00)
2026-07-29 04:02:34,504 [ERROR] src.monitor: Failed to reload runtime watchlist from SQLite; keeping previous stocks: SQLite objects created in a thread can only be used in that same thread. The object was created in thread id 4420 and this is thread id 20500.
2026-07-29 04:02:34,504 [ERROR] src.monitor: Failed to reload runtime alerts from SQLite; keeping previous rules: SQLite objects created in a thread can only be used in that same thread. The object was created in thread id 4420 and this is thread id 20500.
2026-07-29 04:02:34,507 [INFO] __main__: Webhook notifier enabled from config.yaml/WEBHOOK_URL
2026-07-29 04:02:34,510 [ERROR] src.monitor: Failed to reload paper trading config; keeping previous config: SQLite objects created in a thread can only be used in that same thread. The object was created in thread id 4420 and this is thread id 20500.
2026-07-29 04:02:34,510 [INFO] src.monitor: Skipping stock cycle: none of ['A股', '港股', '美股'] is in a trading session
2026-07-29 04:02:34,510 [INFO] apscheduler.executors.default: Job "Fetch stock quotes every 10 minutes (trigger: interval[0:10:00], next run at: 2026-07-29 04:12:34 CST)" executed successfully
2026-07-29 04:12:34,509 [INFO] apscheduler.executors.default: Running job "Fetch stock quotes every 10 minutes (trigger: interval[0:10:00], next run at: 2026-07-29 04:22:34 CST)" (scheduled at 2026-07-29 04:12:34.498010+08:00)
2026-07-29 04:12:34,509 [ERROR] src.monitor: Failed to reload runtime watchlist from SQLite; keeping previous stocks: SQLite objects created in a thread can only be used in that same thread. The object was created in thread id 4420 and this is thread id 20500.
2026-07-29 04:12:34,509 [ERROR] src.monitor: Failed to reload runtime alerts from SQLite; keeping previous rules: SQLite objects created in a thread can only be used in that same thread. The object was created in thread id 4420 and this is thread id 20500.
2026-07-29 04:12:34,512 [INFO] __main__: Webhook notifier enabled from config.yaml/WEBHOOK_URL
2026-07-29 04:12:34,514 [ERROR] src.monitor: Failed to reload paper trading config; keeping previous config: SQLite objects created in a thread can only be used in that same thread. The object was created in thread id 4420 and this is thread id 20500.
2026-07-29 04:12:34,514 [INFO] src.monitor: Skipping stock cycle: none of ['A股', '港股', '美股'] is in a trading session
2026-07-29 04:12:34,514 [INFO] apscheduler.executors.default: Job "Fetch stock quotes every 10 minutes (trigger: interval[0:10:00], next run at: 2026-07-29 04:22:34 CST)" executed successfully
2026-07-29 04:22:34,501 [INFO] apscheduler.executors.default: Running job "Fetch stock quotes every 10 minutes (trigger: interval[0:10:00], next run at: 2026-07-29 04:32:34 CST)" (scheduled at 2026-07-29 04:22:34.498010+08:00)
2026-07-29 04:22:34,502 [ERROR] src.monitor: Failed to reload runtime watchlist from SQLite; keeping previous stocks: SQLite objects created in a thread can only be used in that same thread. The object was created in thread id 4420 and this is thread id 20500.
2026-07-29 04:22:34,503 [ERROR] src.monitor: Failed to reload runtime alerts from SQLite; keeping previous rules: SQLite objects created in a thread can only be used in that same thread. The object was created in thread id 4420 and this is thread id 20500.
2026-07-29 04:22:34,514 [INFO] __main__: Webhook notifier enabled from config.yaml/WEBHOOK_URL
2026-07-29 04:22:34,517 [ERROR] src.monitor: Failed to reload paper trading config; keeping previous config: SQLite objects created in a thread can only be used in that same thread. The object was created in thread id 4420 and this is thread id 20500.
2026-07-29 04:22:34,517 [INFO] src.monitor: Skipping stock cycle: none of ['A股', '港股', '美股'] is in a trading session
2026-07-29 04:22:34,517 [INFO] apscheduler.executors.default: Job "Fetch stock quotes every 10 minutes (trigger: interval[0:10:00], next run at: 2026-07-29 04:32:34 CST)" executed successfully
2026-07-29 04:32:34,504 [INFO] apscheduler.executors.default: Running job "Fetch stock quotes every 10 minutes (trigger: interval[0:10:00], next run at: 2026-07-29 04:42:34 CST)" (scheduled at 2026-07-29 04:32:34.498010+08:00)
2026-07-29 04:32:34,504 [ERROR] src.monitor: Failed to reload runtime watchlist from SQLite; keeping previous stocks: SQLite objects created in a thread can only be used in that same thread. The object was created in thread id 4420 and this is thread id 20500.
2026-07-29 04:32:34,504 [ERROR] src.monitor: Failed to reload runtime alerts from SQLite; keeping previous rules: SQLite objects created in a thread can only be used in that same thread. The object was created in thread id 4420 and this is thread id 20500.
2026-07-29 04:32:34,507 [INFO] __main__: Webhook notifier enabled from config.yaml/WEBHOOK_URL
2026-07-29 04:32:34,510 [ERROR] src.monitor: Failed to reload paper trading config; keeping previous config: SQLite objects created in a thread can only be used in that same thread. The object was created in thread id 4420 and this is thread id 20500.
2026-07-29 04:32:34,510 [INFO] src.monitor: Skipping stock cycle: none of ['A股', '港股', '美股'] is in a trading session
2026-07-29 04:32:34,510 [INFO] apscheduler.executors.default: Job "Fetch stock quotes every 10 minutes (trigger: interval[0:10:00], next run at: 2026-07-29 04:42:34 CST)" executed successfully
2026-07-29 04:42:34,512 [INFO] apscheduler.executors.default: Running job "Fetch stock quotes every 10 minutes (trigger: interval[0:10:00], next run at: 2026-07-29 04:52:34 CST)" (scheduled at 2026-07-29 04:42:34.498010+08:00)
2026-07-29 04:42:34,513 [ERROR] src.monitor: Failed to reload runtime watchlist from SQLite; keeping previous stocks: SQLite objects created in a thread can only be used in that same thread. The object was created in thread id 4420 and this is thread id 20500.
2026-07-29 04:42:34,514 [ERROR] src.monitor: Failed to reload runtime alerts from SQLite; keeping previous rules: SQLite objects created in a thread can only be used in that same thread. The object was created in thread id 4420 and this is thread id 20500.
2026-07-29 04:42:34,517 [INFO] __main__: Webhook notifier enabled from config.yaml/WEBHOOK_URL
2026-07-29 04:42:34,520 [ERROR] src.monitor: Failed to reload paper trading config; keeping previous config: SQLite objects created in a thread can only be used in that same thread. The object was created in thread id 4420 and this is thread id 20500.
2026-07-29 04:42:34,520 [INFO] src.monitor: Skipping stock cycle: none of ['A股', '港股', '美股'] is in a trading session
2026-07-29 04:42:34,520 [INFO] apscheduler.executors.default: Job "Fetch stock quotes every 10 minutes (trigger: interval[0:10:00], next run at: 2026-07-29 04:52:34 CST)" executed successfully
2026-07-29 04:52:34,502 [INFO] apscheduler.executors.default: Running job "Fetch stock quotes every 10 minutes (trigger: interval[0:10:00], next run at: 2026-07-29 05:02:34 CST)" (scheduled at 2026-07-29 04:52:34.498010+08:00)
2026-07-29 04:52:34,503 [ERROR] src.monitor: Failed to reload runtime watchlist from SQLite; keeping previous stocks: SQLite objects created in a thread can only be used in that same thread. The object was created in thread id 4420 and this is thread id 20500.
2026-07-29 04:52:34,503 [ERROR] src.monitor: Failed to reload runtime alerts from SQLite; keeping previous rules: SQLite objects created in a thread can only be used in that same thread. The object was created in thread id 4420 and this is thread id 20500.
2026-07-29 04:52:34,509 [INFO] __main__: Webhook notifier enabled from config.yaml/WEBHOOK_URL
2026-07-29 04:52:34,512 [ERROR] src.monitor: Failed to reload paper trading config; keeping previous config: SQLite objects created in a thread can only be used in that same thread. The object was created in thread id 4420 and this is thread id 20500.
2026-07-29 04:52:34,512 [INFO] src.monitor: Skipping stock cycle: none of ['A股', '港股', '美股'] is in a trading session
2026-07-29 04:52:34,512 [INFO] apscheduler.executors.default: Job "Fetch stock quotes every 10 minutes (trigger: interval[0:10:00], next run at: 2026-07-29 05:02:34 CST)" executed successfully
2026-07-29 05:02:34,498 [INFO] apscheduler.executors.default: Running job "Fetch stock quotes every 10 minutes (trigger: interval[0:10:00], next run at: 2026-07-29 05:12:34 CST)" (scheduled at 2026-07-29 05:02:34.498010+08:00)
2026-07-29 05:02:34,498 [ERROR] src.monitor: Failed to reload runtime watchlist from SQLite; keeping previous stocks: SQLite objects created in a thread can only be used in that same thread. The object was created in thread id 4420 and this is thread id 20500.
2026-07-29 05:02:34,499 [ERROR] src.monitor: Failed to reload runtime alerts from SQLite; keeping previous rules: SQLite objects created in a thread can only be used in that same thread. The object was created in thread id 4420 and this is thread id 20500.
2026-07-29 05:02:34,501 [INFO] __main__: Webhook notifier enabled from config.yaml/WEBHOOK_URL
2026-07-29 05:02:34,504 [ERROR] src.monitor: Failed to reload paper trading config; keeping previous config: SQLite objects created in a thread can only be used in that same thread. The object was created in thread id 4420 and this is thread id 20500.
2026-07-29 05:02:34,504 [INFO] src.monitor: Skipping stock cycle: none of ['A股', '港股', '美股'] is in a trading session
2026-07-29 05:02:34,504 [INFO] apscheduler.executors.default: Job "Fetch stock quotes every 10 minutes (trigger: interval[0:10:00], next run at: 2026-07-29 05:12:34 CST)" executed successfully
2026-07-29 05:12:34,504 [INFO] apscheduler.executors.default: Running job "Fetch stock quotes every 10 minutes (trigger: interval[0:10:00], next run at: 2026-07-29 05:22:34 CST)" (scheduled at 2026-07-29 05:12:34.498010+08:00)
2026-07-29 05:12:34,504 [ERROR] src.monitor: Failed to reload runtime watchlist from SQLite; keeping previous stocks: SQLite objects created in a thread can only be used in that same thread. The object was created in thread id 4420 and this is thread id 20500.
2026-07-29 05:12:34,505 [ERROR] src.monitor: Failed to reload runtime alerts from SQLite; keeping previous rules: SQLite objects created in a thread can only be used in that same thread. The object was created in thread id 4420 and this is thread id 20500.
2026-07-29 05:12:34,507 [INFO] __main__: Webhook notifier enabled from config.yaml/WEBHOOK_URL
2026-07-29 05:12:34,510 [ERROR] src.monitor: Failed to reload paper trading config; keeping previous config: SQLite objects created in a thread can only be used in that same thread. The object was created in thread id 4420 and this is thread id 20500.
2026-07-29 05:12:34,511 [INFO] src.monitor: Skipping stock cycle: none of ['A股', '港股', '美股'] is in a trading session
2026-07-29 05:12:34,511 [INFO] apscheduler.executors.default: Job "Fetch stock quotes every 10 minutes (trigger: interval[0:10:00], next run at: 2026-07-29 05:22:34 CST)" executed successfully
2026-07-29 05:22:34,501 [INFO] apscheduler.executors.default: Running job "Fetch stock quotes every 10 minutes (trigger: interval[0:10:00], next run at: 2026-07-29 05:32:34 CST)" (scheduled at 2026-07-29 05:22:34.498010+08:00)
2026-07-29 05:22:34,501 [ERROR] src.monitor: Failed to reload runtime watchlist from SQLite; keeping previous stocks: SQLite objects created in a thread can only be used in that same thread. The object was created in thread id 4420 and this is thread id 20500.
2026-07-29 05:22:34,502 [ERROR] src.monitor: Failed to reload runtime alerts from SQLite; keeping previous rules: SQLite objects created in a thread can only be used in that same thread. The object was created in thread id 4420 and this is thread id 20500.
2026-07-29 05:22:34,504 [INFO] __main__: Webhook notifier enabled from config.yaml/WEBHOOK_URL
2026-07-29 05:22:34,507 [ERROR] src.monitor: Failed to reload paper trading config; keeping previous config: SQLite objects created in a thread can only be used in that same thread. The object was created in thread id 4420 and this is thread id 20500.
2026-07-29 05:22:34,507 [INFO] src.monitor: Skipping stock cycle: none of ['A股', '港股', '美股'] is in a trading session
2026-07-29 05:22:34,508 [INFO] apscheduler.executors.default: Job "Fetch stock quotes every 10 minutes (trigger: interval[0:10:00], next run at: 2026-07-29 05:32:34 CST)" executed successfully
2026-07-29 05:32:34,500 [INFO] apscheduler.executors.default: Running job "Fetch stock quotes every 10 minutes (trigger: interval[0:10:00], next run at: 2026-07-29 05:42:34 CST)" (scheduled at 2026-07-29 05:32:34.498010+08:00)
2026-07-29 05:32:34,501 [ERROR] src.monitor: Failed to reload runtime watchlist from SQLite; keeping previous stocks: SQLite objects created in a thread can only be used in that same thread. The object was created in thread id 4420 and this is thread id 20500.
2026-07-29 05:32:34,501 [ERROR] src.monitor: Failed to reload runtime alerts from SQLite; keeping previous rules: SQLite objects created in a thread can only be used in that same thread. The object was created in thread id 4420 and this is thread id 20500.
2026-07-29 05:32:34,505 [INFO] __main__: Webhook notifier enabled from config.yaml/WEBHOOK_URL
2026-07-29 05:32:34,509 [ERROR] src.monitor: Failed to reload paper trading config; keeping previous config: SQLite objects created in a thread can only be used in that same thread. The object was created in thread id 4420 and this is thread id 20500.
2026-07-29 05:32:34,509 [INFO] src.monitor: Skipping stock cycle: none of ['A股', '港股', '美股'] is in a trading session
2026-07-29 05:32:34,509 [INFO] apscheduler.executors.default: Job "Fetch stock quotes every 10 minutes (trigger: interval[0:10:00], next run at: 2026-07-29 05:42:34 CST)" executed successfully
2026-07-29 05:42:34,512 [INFO] apscheduler.executors.default: Running job "Fetch stock quotes every 10 minutes (trigger: interval[0:10:00], next run at: 2026-07-29 05:52:34 CST)" (scheduled at 2026-07-29 05:42:34.498010+08:00)
2026-07-29 05:42:34,512 [ERROR] src.monitor: Failed to reload runtime watchlist from SQLite; keeping previous stocks: SQLite objects created in a thread can only be used in that same thread. The object was created in thread id 4420 and this is thread id 20500.
2026-07-29 05:42:34,512 [ERROR] src.monitor: Failed to reload runtime alerts from SQLite; keeping previous rules: SQLite objects created in a thread can only be used in that same thread. The object was created in thread id 4420 and this is thread id 20500.
2026-07-29 05:42:34,515 [INFO] __main__: Webhook notifier enabled from config.yaml/WEBHOOK_URL
2026-07-29 05:42:34,517 [ERROR] src.monitor: Failed to reload paper trading config; keeping previous config: SQLite objects created in a thread can only be used in that same thread. The object was created in thread id 4420 and this is thread id 20500.
2026-07-29 05:42:34,518 [INFO] src.monitor: Skipping stock cycle: none of ['A股', '港股', '美股'] is in a trading session
2026-07-29 05:42:34,518 [INFO] apscheduler.executors.default: Job "Fetch stock quotes every 10 minutes (trigger: interval[0:10:00], next run at: 2026-07-29 05:52:34 CST)" executed successfully
2026-07-29 05:52:34,505 [INFO] apscheduler.executors.default: Running job "Fetch stock quotes every 10 minutes (trigger: interval[0:10:00], next run at: 2026-07-29 06:02:34 CST)" (scheduled at 2026-07-29 05:52:34.498010+08:00)
2026-07-29 05:52:34,505 [ERROR] src.monitor: Failed to reload runtime watchlist from SQLite; keeping previous stocks: SQLite objects created in a thread can only be used in that same thread. The object was created in thread id 4420 and this is thread id 20500.
2026-07-29 05:52:34,505 [ERROR] src.monitor: Failed to reload runtime alerts from SQLite; keeping previous rules: SQLite objects created in a thread can only be used in that same thread. The object was created in thread id 4420 and this is thread id 20500.
2026-07-29 05:52:34,508 [INFO] __main__: Webhook notifier enabled from config.yaml/WEBHOOK_URL
2026-07-29 05:52:34,510 [ERROR] src.monitor: Failed to reload paper trading config; keeping previous config: SQLite objects created in a thread can only be used in that same thread. The object was created in thread id 4420 and this is thread id 20500.
2026-07-29 05:52:34,510 [INFO] src.monitor: Skipping stock cycle: none of ['A股', '港股', '美股'] is in a trading session
2026-07-29 05:52:34,511 [INFO] apscheduler.executors.default: Job "Fetch stock quotes every 10 minutes (trigger: interval[0:10:00], next run at: 2026-07-29 06:02:34 CST)" executed successfully
2026-07-29 06:02:34,512 [INFO] apscheduler.executors.default: Running job "Fetch stock quotes every 10 minutes (trigger: interval[0:10:00], next run at: 2026-07-29 06:12:34 CST)" (scheduled at 2026-07-29 06:02:34.498010+08:00)
2026-07-29 06:02:34,512 [ERROR] src.monitor: Failed to reload runtime watchlist from SQLite; keeping previous stocks: SQLite objects created in a thread can only be used in that same thread. The object was created in thread id 4420 and this is thread id 20500.
2026-07-29 06:02:34,513 [ERROR] src.monitor: Failed to reload runtime alerts from SQLite; keeping previous rules: SQLite objects created in a thread can only be used in that same thread. The object was created in thread id 4420 and this is thread id 20500.
2026-07-29 06:02:34,515 [INFO] __main__: Webhook notifier enabled from config.yaml/WEBHOOK_URL
2026-07-29 06:02:34,517 [ERROR] src.monitor: Failed to reload paper trading config; keeping previous config: SQLite objects created in a thread can only be used in that same thread. The object was created in thread id 4420 and this is thread id 20500.
2026-07-29 06:02:34,518 [INFO] src.monitor: Skipping stock cycle: none of ['A股', '港股', '美股'] is in a trading session
2026-07-29 06:02:34,518 [INFO] apscheduler.executors.default: Job "Fetch stock quotes every 10 minutes (trigger: interval[0:10:00], next run at: 2026-07-29 06:12:34 CST)" executed successfully
2026-07-29 06:12:34,512 [INFO] apscheduler.executors.default: Running job "Fetch stock quotes every 10 minutes (trigger: interval[0:10:00], next run at: 2026-07-29 06:22:34 CST)" (scheduled at 2026-07-29 06:12:34.498010+08:00)
2026-07-29 06:12:34,512 [ERROR] src.monitor: Failed to reload runtime watchlist from SQLite; keeping previous stocks: SQLite objects created in a thread can only be used in that same thread. The object was created in thread id 4420 and this is thread id 20500.
2026-07-29 06:12:34,513 [ERROR] src.monitor: Failed to reload runtime alerts from SQLite; keeping previous rules: SQLite objects created in a thread can only be used in that same thread. The object was created in thread id 4420 and this is thread id 20500.
2026-07-29 06:12:34,515 [INFO] __main__: Webhook notifier enabled from config.yaml/WEBHOOK_URL
2026-07-29 06:12:34,518 [ERROR] src.monitor: Failed to reload paper trading config; keeping previous config: SQLite objects created in a thread can only be used in that same thread. The object was created in thread id 4420 and this is thread id 20500.
2026-07-29 06:12:34,519 [INFO] src.monitor: Skipping stock cycle: none of ['A股', '港股', '美股'] is in a trading session
2026-07-29 06:12:34,519 [INFO] apscheduler.executors.default: Job "Fetch stock quotes every 10 minutes (trigger: interval[0:10:00], next run at: 2026-07-29 06:22:34 CST)" executed successfully
2026-07-29 06:22:34,507 [INFO] apscheduler.executors.default: Running job "Fetch stock quotes every 10 minutes (trigger: interval[0:10:00], next run at: 2026-07-29 06:32:34 CST)" (scheduled at 2026-07-29 06:22:34.498010+08:00)
2026-07-29 06:22:34,507 [ERROR] src.monitor: Failed to reload runtime watchlist from SQLite; keeping previous stocks: SQLite objects created in a thread can only be used in that same thread. The object was created in thread id 4420 and this is thread id 20500.
2026-07-29 06:22:34,507 [ERROR] src.monitor: Failed to reload runtime alerts from SQLite; keeping previous rules: SQLite objects created in a thread can only be used in that same thread. The object was created in thread id 4420 and this is thread id 20500.
2026-07-29 06:22:34,510 [INFO] __main__: Webhook notifier enabled from config.yaml/WEBHOOK_URL
2026-07-29 06:22:34,513 [ERROR] src.monitor: Failed to reload paper trading config; keeping previous config: SQLite objects created in a thread can only be used in that same thread. The object was created in thread id 4420 and this is thread id 20500.
2026-07-29 06:22:34,514 [INFO] src.monitor: Skipping stock cycle: none of ['A股', '港股', '美股'] is in a trading session
2026-07-29 06:22:34,514 [INFO] apscheduler.executors.default: Job "Fetch stock quotes every 10 minutes (trigger: interval[0:10:00], next run at: 2026-07-29 06:32:34 CST)" executed successfully
2026-07-29 06:32:34,503 [INFO] apscheduler.executors.default: Running job "Fetch stock quotes every 10 minutes (trigger: interval[0:10:00], next run at: 2026-07-29 06:42:34 CST)" (scheduled at 2026-07-29 06:32:34.498010+08:00)
2026-07-29 06:32:34,504 [ERROR] src.monitor: Failed to reload runtime watchlist from SQLite; keeping previous stocks: SQLite objects created in a thread can only be used in that same thread. The object was created in thread id 4420 and this is thread id 20500.
2026-07-29 06:32:34,504 [ERROR] src.monitor: Failed to reload runtime alerts from SQLite; keeping previous rules: SQLite objects created in a thread can only be used in that same thread. The object was created in thread id 4420 and this is thread id 20500.
2026-07-29 06:32:34,506 [INFO] __main__: Webhook notifier enabled from config.yaml/WEBHOOK_URL
2026-07-29 06:32:34,509 [ERROR] src.monitor: Failed to reload paper trading config; keeping previous config: SQLite objects created in a thread can only be used in that same thread. The object was created in thread id 4420 and this is thread id 20500.
2026-07-29 06:32:34,509 [INFO] src.monitor: Skipping stock cycle: none of ['A股', '港股', '美股'] is in a trading session
2026-07-29 06:32:34,509 [INFO] apscheduler.executors.default: Job "Fetch stock quotes every 10 minutes (trigger: interval[0:10:00], next run at: 2026-07-29 06:42:34 CST)" executed successfully
2026-07-29 06:42:34,500 [INFO] apscheduler.executors.default: Running job "Fetch stock quotes every 10 minutes (trigger: interval[0:10:00], next run at: 2026-07-29 06:52:34 CST)" (scheduled at 2026-07-29 06:42:34.498010+08:00)
2026-07-29 06:42:34,501 [ERROR] src.monitor: Failed to reload runtime watchlist from SQLite; keeping previous stocks: SQLite objects created in a thread can only be used in that same thread. The object was created in thread id 4420 and this is thread id 20500.
2026-07-29 06:42:34,502 [ERROR] src.monitor: Failed to reload runtime alerts from SQLite; keeping previous rules: SQLite objects created in a thread can only be used in that same thread. The object was created in thread id 4420 and this is thread id 20500.
2026-07-29 06:42:34,505 [INFO] __main__: Webhook notifier enabled from config.yaml/WEBHOOK_URL
2026-07-29 06:42:34,508 [ERROR] src.monitor: Failed to reload paper trading config; keeping previous config: SQLite objects created in a thread can only be used in that same thread. The object was created in thread id 4420 and this is thread id 20500.
2026-07-29 06:42:34,508 [INFO] src.monitor: Skipping stock cycle: none of ['A股', '港股', '美股'] is in a trading session
2026-07-29 06:42:34,508 [INFO] apscheduler.executors.default: Job "Fetch stock quotes every 10 minutes (trigger: interval[0:10:00], next run at: 2026-07-29 06:52:34 CST)" executed successfully
2026-07-29 06:52:34,500 [INFO] apscheduler.executors.default: Running job "Fetch stock quotes every 10 minutes (trigger: interval[0:10:00], next run at: 2026-07-29 07:02:34 CST)" (scheduled at 2026-07-29 06:52:34.498010+08:00)
2026-07-29 06:52:34,500 [ERROR] src.monitor: Failed to reload runtime watchlist from SQLite; keeping previous stocks: SQLite objects created in a thread can only be used in that same thread. The object was created in thread id 4420 and this is thread id 20500.
2026-07-29 06:52:34,500 [ERROR] src.monitor: Failed to reload runtime alerts from SQLite; keeping previous rules: SQLite objects created in a thread can only be used in that same thread. The object was created in thread id 4420 and this is thread id 20500.
2026-07-29 06:52:34,503 [INFO] __main__: Webhook notifier enabled from config.yaml/WEBHOOK_URL
2026-07-29 06:52:34,504 [ERROR] src.monitor: Failed to reload paper trading config; keeping previous config: SQLite objects created in a thread can only be used in that same thread. The object was created in thread id 4420 and this is thread id 20500.
2026-07-29 06:52:34,505 [INFO] src.monitor: Skipping stock cycle: none of ['A股', '港股', '美股'] is in a trading session
2026-07-29 06:52:34,505 [INFO] apscheduler.executors.default: Job "Fetch stock quotes every 10 minutes (trigger: interval[0:10:00], next run at: 2026-07-29 07:02:34 CST)" executed successfully
2026-07-29 07:02:34,512 [INFO] apscheduler.executors.default: Running job "Fetch stock quotes every 10 minutes (trigger: interval[0:10:00], next run at: 2026-07-29 07:12:34 CST)" (scheduled at 2026-07-29 07:02:34.498010+08:00)
2026-07-29 07:02:34,513 [ERROR] src.monitor: Failed to reload runtime watchlist from SQLite; keeping previous stocks: SQLite objects created in a thread can only be used in that same thread. The object was created in thread id 4420 and this is thread id 20500.
2026-07-29 07:02:34,513 [ERROR] src.monitor: Failed to reload runtime alerts from SQLite; keeping previous rules: SQLite objects created in a thread can only be used in that same thread. The object was created in thread id 4420 and this is thread id 20500.
2026-07-29 07:02:34,517 [INFO] __main__: Webhook notifier enabled from config.yaml/WEBHOOK_URL
2026-07-29 07:02:34,519 [ERROR] src.monitor: Failed to reload paper trading config; keeping previous config: SQLite objects created in a thread can only be used in that same thread. The object was created in thread id 4420 and this is thread id 20500.
2026-07-29 07:02:34,520 [INFO] src.monitor: Skipping stock cycle: none of ['A股', '港股', '美股'] is in a trading session
2026-07-29 07:02:34,520 [INFO] apscheduler.executors.default: Job "Fetch stock quotes every 10 minutes (trigger: interval[0:10:00], next run at: 2026-07-29 07:12:34 CST)" executed successfully
2026-07-29 07:12:34,502 [INFO] apscheduler.executors.default: Running job "Fetch stock quotes every 10 minutes (trigger: interval[0:10:00], next run at: 2026-07-29 07:22:34 CST)" (scheduled at 2026-07-29 07:12:34.498010+08:00)
2026-07-29 07:12:34,503 [ERROR] src.monitor: Failed to reload runtime watchlist from SQLite; keeping previous stocks: SQLite objects created in a thread can only be used in that same thread. The object was created in thread id 4420 and this is thread id 20500.
2026-07-29 07:12:34,503 [ERROR] src.monitor: Failed to reload runtime alerts from SQLite; keeping previous rules: SQLite objects created in a thread can only be used in that same thread. The object was created in thread id 4420 and this is thread id 20500.
2026-07-29 07:12:34,505 [INFO] __main__: Webhook notifier enabled from config.yaml/WEBHOOK_URL
2026-07-29 07:12:34,509 [ERROR] src.monitor: Failed to reload paper trading config; keeping previous config: SQLite objects created in a thread can only be used in that same thread. The object was created in thread id 4420 and this is thread id 20500.
2026-07-29 07:12:34,509 [INFO] src.monitor: Skipping stock cycle: none of ['A股', '港股', '美股'] is in a trading session
2026-07-29 07:12:34,509 [INFO] apscheduler.executors.default: Job "Fetch stock quotes every 10 minutes (trigger: interval[0:10:00], next run at: 2026-07-29 07:22:34 CST)" executed successfully
2026-07-29 07:22:34,513 [INFO] apscheduler.executors.default: Running job "Fetch stock quotes every 10 minutes (trigger: interval[0:10:00], next run at: 2026-07-29 07:32:34 CST)" (scheduled at 2026-07-29 07:22:34.498010+08:00)
2026-07-29 07:22:34,513 [ERROR] src.monitor: Failed to reload runtime watchlist from SQLite; keeping previous stocks: SQLite objects created in a thread can only be used in that same thread. The object was created in thread id 4420 and this is thread id 20500.
2026-07-29 07:22:34,513 [ERROR] src.monitor: Failed to reload runtime alerts from SQLite; keeping previous rules: SQLite objects created in a thread can only be used in that same thread. The object was created in thread id 4420 and this is thread id 20500.
2026-07-29 07:22:34,516 [INFO] __main__: Webhook notifier enabled from config.yaml/WEBHOOK_URL
2026-07-29 07:22:34,518 [ERROR] src.monitor: Failed to reload paper trading config; keeping previous config: SQLite objects created in a thread can only be used in that same thread. The object was created in thread id 4420 and this is thread id 20500.
2026-07-29 07:22:34,518 [INFO] src.monitor: Skipping stock cycle: none of ['A股', '港股', '美股'] is in a trading session
2026-07-29 07:22:34,518 [INFO] apscheduler.executors.default: Job "Fetch stock quotes every 10 minutes (trigger: interval[0:10:00], next run at: 2026-07-29 07:32:34 CST)" executed successfully
2026-07-29 07:32:34,513 [INFO] apscheduler.executors.default: Running job "Fetch stock quotes every 10 minutes (trigger: interval[0:10:00], next run at: 2026-07-29 07:42:34 CST)" (scheduled at 2026-07-29 07:32:34.498010+08:00)
2026-07-29 07:32:34,513 [ERROR] src.monitor: Failed to reload runtime watchlist from SQLite; keeping previous stocks: SQLite objects created in a thread can only be used in that same thread. The object was created in thread id 4420 and this is thread id 20500.
2026-07-29 07:32:34,514 [ERROR] src.monitor: Failed to reload runtime alerts from SQLite; keeping previous rules: SQLite objects created in a thread can only be used in that same thread. The object was created in thread id 4420 and this is thread id 20500.
2026-07-29 07:32:34,516 [INFO] __main__: Webhook notifier enabled from config.yaml/WEBHOOK_URL
2026-07-29 07:32:34,519 [ERROR] src.monitor: Failed to reload paper trading config; keeping previous config: SQLite objects created in a thread can only be used in that same thread. The object was created in thread id 4420 and this is thread id 20500.
2026-07-29 07:32:34,519 [INFO] src.monitor: Skipping stock cycle: none of ['A股', '港股', '美股'] is in a trading session
2026-07-29 07:32:34,519 [INFO] apscheduler.executors.default: Job "Fetch stock quotes every 10 minutes (trigger: interval[0:10:00], next run at: 2026-07-29 07:42:34 CST)" executed successfully
2026-07-29 07:42:34,510 [INFO] apscheduler.executors.default: Running job "Fetch stock quotes every 10 minutes (trigger: interval[0:10:00], next run at: 2026-07-29 07:52:34 CST)" (scheduled at 2026-07-29 07:42:34.498010+08:00)
2026-07-29 07:42:34,510 [ERROR] src.monitor: Failed to reload runtime watchlist from SQLite; keeping previous stocks: SQLite objects created in a thread can only be used in that same thread. The object was created in thread id 4420 and this is thread id 20500.
2026-07-29 07:42:34,510 [ERROR] src.monitor: Failed to reload runtime alerts from SQLite; keeping previous rules: SQLite objects created in a thread can only be used in that same thread. The object was created in thread id 4420 and this is thread id 20500.
2026-07-29 07:42:34,513 [INFO] __main__: Webhook notifier enabled from config.yaml/WEBHOOK_URL
2026-07-29 07:42:34,515 [ERROR] src.monitor: Failed to reload paper trading config; keeping previous config: SQLite objects created in a thread can only be used in that same thread. The object was created in thread id 4420 and this is thread id 20500.
2026-07-29 07:42:34,515 [INFO] src.monitor: Skipping stock cycle: none of ['A股', '港股', '美股'] is in a trading session
2026-07-29 07:42:34,515 [INFO] apscheduler.executors.default: Job "Fetch stock quotes every 10 minutes (trigger: interval[0:10:00], next run at: 2026-07-29 07:52:34 CST)" executed successfully
2026-07-29 07:52:34,511 [INFO] apscheduler.executors.default: Running job "Fetch stock quotes every 10 minutes (trigger: interval[0:10:00], next run at: 2026-07-29 08:02:34 CST)" (scheduled at 2026-07-29 07:52:34.498010+08:00)
2026-07-29 07:52:34,512 [ERROR] src.monitor: Failed to reload runtime watchlist from SQLite; keeping previous stocks: SQLite objects created in a thread can only be used in that same thread. The object was created in thread id 4420 and this is thread id 20500.
2026-07-29 07:52:34,512 [ERROR] src.monitor: Failed to reload runtime alerts from SQLite; keeping previous rules: SQLite objects created in a thread can only be used in that same thread. The object was created in thread id 4420 and this is thread id 20500.
2026-07-29 07:52:34,514 [INFO] __main__: Webhook notifier enabled from config.yaml/WEBHOOK_URL
2026-07-29 07:52:34,516 [ERROR] src.monitor: Failed to reload paper trading config; keeping previous config: SQLite objects created in a thread can only be used in that same thread. The object was created in thread id 4420 and this is thread id 20500.
2026-07-29 07:52:34,517 [INFO] src.monitor: Skipping stock cycle: none of ['A股', '港股', '美股'] is in a trading session
2026-07-29 07:52:34,517 [INFO] apscheduler.executors.default: Job "Fetch stock quotes every 10 minutes (trigger: interval[0:10:00], next run at: 2026-07-29 08:02:34 CST)" executed successfully
2026-07-29 08:02:34,507 [INFO] apscheduler.executors.default: Running job "Fetch stock quotes every 10 minutes (trigger: interval[0:10:00], next run at: 2026-07-29 08:12:34 CST)" (scheduled at 2026-07-29 08:02:34.498010+08:00)
2026-07-29 08:02:34,507 [ERROR] src.monitor: Failed to reload runtime watchlist from SQLite; keeping previous stocks: SQLite objects created in a thread can only be used in that same thread. The object was created in thread id 4420 and this is thread id 20500.
2026-07-29 08:02:34,507 [ERROR] src.monitor: Failed to reload runtime alerts from SQLite; keeping previous rules: SQLite objects created in a thread can only be used in that same thread. The object was created in thread id 4420 and this is thread id 20500.
2026-07-29 08:02:34,510 [INFO] __main__: Webhook notifier enabled from config.yaml/WEBHOOK_URL
2026-07-29 08:02:34,512 [ERROR] src.monitor: Failed to reload paper trading config; keeping previous config: SQLite objects created in a thread can only be used in that same thread. The object was created in thread id 4420 and this is thread id 20500.
2026-07-29 08:02:34,512 [INFO] src.monitor: Skipping stock cycle: none of ['A股', '港股', '美股'] is in a trading session
2026-07-29 08:02:34,512 [INFO] apscheduler.executors.default: Job "Fetch stock quotes every 10 minutes (trigger: interval[0:10:00], next run at: 2026-07-29 08:12:34 CST)" executed successfully
2026-07-29 08:12:34,505 [INFO] apscheduler.executors.default: Running job "Fetch stock quotes every 10 minutes (trigger: interval[0:10:00], next run at: 2026-07-29 08:22:34 CST)" (scheduled at 2026-07-29 08:12:34.498010+08:00)
2026-07-29 08:12:34,505 [ERROR] src.monitor: Failed to reload runtime watchlist from SQLite; keeping previous stocks: SQLite objects created in a thread can only be used in that same thread. The object was created in thread id 4420 and this is thread id 20500.
2026-07-29 08:12:34,505 [ERROR] src.monitor: Failed to reload runtime alerts from SQLite; keeping previous rules: SQLite objects created in a thread can only be used in that same thread. The object was created in thread id 4420 and this is thread id 20500.
2026-07-29 08:12:34,508 [INFO] __main__: Webhook notifier enabled from config.yaml/WEBHOOK_URL
2026-07-29 08:12:34,510 [ERROR] src.monitor: Failed to reload paper trading config; keeping previous config: SQLite objects created in a thread can only be used in that same thread. The object was created in thread id 4420 and this is thread id 20500.
2026-07-29 08:12:34,510 [INFO] src.monitor: Skipping stock cycle: none of ['A股', '港股', '美股'] is in a trading session
2026-07-29 08:12:34,510 [INFO] apscheduler.executors.default: Job "Fetch stock quotes every 10 minutes (trigger: interval[0:10:00], next run at: 2026-07-29 08:22:34 CST)" executed successfully
2026-07-29 08:22:34,504 [INFO] apscheduler.executors.default: Running job "Fetch stock quotes every 10 minutes (trigger: interval[0:10:00], next run at: 2026-07-29 08:32:34 CST)" (scheduled at 2026-07-29 08:22:34.498010+08:00)
2026-07-29 08:22:34,506 [ERROR] src.monitor: Failed to reload runtime watchlist from SQLite; keeping previous stocks: SQLite objects created in a thread can only be used in that same thread. The object was created in thread id 4420 and this is thread id 20500.
2026-07-29 08:22:34,506 [ERROR] src.monitor: Failed to reload runtime alerts from SQLite; keeping previous rules: SQLite objects created in a thread can only be used in that same thread. The object was created in thread id 4420 and this is thread id 20500.
2026-07-29 08:22:34,509 [INFO] __main__: Webhook notifier enabled from config.yaml/WEBHOOK_URL
2026-07-29 08:22:34,512 [ERROR] src.monitor: Failed to reload paper trading config; keeping previous config: SQLite objects created in a thread can only be used in that same thread. The object was created in thread id 4420 and this is thread id 20500.
2026-07-29 08:22:34,512 [INFO] src.monitor: Skipping stock cycle: none of ['A股', '港股', '美股'] is in a trading session
2026-07-29 08:22:34,512 [INFO] apscheduler.executors.default: Job "Fetch stock quotes every 10 minutes (trigger: interval[0:10:00], next run at: 2026-07-29 08:32:34 CST)" executed successfully
2026-07-29 08:32:34,503 [INFO] apscheduler.executors.default: Running job "Fetch stock quotes every 10 minutes (trigger: interval[0:10:00], next run at: 2026-07-29 08:42:34 CST)" (scheduled at 2026-07-29 08:32:34.498010+08:00)
2026-07-29 08:32:34,503 [ERROR] src.monitor: Failed to reload runtime watchlist from SQLite; keeping previous stocks: SQLite objects created in a thread can only be used in that same thread. The object was created in thread id 4420 and this is thread id 20500.
2026-07-29 08:32:34,504 [ERROR] src.monitor: Failed to reload runtime alerts from SQLite; keeping previous rules: SQLite objects created in a thread can only be used in that same thread. The object was created in thread id 4420 and this is thread id 20500.
2026-07-29 08:32:34,506 [INFO] __main__: Webhook notifier enabled from config.yaml/WEBHOOK_URL
2026-07-29 08:32:34,508 [ERROR] src.monitor: Failed to reload paper trading config; keeping previous config: SQLite objects created in a thread can only be used in that same thread. The object was created in thread id 4420 and this is thread id 20500.
2026-07-29 08:32:34,508 [INFO] src.monitor: Skipping stock cycle: none of ['A股', '港股', '美股'] is in a trading session
2026-07-29 08:32:34,509 [INFO] apscheduler.executors.default: Job "Fetch stock quotes every 10 minutes (trigger: interval[0:10:00], next run at: 2026-07-29 08:42:34 CST)" executed successfully
2026-07-29 08:42:34,507 [INFO] apscheduler.executors.default: Running job "Fetch stock quotes every 10 minutes (trigger: interval[0:10:00], next run at: 2026-07-29 08:52:34 CST)" (scheduled at 2026-07-29 08:42:34.498010+08:00)
2026-07-29 08:42:34,507 [ERROR] src.monitor: Failed to reload runtime watchlist from SQLite; keeping previous stocks: SQLite objects created in a thread can only be used in that same thread. The object was created in thread id 4420 and this is thread id 20500.
2026-07-29 08:42:34,507 [ERROR] src.monitor: Failed to reload runtime alerts from SQLite; keeping previous rules: SQLite objects created in a thread can only be used in that same thread. The object was created in thread id 4420 and this is thread id 20500.
2026-07-29 08:42:34,510 [INFO] __main__: Webhook notifier enabled from config.yaml/WEBHOOK_URL
2026-07-29 08:42:34,512 [ERROR] src.monitor: Failed to reload paper trading config; keeping previous config: SQLite objects created in a thread can only be used in that same thread. The object was created in thread id 4420 and this is thread id 20500.
2026-07-29 08:42:34,512 [INFO] src.monitor: Skipping stock cycle: none of ['A股', '港股', '美股'] is in a trading session
2026-07-29 08:42:34,512 [INFO] apscheduler.executors.default: Job "Fetch stock quotes every 10 minutes (trigger: interval[0:10:00], next run at: 2026-07-29 08:52:34 CST)" executed successfully
2026-07-29 08:52:34,506 [INFO] apscheduler.executors.default: Running job "Fetch stock quotes every 10 minutes (trigger: interval[0:10:00], next run at: 2026-07-29 09:02:34 CST)" (scheduled at 2026-07-29 08:52:34.498010+08:00)
2026-07-29 08:52:34,506 [ERROR] src.monitor: Failed to reload runtime watchlist from SQLite; keeping previous stocks: SQLite objects created in a thread can only be used in that same thread. The object was created in thread id 4420 and this is thread id 20500.
2026-07-29 08:52:34,507 [ERROR] src.monitor: Failed to reload runtime alerts from SQLite; keeping previous rules: SQLite objects created in a thread can only be used in that same thread. The object was created in thread id 4420 and this is thread id 20500.
2026-07-29 08:52:34,509 [INFO] __main__: Webhook notifier enabled from config.yaml/WEBHOOK_URL
2026-07-29 08:52:34,511 [ERROR] src.monitor: Failed to reload paper trading config; keeping previous config: SQLite objects created in a thread can only be used in that same thread. The object was created in thread id 4420 and this is thread id 20500.
2026-07-29 08:52:34,512 [INFO] src.monitor: Skipping stock cycle: none of ['A股', '港股', '美股'] is in a trading session
2026-07-29 08:52:34,512 [INFO] apscheduler.executors.default: Job "Fetch stock quotes every 10 minutes (trigger: interval[0:10:00], next run at: 2026-07-29 09:02:34 CST)" executed successfully
2026-07-29 09:02:34,509 [INFO] apscheduler.executors.default: Running job "Fetch stock quotes every 10 minutes (trigger: interval[0:10:00], next run at: 2026-07-29 09:12:34 CST)" (scheduled at 2026-07-29 09:02:34.498010+08:00)
2026-07-29 09:02:34,509 [ERROR] src.monitor: Failed to reload runtime watchlist from SQLite; keeping previous stocks: SQLite objects created in a thread can only be used in that same thread. The object was created in thread id 4420 and this is thread id 20500.
2026-07-29 09:02:34,509 [ERROR] src.monitor: Failed to reload runtime alerts from SQLite; keeping previous rules: SQLite objects created in a thread can only be used in that same thread. The object was created in thread id 4420 and this is thread id 20500.
2026-07-29 09:02:34,512 [INFO] __main__: Webhook notifier enabled from config.yaml/WEBHOOK_URL
2026-07-29 09:02:34,514 [ERROR] src.monitor: Failed to reload paper trading config; keeping previous config: SQLite objects created in a thread can only be used in that same thread. The object was created in thread id 4420 and this is thread id 20500.
2026-07-29 09:02:34,515 [INFO] src.monitor: Skipping stock cycle: none of ['A股', '港股', '美股'] is in a trading session
2026-07-29 09:02:34,515 [INFO] apscheduler.executors.default: Job "Fetch stock quotes every 10 minutes (trigger: interval[0:10:00], next run at: 2026-07-29 09:12:34 CST)" executed successfully
2026-07-29 09:12:34,512 [INFO] apscheduler.executors.default: Running job "Fetch stock quotes every 10 minutes (trigger: interval[0:10:00], next run at: 2026-07-29 09:22:34 CST)" (scheduled at 2026-07-29 09:12:34.498010+08:00)
2026-07-29 09:12:34,512 [ERROR] src.monitor: Failed to reload runtime watchlist from SQLite; keeping previous stocks: SQLite objects created in a thread can only be used in that same thread. The object was created in thread id 4420 and this is thread id 20500.
2026-07-29 09:12:34,513 [ERROR] src.monitor: Failed to reload runtime alerts from SQLite; keeping previous rules: SQLite objects created in a thread can only be used in that same thread. The object was created in thread id 4420 and this is thread id 20500.
2026-07-29 09:12:34,518 [INFO] __main__: Webhook notifier enabled from config.yaml/WEBHOOK_URL
2026-07-29 09:12:34,521 [ERROR] src.monitor: Failed to reload paper trading config; keeping previous config: SQLite objects created in a thread can only be used in that same thread. The object was created in thread id 4420 and this is thread id 20500.
2026-07-29 09:12:34,521 [INFO] src.monitor: Skipping stock cycle: none of ['A股', '港股', '美股'] is in a trading session
2026-07-29 09:12:34,521 [INFO] apscheduler.executors.default: Job "Fetch stock quotes every 10 minutes (trigger: interval[0:10:00], next run at: 2026-07-29 09:22:34 CST)" executed successfully
2026-07-29 09:22:34,503 [INFO] apscheduler.executors.default: Running job "Fetch stock quotes every 10 minutes (trigger: interval[0:10:00], next run at: 2026-07-29 09:32:34 CST)" (scheduled at 2026-07-29 09:22:34.498010+08:00)
2026-07-29 09:22:34,503 [ERROR] src.monitor: Failed to reload runtime watchlist from SQLite; keeping previous stocks: SQLite objects created in a thread can only be used in that same thread. The object was created in thread id 4420 and this is thread id 20500.
2026-07-29 09:22:34,503 [ERROR] src.monitor: Failed to reload runtime alerts from SQLite; keeping previous rules: SQLite objects created in a thread can only be used in that same thread. The object was created in thread id 4420 and this is thread id 20500.
2026-07-29 09:22:34,506 [INFO] __main__: Webhook notifier enabled from config.yaml/WEBHOOK_URL
2026-07-29 09:22:34,509 [ERROR] src.monitor: Failed to reload paper trading config; keeping previous config: SQLite objects created in a thread can only be used in that same thread. The object was created in thread id 4420 and this is thread id 20500.
2026-07-29 09:22:34,509 [INFO] src.monitor: Skipping stock cycle: none of ['A股', '港股', '美股'] is in a trading session
2026-07-29 09:22:34,509 [INFO] apscheduler.executors.default: Job "Fetch stock quotes every 10 minutes (trigger: interval[0:10:00], next run at: 2026-07-29 09:32:34 CST)" executed successfully
2026-07-29 09:32:34,512 [INFO] apscheduler.executors.default: Running job "Fetch stock quotes every 10 minutes (trigger: interval[0:10:00], next run at: 2026-07-29 09:42:34 CST)" (scheduled at 2026-07-29 09:32:34.498010+08:00)
2026-07-29 09:32:34,512 [ERROR] src.monitor: Failed to reload runtime watchlist from SQLite; keeping previous stocks: SQLite objects created in a thread can only be used in that same thread. The object was created in thread id 4420 and this is thread id 20500.
2026-07-29 09:32:34,512 [ERROR] src.monitor: Failed to reload runtime alerts from SQLite; keeping previous rules: SQLite objects created in a thread can only be used in that same thread. The object was created in thread id 4420 and this is thread id 20500.
2026-07-29 09:32:34,514 [INFO] __main__: Webhook notifier enabled from config.yaml/WEBHOOK_URL
2026-07-29 09:32:34,516 [ERROR] src.monitor: Failed to reload paper trading config; keeping previous config: SQLite objects created in a thread can only be used in that same thread. The object was created in thread id 4420 and this is thread id 20500.
2026-07-29 09:32:34,518 [INFO] src.monitor: Fetching 6 market index snapshot(s)...
2026-07-29 09:32:35,060 [ERROR] apscheduler.executors.default: Job "Fetch stock quotes every 10 minutes (trigger: interval[0:10:00], next run at: 2026-07-29 09:42:34 CST)" raised an exception
Traceback (most recent call last):
  File "C:\Users\Administrator\stock-monitor\src\trading_store.py", line 217, in save_index_snapshot_rows
    cursor = self.conn.execute(
             ^^^^^^^^^^^^^^^^^^
sqlite3.ProgrammingError: SQLite objects created in a thread can only be used in that same thread. The object was created in thread id 4420 and this is thread id 20500.

During handling of the above exception, another exception occurred:

Traceback (most recent call last):
  File "C:\Python311\Lib\site-packages\apscheduler\executors\base.py", line 131, in run_job
    retval = job.func(*job.args, **job.kwargs)
             ^^^^^^^^^^^^^^^^^^^^^^^^^^^^^^^^^
  File "C:\Users\Administrator\stock-monitor\src\monitor.py", line 87, in run_once
    self._save_daily_index_snapshots()
  File "C:\Users\Administrator\stock-monitor\src\monitor.py", line 150, in _save_daily_index_snapshots
    inserted = self.index_store.save_index_snapshots(quotes, snapshot_dates)
               ^^^^^^^^^^^^^^^^^^^^^^^^^^^^^^^^^^^^^^^^^^^^^^^^^^^^^^^^^^^^^
  File "C:\Users\Administrator\stock-monitor\src\trading_store.py", line 211, in save_index_snapshots
    return self.save_index_snapshot_rows(rows)
           ^^^^^^^^^^^^^^^^^^^^^^^^^^^^^^^^^^^
  File "C:\Users\Administrator\stock-monitor\src\trading_store.py", line 215, in save_index_snapshot_rows
    with self.conn:
sqlite3.ProgrammingError: SQLite objects created in a thread can only be used in that same thread. The object was created in thread id 4420 and this is thread id 20500.
2026-07-29 09:42:34,502 [INFO] apscheduler.executors.default: Running job "Fetch stock quotes every 10 minutes (trigger: interval[0:10:00], next run at: 2026-07-29 09:52:34 CST)" (scheduled at 2026-07-29 09:42:34.498010+08:00)
2026-07-29 09:42:34,502 [ERROR] src.monitor: Failed to reload runtime watchlist from SQLite; keeping previous stocks: SQLite objects created in a thread can only be used in that same thread. The object was created in thread id 4420 and this is thread id 20500.
2026-07-29 09:42:34,503 [ERROR] src.monitor: Failed to reload runtime alerts from SQLite; keeping previous rules: SQLite objects created in a thread can only be used in that same thread. The object was created in thread id 4420 and this is thread id 20500.
2026-07-29 09:42:34,509 [INFO] __main__: Webhook notifier enabled from config.yaml/WEBHOOK_URL
2026-07-29 09:42:34,512 [ERROR] src.monitor: Failed to reload paper trading config; keeping previous config: SQLite objects created in a thread can only be used in that same thread. The object was created in thread id 4420 and this is thread id 20500.
2026-07-29 09:42:34,513 [INFO] src.monitor: Fetching 6 market index snapshot(s)...
2026-07-29 09:42:34,828 [ERROR] apscheduler.executors.default: Job "Fetch stock quotes every 10 minutes (trigger: interval[0:10:00], next run at: 2026-07-29 09:52:34 CST)" raised an exception
Traceback (most recent call last):
  File "C:\Users\Administrator\stock-monitor\src\trading_store.py", line 217, in save_index_snapshot_rows
    cursor = self.conn.execute(
             ^^^^^^^^^^^^^^^^^^
sqlite3.ProgrammingError: SQLite objects created in a thread can only be used in that same thread. The object was created in thread id 4420 and this is thread id 20500.

During handling of the above exception, another exception occurred:

Traceback (most recent call last):
  File "C:\Python311\Lib\site-packages\apscheduler\executors\base.py", line 131, in run_job
    retval = job.func(*job.args, **job.kwargs)
             ^^^^^^^^^^^^^^^^^^^^^^^^^^^^^^^^^
  File "C:\Users\Administrator\stock-monitor\src\monitor.py", line 87, in run_once
    self._save_daily_index_snapshots()
  File "C:\Users\Administrator\stock-monitor\src\monitor.py", line 150, in _save_daily_index_snapshots
    inserted = self.index_store.save_index_snapshots(quotes, snapshot_dates)
               ^^^^^^^^^^^^^^^^^^^^^^^^^^^^^^^^^^^^^^^^^^^^^^^^^^^^^^^^^^^^^
  File "C:\Users\Administrator\stock-monitor\src\trading_store.py", line 211, in save_index_snapshots
    return self.save_index_snapshot_rows(rows)
           ^^^^^^^^^^^^^^^^^^^^^^^^^^^^^^^^^^^
  File "C:\Users\Administrator\stock-monitor\src\trading_store.py", line 215, in save_index_snapshot_rows
    with self.conn:
sqlite3.ProgrammingError: SQLite objects created in a thread can only be used in that same thread. The object was created in thread id 4420 and this is thread id 20500.
2026-07-29 09:52:34,507 [INFO] apscheduler.executors.default: Running job "Fetch stock quotes every 10 minutes (trigger: interval[0:10:00], next run at: 2026-07-29 10:02:34 CST)" (scheduled at 2026-07-29 09:52:34.498010+08:00)
2026-07-29 09:52:34,507 [ERROR] src.monitor: Failed to reload runtime watchlist from SQLite; keeping previous stocks: SQLite objects created in a thread can only be used in that same thread. The object was created in thread id 4420 and this is thread id 20500.
2026-07-29 09:52:34,507 [ERROR] src.monitor: Failed to reload runtime alerts from SQLite; keeping previous rules: SQLite objects created in a thread can only be used in that same thread. The object was created in thread id 4420 and this is thread id 20500.
2026-07-29 09:52:34,510 [INFO] __main__: Webhook notifier enabled from config.yaml/WEBHOOK_URL
2026-07-29 09:52:34,512 [ERROR] src.monitor: Failed to reload paper trading config; keeping previous config: SQLite objects created in a thread can only be used in that same thread. The object was created in thread id 4420 and this is thread id 20500.
2026-07-29 09:52:34,513 [INFO] src.monitor: Fetching 6 market index snapshot(s)...
2026-07-29 09:52:34,818 [ERROR] apscheduler.executors.default: Job "Fetch stock quotes every 10 minutes (trigger: interval[0:10:00], next run at: 2026-07-29 10:02:34 CST)" raised an exception
Traceback (most recent call last):
  File "C:\Users\Administrator\stock-monitor\src\trading_store.py", line 217, in save_index_snapshot_rows
    cursor = self.conn.execute(
             ^^^^^^^^^^^^^^^^^^
sqlite3.ProgrammingError: SQLite objects created in a thread can only be used in that same thread. The object was created in thread id 4420 and this is thread id 20500.

During handling of the above exception, another exception occurred:

Traceback (most recent call last):
  File "C:\Python311\Lib\site-packages\apscheduler\executors\base.py", line 131, in run_job
    retval = job.func(*job.args, **job.kwargs)
             ^^^^^^^^^^^^^^^^^^^^^^^^^^^^^^^^^
  File "C:\Users\Administrator\stock-monitor\src\monitor.py", line 87, in run_once
    self._save_daily_index_snapshots()
  File "C:\Users\Administrator\stock-monitor\src\monitor.py", line 150, in _save_daily_index_snapshots
    inserted = self.index_store.save_index_snapshots(quotes, snapshot_dates)
               ^^^^^^^^^^^^^^^^^^^^^^^^^^^^^^^^^^^^^^^^^^^^^^^^^^^^^^^^^^^^^
  File "C:\Users\Administrator\stock-monitor\src\trading_store.py", line 211, in save_index_snapshots
    return self.save_index_snapshot_rows(rows)
           ^^^^^^^^^^^^^^^^^^^^^^^^^^^^^^^^^^^
  File "C:\Users\Administrator\stock-monitor\src\trading_store.py", line 215, in save_index_snapshot_rows
    with self.conn:
sqlite3.ProgrammingError: SQLite objects created in a thread can only be used in that same thread. The object was created in thread id 4420 and this is thread id 20500.
2026-07-29 10:02:34,501 [INFO] apscheduler.executors.default: Running job "Fetch stock quotes every 10 minutes (trigger: interval[0:10:00], next run at: 2026-07-29 10:12:34 CST)" (scheduled at 2026-07-29 10:02:34.498010+08:00)
2026-07-29 10:02:34,501 [ERROR] src.monitor: Failed to reload runtime watchlist from SQLite; keeping previous stocks: SQLite objects created in a thread can only be used in that same thread. The object was created in thread id 4420 and this is thread id 20500.
2026-07-29 10:02:34,501 [ERROR] src.monitor: Failed to reload runtime alerts from SQLite; keeping previous rules: SQLite objects created in a thread can only be used in that same thread. The object was created in thread id 4420 and this is thread id 20500.
2026-07-29 10:02:34,503 [INFO] __main__: Webhook notifier enabled from config.yaml/WEBHOOK_URL
2026-07-29 10:02:34,506 [ERROR] src.monitor: Failed to reload paper trading config; keeping previous config: SQLite objects created in a thread can only be used in that same thread. The object was created in thread id 4420 and this is thread id 20500.
2026-07-29 10:02:34,506 [INFO] src.monitor: Fetching 6 market index snapshot(s)...
2026-07-29 10:02:34,823 [ERROR] apscheduler.executors.default: Job "Fetch stock quotes every 10 minutes (trigger: interval[0:10:00], next run at: 2026-07-29 10:12:34 CST)" raised an exception
Traceback (most recent call last):
  File "C:\Users\Administrator\stock-monitor\src\trading_store.py", line 217, in save_index_snapshot_rows
    cursor = self.conn.execute(
             ^^^^^^^^^^^^^^^^^^
sqlite3.ProgrammingError: SQLite objects created in a thread can only be used in that same thread. The object was created in thread id 4420 and this is thread id 20500.

During handling of the above exception, another exception occurred:

Traceback (most recent call last):
  File "C:\Python311\Lib\site-packages\apscheduler\executors\base.py", line 131, in run_job
    retval = job.func(*job.args, **job.kwargs)
             ^^^^^^^^^^^^^^^^^^^^^^^^^^^^^^^^^
  File "C:\Users\Administrator\stock-monitor\src\monitor.py", line 87, in run_once
    self._save_daily_index_snapshots()
  File "C:\Users\Administrator\stock-monitor\src\monitor.py", line 150, in _save_daily_index_snapshots
    inserted = self.index_store.save_index_snapshots(quotes, snapshot_dates)
               ^^^^^^^^^^^^^^^^^^^^^^^^^^^^^^^^^^^^^^^^^^^^^^^^^^^^^^^^^^^^^
  File "C:\Users\Administrator\stock-monitor\src\trading_store.py", line 211, in save_index_snapshots
    return self.save_index_snapshot_rows(rows)
           ^^^^^^^^^^^^^^^^^^^^^^^^^^^^^^^^^^^
  File "C:\Users\Administrator\stock-monitor\src\trading_store.py", line 215, in save_index_snapshot_rows
    with self.conn:
sqlite3.ProgrammingError: SQLite objects created in a thread can only be used in that same thread. The object was created in thread id 4420 and this is thread id 20500.
2026-07-29 10:12:34,504 [INFO] apscheduler.executors.default: Running job "Fetch stock quotes every 10 minutes (trigger: interval[0:10:00], next run at: 2026-07-29 10:22:34 CST)" (scheduled at 2026-07-29 10:12:34.498010+08:00)
2026-07-29 10:12:34,504 [ERROR] src.monitor: Failed to reload runtime watchlist from SQLite; keeping previous stocks: SQLite objects created in a thread can only be used in that same thread. The object was created in thread id 4420 and this is thread id 20500.
2026-07-29 10:12:34,505 [ERROR] src.monitor: Failed to reload runtime alerts from SQLite; keeping previous rules: SQLite objects created in a thread can only be used in that same thread. The object was created in thread id 4420 and this is thread id 20500.
2026-07-29 10:12:34,508 [INFO] __main__: Webhook notifier enabled from config.yaml/WEBHOOK_URL
2026-07-29 10:12:34,511 [ERROR] src.monitor: Failed to reload paper trading config; keeping previous config: SQLite objects created in a thread can only be used in that same thread. The object was created in thread id 4420 and this is thread id 20500.
2026-07-29 10:12:34,511 [INFO] src.monitor: Fetching 6 market index snapshot(s)...
2026-07-29 10:12:34,830 [ERROR] apscheduler.executors.default: Job "Fetch stock quotes every 10 minutes (trigger: interval[0:10:00], next run at: 2026-07-29 10:22:34 CST)" raised an exception
Traceback (most recent call last):
  File "C:\Users\Administrator\stock-monitor\src\trading_store.py", line 217, in save_index_snapshot_rows
    cursor = self.conn.execute(
             ^^^^^^^^^^^^^^^^^^
sqlite3.ProgrammingError: SQLite objects created in a thread can only be used in that same thread. The object was created in thread id 4420 and this is thread id 20500.

During handling of the above exception, another exception occurred:

Traceback (most recent call last):
  File "C:\Python311\Lib\site-packages\apscheduler\executors\base.py", line 131, in run_job
    retval = job.func(*job.args, **job.kwargs)
             ^^^^^^^^^^^^^^^^^^^^^^^^^^^^^^^^^
  File "C:\Users\Administrator\stock-monitor\src\monitor.py", line 87, in run_once
    self._save_daily_index_snapshots()
  File "C:\Users\Administrator\stock-monitor\src\monitor.py", line 150, in _save_daily_index_snapshots
    inserted = self.index_store.save_index_snapshots(quotes, snapshot_dates)
               ^^^^^^^^^^^^^^^^^^^^^^^^^^^^^^^^^^^^^^^^^^^^^^^^^^^^^^^^^^^^^
  File "C:\Users\Administrator\stock-monitor\src\trading_store.py", line 211, in save_index_snapshots
    return self.save_index_snapshot_rows(rows)
           ^^^^^^^^^^^^^^^^^^^^^^^^^^^^^^^^^^^
  File "C:\Users\Administrator\stock-monitor\src\trading_store.py", line 215, in save_index_snapshot_rows
    with self.conn:
sqlite3.ProgrammingError: SQLite objects created in a thread can only be used in that same thread. The object was created in thread id 4420 and this is thread id 20500.
2026-07-29 10:22:34,501 [INFO] apscheduler.executors.default: Running job "Fetch stock quotes every 10 minutes (trigger: interval[0:10:00], next run at: 2026-07-29 10:32:34 CST)" (scheduled at 2026-07-29 10:22:34.498010+08:00)
2026-07-29 10:22:34,501 [ERROR] src.monitor: Failed to reload runtime watchlist from SQLite; keeping previous stocks: SQLite objects created in a thread can only be used in that same thread. The object was created in thread id 4420 and this is thread id 20500.
2026-07-29 10:22:34,501 [ERROR] src.monitor: Failed to reload runtime alerts from SQLite; keeping previous rules: SQLite objects created in a thread can only be used in that same thread. The object was created in thread id 4420 and this is thread id 20500.
2026-07-29 10:22:34,505 [INFO] __main__: Webhook notifier enabled from config.yaml/WEBHOOK_URL
2026-07-29 10:22:34,507 [ERROR] src.monitor: Failed to reload paper trading config; keeping previous config: SQLite objects created in a thread can only be used in that same thread. The object was created in thread id 4420 and this is thread id 20500.
2026-07-29 10:22:34,507 [INFO] src.monitor: Fetching 6 market index snapshot(s)...
2026-07-29 10:22:34,870 [ERROR] apscheduler.executors.default: Job "Fetch stock quotes every 10 minutes (trigger: interval[0:10:00], next run at: 2026-07-29 10:32:34 CST)" raised an exception
Traceback (most recent call last):
  File "C:\Users\Administrator\stock-monitor\src\trading_store.py", line 217, in save_index_snapshot_rows
    cursor = self.conn.execute(
             ^^^^^^^^^^^^^^^^^^
sqlite3.ProgrammingError: SQLite objects created in a thread can only be used in that same thread. The object was created in thread id 4420 and this is thread id 20500.

During handling of the above exception, another exception occurred:

Traceback (most recent call last):
  File "C:\Python311\Lib\site-packages\apscheduler\executors\base.py", line 131, in run_job
    retval = job.func(*job.args, **job.kwargs)
             ^^^^^^^^^^^^^^^^^^^^^^^^^^^^^^^^^
  File "C:\Users\Administrator\stock-monitor\src\monitor.py", line 87, in run_once
    self._save_daily_index_snapshots()
  File "C:\Users\Administrator\stock-monitor\src\monitor.py", line 150, in _save_daily_index_snapshots
    inserted = self.index_store.save_index_snapshots(quotes, snapshot_dates)
               ^^^^^^^^^^^^^^^^^^^^^^^^^^^^^^^^^^^^^^^^^^^^^^^^^^^^^^^^^^^^^
  File "C:\Users\Administrator\stock-monitor\src\trading_store.py", line 211, in save_index_snapshots
    return self.save_index_snapshot_rows(rows)
           ^^^^^^^^^^^^^^^^^^^^^^^^^^^^^^^^^^^
  File "C:\Users\Administrator\stock-monitor\src\trading_store.py", line 215, in save_index_snapshot_rows
    with self.conn:
sqlite3.ProgrammingError: SQLite objects created in a thread can only be used in that same thread. The object was created in thread id 4420 and this is thread id 20500.
2026-07-29 10:24:08,916 [INFO] __main__: ============================================================
2026-07-29 10:24:08,916 [INFO] __main__: Stock Price Monitor starting...
2026-07-29 10:24:08,916 [INFO] __main__: ============================================================
2026-07-29 10:24:08,927 [INFO] __main__: Webhook notifier enabled from config.yaml/WEBHOOK_URL
2026-07-29 10:24:08,928 [INFO] __main__: Running initial fetch...
2026-07-29 10:24:08,931 [INFO] __main__: Webhook notifier enabled from config.yaml/WEBHOOK_URL
2026-07-29 10:24:08,933 [INFO] src.monitor: Fetching 6 market index snapshot(s)...
2026-07-29 10:24:09,377 [INFO] src.monitor: Saved 6/6 market index daily snapshot update(s)
2026-07-29 10:24:09,378 [INFO] src.monitor: Fetching quotes for 5/8 stocks in open markets...
2026-07-29 10:24:09,415 [INFO] src.monitor: A股 | 芯片ETF华夏(159995) price:1.1100 change:-5.61% volume:6007803
2026-07-29 10:24:09,416 [INFO] src.monitor: A股 | 机器人ETF华夏(562500) price:0.9070 change:-1.73% volume:3830665
2026-07-29 10:24:09,417 [INFO] src.monitor: A股 | 创新药ETF银华(159992) price:0.8470 change:+0.95% volume:4808296
2026-07-29 10:24:09,417 [INFO] src.monitor: 港股 | 腾讯控股(00700) price:455.8000 change:+1.92% volume:5673913
2026-07-29 10:24:09,417 [INFO] src.monitor: 港股 | 阿里巴巴-W(09988) price:113.6000 change:+1.43% volume:19449186
2026-07-29 10:24:09,417 [INFO] src.monitor: No alerts triggered
2026-07-29 10:24:09,426 [INFO] apscheduler.scheduler: Adding job tentatively -- it will be properly scheduled when the scheduler starts
2026-07-29 10:24:09,427 [INFO] __main__: Scheduler started. Next run in 10 minutes. Press Ctrl+C to stop.
2026-07-29 10:24:09,429 [INFO] apscheduler.scheduler: Added job "Fetch stock quotes every 10 minutes" to job store "default"
2026-07-29 10:24:09,429 [INFO] apscheduler.scheduler: Scheduler started
2026-07-29 10:34:09,442 [INFO] apscheduler.executors.default: Running job "Fetch stock quotes every 10 minutes (trigger: interval[0:10:00], next run at: 2026-07-29 10:34:09 CST)" (scheduled at 2026-07-29 10:34:09.426264+08:00)
2026-07-29 10:34:09,442 [ERROR] src.monitor: Failed to reload runtime watchlist from SQLite; keeping previous stocks: SQLite objects created in a thread can only be used in that same thread. The object was created in thread id 12068 and this is thread id 15280.
2026-07-29 10:34:09,443 [ERROR] src.monitor: Failed to reload runtime alerts from SQLite; keeping previous rules: SQLite objects created in a thread can only be used in that same thread. The object was created in thread id 12068 and this is thread id 15280.
2026-07-29 10:34:09,448 [INFO] __main__: Webhook notifier enabled from config.yaml/WEBHOOK_URL
2026-07-29 10:34:09,452 [ERROR] src.monitor: Failed to reload paper trading config; keeping previous config: SQLite objects created in a thread can only be used in that same thread. The object was created in thread id 12068 and this is thread id 15280.
2026-07-29 10:34:09,452 [INFO] src.monitor: Fetching 6 market index snapshot(s)...
2026-07-29 10:34:09,835 [ERROR] apscheduler.executors.default: Job "Fetch stock quotes every 10 minutes (trigger: interval[0:10:00], next run at: 2026-07-29 10:44:09 CST)" raised an exception
Traceback (most recent call last):
  File "C:\Users\Administrator\stock-monitor\src\trading_store.py", line 217, in save_index_snapshot_rows
    cursor = self.conn.execute(
             ^^^^^^^^^^^^^^^^^^
sqlite3.ProgrammingError: SQLite objects created in a thread can only be used in that same thread. The object was created in thread id 12068 and this is thread id 15280.

During handling of the above exception, another exception occurred:

Traceback (most recent call last):
  File "C:\Python311\Lib\site-packages\apscheduler\executors\base.py", line 131, in run_job
    retval = job.func(*job.args, **job.kwargs)
             ^^^^^^^^^^^^^^^^^^^^^^^^^^^^^^^^^
  File "C:\Users\Administrator\stock-monitor\src\monitor.py", line 87, in run_once
    self._save_daily_index_snapshots()
  File "C:\Users\Administrator\stock-monitor\src\monitor.py", line 150, in _save_daily_index_snapshots
    inserted = self.index_store.save_index_snapshots(quotes, snapshot_dates)
               ^^^^^^^^^^^^^^^^^^^^^^^^^^^^^^^^^^^^^^^^^^^^^^^^^^^^^^^^^^^^^
  File "C:\Users\Administrator\stock-monitor\src\trading_store.py", line 211, in save_index_snapshots
    return self.save_index_snapshot_rows(rows)
           ^^^^^^^^^^^^^^^^^^^^^^^^^^^^^^^^^^^
  File "C:\Users\Administrator\stock-monitor\src\trading_store.py", line 215, in save_index_snapshot_rows
    with self.conn:
sqlite3.ProgrammingError: SQLite objects created in a thread can only be used in that same thread. The object was created in thread id 12068 and this is thread id 15280.
2026-07-29 10:44:09,441 [INFO] apscheduler.executors.default: Running job "Fetch stock quotes every 10 minutes (trigger: interval[0:10:00], next run at: 2026-07-29 10:54:09 CST)" (scheduled at 2026-07-29 10:44:09.426264+08:00)
2026-07-29 10:44:09,441 [ERROR] src.monitor: Failed to reload runtime watchlist from SQLite; keeping previous stocks: SQLite objects created in a thread can only be used in that same thread. The object was created in thread id 12068 and this is thread id 15280.
2026-07-29 10:44:09,442 [ERROR] src.monitor: Failed to reload runtime alerts from SQLite; keeping previous rules: SQLite objects created in a thread can only be used in that same thread. The object was created in thread id 12068 and this is thread id 15280.
2026-07-29 10:44:09,445 [INFO] __main__: Webhook notifier enabled from config.yaml/WEBHOOK_URL
2026-07-29 10:44:09,449 [ERROR] src.monitor: Failed to reload paper trading config; keeping previous config: SQLite objects created in a thread can only be used in that same thread. The object was created in thread id 12068 and this is thread id 15280.
2026-07-29 10:44:09,449 [INFO] src.monitor: Fetching 6 market index snapshot(s)...
2026-07-29 10:44:09,918 [ERROR] apscheduler.executors.default: Job "Fetch stock quotes every 10 minutes (trigger: interval[0:10:00], next run at: 2026-07-29 10:54:09 CST)" raised an exception
Traceback (most recent call last):
  File "C:\Users\Administrator\stock-monitor\src\trading_store.py", line 217, in save_index_snapshot_rows
    cursor = self.conn.execute(
             ^^^^^^^^^^^^^^^^^^
sqlite3.ProgrammingError: SQLite objects created in a thread can only be used in that same thread. The object was created in thread id 12068 and this is thread id 15280.

During handling of the above exception, another exception occurred:

Traceback (most recent call last):
  File "C:\Python311\Lib\site-packages\apscheduler\executors\base.py", line 131, in run_job
    retval = job.func(*job.args, **job.kwargs)
             ^^^^^^^^^^^^^^^^^^^^^^^^^^^^^^^^^
  File "C:\Users\Administrator\stock-monitor\src\monitor.py", line 87, in run_once
    self._save_daily_index_snapshots()
  File "C:\Users\Administrator\stock-monitor\src\monitor.py", line 150, in _save_daily_index_snapshots
    inserted = self.index_store.save_index_snapshots(quotes, snapshot_dates)
               ^^^^^^^^^^^^^^^^^^^^^^^^^^^^^^^^^^^^^^^^^^^^^^^^^^^^^^^^^^^^^
  File "C:\Users\Administrator\stock-monitor\src\trading_store.py", line 211, in save_index_snapshots
    return self.save_index_snapshot_rows(rows)
           ^^^^^^^^^^^^^^^^^^^^^^^^^^^^^^^^^^^
  File "C:\Users\Administrator\stock-monitor\src\trading_store.py", line 215, in save_index_snapshot_rows
    with self.conn:
sqlite3.ProgrammingError: SQLite objects created in a thread can only be used in that same thread. The object was created in thread id 12068 and this is thread id 15280.
2026-07-29 10:54:09,438 [INFO] apscheduler.executors.default: Running job "Fetch stock quotes every 10 minutes (trigger: interval[0:10:00], next run at: 2026-07-29 11:04:09 CST)" (scheduled at 2026-07-29 10:54:09.426264+08:00)
2026-07-29 10:54:09,439 [ERROR] src.monitor: Failed to reload runtime watchlist from SQLite; keeping previous stocks: SQLite objects created in a thread can only be used in that same thread. The object was created in thread id 12068 and this is thread id 15280.
2026-07-29 10:54:09,439 [ERROR] src.monitor: Failed to reload runtime alerts from SQLite; keeping previous rules: SQLite objects created in a thread can only be used in that same thread. The object was created in thread id 12068 and this is thread id 15280.
2026-07-29 10:54:09,441 [INFO] __main__: Webhook notifier enabled from config.yaml/WEBHOOK_URL
2026-07-29 10:54:09,445 [ERROR] src.monitor: Failed to reload paper trading config; keeping previous config: SQLite objects created in a thread can only be used in that same thread. The object was created in thread id 12068 and this is thread id 15280.
2026-07-29 10:54:09,445 [INFO] src.monitor: Fetching 6 market index snapshot(s)...
2026-07-29 10:54:09,761 [ERROR] apscheduler.executors.default: Job "Fetch stock quotes every 10 minutes (trigger: interval[0:10:00], next run at: 2026-07-29 11:04:09 CST)" raised an exception
Traceback (most recent call last):
  File "C:\Users\Administrator\stock-monitor\src\trading_store.py", line 217, in save_index_snapshot_rows
    cursor = self.conn.execute(
             ^^^^^^^^^^^^^^^^^^
sqlite3.ProgrammingError: SQLite objects created in a thread can only be used in that same thread. The object was created in thread id 12068 and this is thread id 15280.

During handling of the above exception, another exception occurred:

Traceback (most recent call last):
  File "C:\Python311\Lib\site-packages\apscheduler\executors\base.py", line 131, in run_job
    retval = job.func(*job.args, **job.kwargs)
             ^^^^^^^^^^^^^^^^^^^^^^^^^^^^^^^^^
  File "C:\Users\Administrator\stock-monitor\src\monitor.py", line 87, in run_once
    self._save_daily_index_snapshots()
  File "C:\Users\Administrator\stock-monitor\src\monitor.py", line 150, in _save_daily_index_snapshots
    inserted = self.index_store.save_index_snapshots(quotes, snapshot_dates)
               ^^^^^^^^^^^^^^^^^^^^^^^^^^^^^^^^^^^^^^^^^^^^^^^^^^^^^^^^^^^^^
  File "C:\Users\Administrator\stock-monitor\src\trading_store.py", line 211, in save_index_snapshots
    return self.save_index_snapshot_rows(rows)
           ^^^^^^^^^^^^^^^^^^^^^^^^^^^^^^^^^^^
  File "C:\Users\Administrator\stock-monitor\src\trading_store.py", line 215, in save_index_snapshot_rows
    with self.conn:
sqlite3.ProgrammingError: SQLite objects created in a thread can only be used in that same thread. The object was created in thread id 12068 and this is thread id 15280.
2026-07-29 11:04:09,438 [INFO] apscheduler.executors.default: Running job "Fetch stock quotes every 10 minutes (trigger: interval[0:10:00], next run at: 2026-07-29 11:14:09 CST)" (scheduled at 2026-07-29 11:04:09.426264+08:00)
2026-07-29 11:04:09,438 [ERROR] src.monitor: Failed to reload runtime watchlist from SQLite; keeping previous stocks: SQLite objects created in a thread can only be used in that same thread. The object was created in thread id 12068 and this is thread id 15280.
2026-07-29 11:04:09,438 [ERROR] src.monitor: Failed to reload runtime alerts from SQLite; keeping previous rules: SQLite objects created in a thread can only be used in that same thread. The object was created in thread id 12068 and this is thread id 15280.
2026-07-29 11:04:09,441 [INFO] __main__: Webhook notifier enabled from config.yaml/WEBHOOK_URL
2026-07-29 11:04:09,445 [ERROR] src.monitor: Failed to reload paper trading config; keeping previous config: SQLite objects created in a thread can only be used in that same thread. The object was created in thread id 12068 and this is thread id 15280.
2026-07-29 11:04:09,445 [INFO] src.monitor: Fetching 6 market index snapshot(s)...
2026-07-29 11:04:09,794 [ERROR] apscheduler.executors.default: Job "Fetch stock quotes every 10 minutes (trigger: interval[0:10:00], next run at: 2026-07-29 11:14:09 CST)" raised an exception
Traceback (most recent call last):
  File "C:\Users\Administrator\stock-monitor\src\trading_store.py", line 217, in save_index_snapshot_rows
    cursor = self.conn.execute(
             ^^^^^^^^^^^^^^^^^^
sqlite3.ProgrammingError: SQLite objects created in a thread can only be used in that same thread. The object was created in thread id 12068 and this is thread id 15280.

During handling of the above exception, another exception occurred:

Traceback (most recent call last):
  File "C:\Python311\Lib\site-packages\apscheduler\executors\base.py", line 131, in run_job
    retval = job.func(*job.args, **job.kwargs)
             ^^^^^^^^^^^^^^^^^^^^^^^^^^^^^^^^^
  File "C:\Users\Administrator\stock-monitor\src\monitor.py", line 87, in run_once
    self._save_daily_index_snapshots()
  File "C:\Users\Administrator\stock-monitor\src\monitor.py", line 150, in _save_daily_index_snapshots
    inserted = self.index_store.save_index_snapshots(quotes, snapshot_dates)
               ^^^^^^^^^^^^^^^^^^^^^^^^^^^^^^^^^^^^^^^^^^^^^^^^^^^^^^^^^^^^^
  File "C:\Users\Administrator\stock-monitor\src\trading_store.py", line 211, in save_index_snapshots
    return self.save_index_snapshot_rows(rows)
           ^^^^^^^^^^^^^^^^^^^^^^^^^^^^^^^^^^^
  File "C:\Users\Administrator\stock-monitor\src\trading_store.py", line 215, in save_index_snapshot_rows
    with self.conn:
sqlite3.ProgrammingError: SQLite objects created in a thread can only be used in that same thread. The object was created in thread id 12068 and this is thread id 15280.
2026-07-29 11:14:09,430 [INFO] apscheduler.executors.default: Running job "Fetch stock quotes every 10 minutes (trigger: interval[0:10:00], next run at: 2026-07-29 11:24:09 CST)" (scheduled at 2026-07-29 11:14:09.426264+08:00)
2026-07-29 11:14:09,431 [ERROR] src.monitor: Failed to reload runtime watchlist from SQLite; keeping previous stocks: SQLite objects created in a thread can only be used in that same thread. The object was created in thread id 12068 and this is thread id 15280.
2026-07-29 11:14:09,431 [ERROR] src.monitor: Failed to reload runtime alerts from SQLite; keeping previous rules: SQLite objects created in a thread can only be used in that same thread. The object was created in thread id 12068 and this is thread id 15280.
2026-07-29 11:14:09,434 [INFO] __main__: Webhook notifier enabled from config.yaml/WEBHOOK_URL
2026-07-29 11:14:09,437 [ERROR] src.monitor: Failed to reload paper trading config; keeping previous config: SQLite objects created in a thread can only be used in that same thread. The object was created in thread id 12068 and this is thread id 15280.
2026-07-29 11:14:09,437 [INFO] src.monitor: Fetching 6 market index snapshot(s)...
2026-07-29 11:14:09,815 [ERROR] apscheduler.executors.default: Job "Fetch stock quotes every 10 minutes (trigger: interval[0:10:00], next run at: 2026-07-29 11:24:09 CST)" raised an exception
Traceback (most recent call last):
  File "C:\Users\Administrator\stock-monitor\src\trading_store.py", line 217, in save_index_snapshot_rows
    cursor = self.conn.execute(
             ^^^^^^^^^^^^^^^^^^
sqlite3.ProgrammingError: SQLite objects created in a thread can only be used in that same thread. The object was created in thread id 12068 and this is thread id 15280.

During handling of the above exception, another exception occurred:

Traceback (most recent call last):
  File "C:\Python311\Lib\site-packages\apscheduler\executors\base.py", line 131, in run_job
    retval = job.func(*job.args, **job.kwargs)
             ^^^^^^^^^^^^^^^^^^^^^^^^^^^^^^^^^
  File "C:\Users\Administrator\stock-monitor\src\monitor.py", line 87, in run_once
    self._save_daily_index_snapshots()
  File "C:\Users\Administrator\stock-monitor\src\monitor.py", line 150, in _save_daily_index_snapshots
    inserted = self.index_store.save_index_snapshots(quotes, snapshot_dates)
               ^^^^^^^^^^^^^^^^^^^^^^^^^^^^^^^^^^^^^^^^^^^^^^^^^^^^^^^^^^^^^
  File "C:\Users\Administrator\stock-monitor\src\trading_store.py", line 211, in save_index_snapshots
    return self.save_index_snapshot_rows(rows)
           ^^^^^^^^^^^^^^^^^^^^^^^^^^^^^^^^^^^
  File "C:\Users\Administrator\stock-monitor\src\trading_store.py", line 215, in save_index_snapshot_rows
    with self.conn:
sqlite3.ProgrammingError: SQLite objects created in a thread can only be used in that same thread. The object was created in thread id 12068 and this is thread id 15280.
2026-07-29 11:24:09,441 [INFO] apscheduler.executors.default: Running job "Fetch stock quotes every 10 minutes (trigger: interval[0:10:00], next run at: 2026-07-29 11:34:09 CST)" (scheduled at 2026-07-29 11:24:09.426264+08:00)
2026-07-29 11:24:09,441 [ERROR] src.monitor: Failed to reload runtime watchlist from SQLite; keeping previous stocks: SQLite objects created in a thread can only be used in that same thread. The object was created in thread id 12068 and this is thread id 15280.
2026-07-29 11:24:09,442 [ERROR] src.monitor: Failed to reload runtime alerts from SQLite; keeping previous rules: SQLite objects created in a thread can only be used in that same thread. The object was created in thread id 12068 and this is thread id 15280.
2026-07-29 11:24:09,444 [INFO] __main__: Webhook notifier enabled from config.yaml/WEBHOOK_URL
2026-07-29 11:24:09,447 [ERROR] src.monitor: Failed to reload paper trading config; keeping previous config: SQLite objects created in a thread can only be used in that same thread. The object was created in thread id 12068 and this is thread id 15280.
2026-07-29 11:24:09,447 [INFO] src.monitor: Fetching 6 market index snapshot(s)...
2026-07-29 11:24:09,852 [ERROR] apscheduler.executors.default: Job "Fetch stock quotes every 10 minutes (trigger: interval[0:10:00], next run at: 2026-07-29 11:34:09 CST)" raised an exception
Traceback (most recent call last):
  File "C:\Users\Administrator\stock-monitor\src\trading_store.py", line 217, in save_index_snapshot_rows
    cursor = self.conn.execute(
             ^^^^^^^^^^^^^^^^^^
sqlite3.ProgrammingError: SQLite objects created in a thread can only be used in that same thread. The object was created in thread id 12068 and this is thread id 15280.

During handling of the above exception, another exception occurred:

Traceback (most recent call last):
  File "C:\Python311\Lib\site-packages\apscheduler\executors\base.py", line 131, in run_job
    retval = job.func(*job.args, **job.kwargs)
             ^^^^^^^^^^^^^^^^^^^^^^^^^^^^^^^^^
  File "C:\Users\Administrator\stock-monitor\src\monitor.py", line 87, in run_once
    self._save_daily_index_snapshots()
  File "C:\Users\Administrator\stock-monitor\src\monitor.py", line 150, in _save_daily_index_snapshots
    inserted = self.index_store.save_index_snapshots(quotes, snapshot_dates)
               ^^^^^^^^^^^^^^^^^^^^^^^^^^^^^^^^^^^^^^^^^^^^^^^^^^^^^^^^^^^^^
  File "C:\Users\Administrator\stock-monitor\src\trading_store.py", line 211, in save_index_snapshots
    return self.save_index_snapshot_rows(rows)
           ^^^^^^^^^^^^^^^^^^^^^^^^^^^^^^^^^^^
  File "C:\Users\Administrator\stock-monitor\src\trading_store.py", line 215, in save_index_snapshot_rows
    with self.conn:
sqlite3.ProgrammingError: SQLite objects created in a thread can only be used in that same thread. The object was created in thread id 12068 and this is thread id 15280.
2026-07-29 11:34:09,440 [INFO] apscheduler.executors.default: Running job "Fetch stock quotes every 10 minutes (trigger: interval[0:10:00], next run at: 2026-07-29 11:44:09 CST)" (scheduled at 2026-07-29 11:34:09.426264+08:00)
2026-07-29 11:34:09,440 [ERROR] src.monitor: Failed to reload runtime watchlist from SQLite; keeping previous stocks: SQLite objects created in a thread can only be used in that same thread. The object was created in thread id 12068 and this is thread id 15280.
2026-07-29 11:34:09,441 [ERROR] src.monitor: Failed to reload runtime alerts from SQLite; keeping previous rules: SQLite objects created in a thread can only be used in that same thread. The object was created in thread id 12068 and this is thread id 15280.
2026-07-29 11:34:09,443 [INFO] __main__: Webhook notifier enabled from config.yaml/WEBHOOK_URL
2026-07-29 11:34:09,447 [ERROR] src.monitor: Failed to reload paper trading config; keeping previous config: SQLite objects created in a thread can only be used in that same thread. The object was created in thread id 12068 and this is thread id 15280.
2026-07-29 11:34:09,447 [INFO] src.monitor: Fetching 3 market index snapshot(s)...
2026-07-29 11:34:10,007 [ERROR] apscheduler.executors.default: Job "Fetch stock quotes every 10 minutes (trigger: interval[0:10:00], next run at: 2026-07-29 11:44:09 CST)" raised an exception
Traceback (most recent call last):
  File "C:\Users\Administrator\stock-monitor\src\trading_store.py", line 217, in save_index_snapshot_rows
    cursor = self.conn.execute(
             ^^^^^^^^^^^^^^^^^^
sqlite3.ProgrammingError: SQLite objects created in a thread can only be used in that same thread. The object was created in thread id 12068 and this is thread id 15280.

During handling of the above exception, another exception occurred:

Traceback (most recent call last):
  File "C:\Python311\Lib\site-packages\apscheduler\executors\base.py", line 131, in run_job
    retval = job.func(*job.args, **job.kwargs)
             ^^^^^^^^^^^^^^^^^^^^^^^^^^^^^^^^^
  File "C:\Users\Administrator\stock-monitor\src\monitor.py", line 87, in run_once
    self._save_daily_index_snapshots()
  File "C:\Users\Administrator\stock-monitor\src\monitor.py", line 150, in _save_daily_index_snapshots
    inserted = self.index_store.save_index_snapshots(quotes, snapshot_dates)
               ^^^^^^^^^^^^^^^^^^^^^^^^^^^^^^^^^^^^^^^^^^^^^^^^^^^^^^^^^^^^^
  File "C:\Users\Administrator\stock-monitor\src\trading_store.py", line 211, in save_index_snapshots
    return self.save_index_snapshot_rows(rows)
           ^^^^^^^^^^^^^^^^^^^^^^^^^^^^^^^^^^^
  File "C:\Users\Administrator\stock-monitor\src\trading_store.py", line 215, in save_index_snapshot_rows
    with self.conn:
sqlite3.ProgrammingError: SQLite objects created in a thread can only be used in that same thread. The object was created in thread id 12068 and this is thread id 15280.
2026-07-29 11:44:09,433 [INFO] apscheduler.executors.default: Running job "Fetch stock quotes every 10 minutes (trigger: interval[0:10:00], next run at: 2026-07-29 11:54:09 CST)" (scheduled at 2026-07-29 11:44:09.426264+08:00)
2026-07-29 11:44:09,434 [ERROR] src.monitor: Failed to reload runtime watchlist from SQLite; keeping previous stocks: SQLite objects created in a thread can only be used in that same thread. The object was created in thread id 12068 and this is thread id 15280.
2026-07-29 11:44:09,434 [ERROR] src.monitor: Failed to reload runtime alerts from SQLite; keeping previous rules: SQLite objects created in a thread can only be used in that same thread. The object was created in thread id 12068 and this is thread id 15280.
2026-07-29 11:44:09,437 [INFO] __main__: Webhook notifier enabled from config.yaml/WEBHOOK_URL
2026-07-29 11:44:09,441 [ERROR] src.monitor: Failed to reload paper trading config; keeping previous config: SQLite objects created in a thread can only be used in that same thread. The object was created in thread id 12068 and this is thread id 15280.
2026-07-29 11:44:09,442 [INFO] src.monitor: Fetching 3 market index snapshot(s)...
2026-07-29 11:44:09,853 [ERROR] apscheduler.executors.default: Job "Fetch stock quotes every 10 minutes (trigger: interval[0:10:00], next run at: 2026-07-29 11:54:09 CST)" raised an exception
Traceback (most recent call last):
  File "C:\Users\Administrator\stock-monitor\src\trading_store.py", line 217, in save_index_snapshot_rows
    cursor = self.conn.execute(
             ^^^^^^^^^^^^^^^^^^
sqlite3.ProgrammingError: SQLite objects created in a thread can only be used in that same thread. The object was created in thread id 12068 and this is thread id 15280.

During handling of the above exception, another exception occurred:

Traceback (most recent call last):
  File "C:\Python311\Lib\site-packages\apscheduler\executors\base.py", line 131, in run_job
    retval = job.func(*job.args, **job.kwargs)
             ^^^^^^^^^^^^^^^^^^^^^^^^^^^^^^^^^
  File "C:\Users\Administrator\stock-monitor\src\monitor.py", line 87, in run_once
    self._save_daily_index_snapshots()
  File "C:\Users\Administrator\stock-monitor\src\monitor.py", line 150, in _save_daily_index_snapshots
    inserted = self.index_store.save_index_snapshots(quotes, snapshot_dates)
               ^^^^^^^^^^^^^^^^^^^^^^^^^^^^^^^^^^^^^^^^^^^^^^^^^^^^^^^^^^^^^
  File "C:\Users\Administrator\stock-monitor\src\trading_store.py", line 211, in save_index_snapshots
    return self.save_index_snapshot_rows(rows)
           ^^^^^^^^^^^^^^^^^^^^^^^^^^^^^^^^^^^
  File "C:\Users\Administrator\stock-monitor\src\trading_store.py", line 215, in save_index_snapshot_rows
    with self.conn:
sqlite3.ProgrammingError: SQLite objects created in a thread can only be used in that same thread. The object was created in thread id 12068 and this is thread id 15280.
2026-07-29 11:54:09,436 [INFO] apscheduler.executors.default: Running job "Fetch stock quotes every 10 minutes (trigger: interval[0:10:00], next run at: 2026-07-29 12:04:09 CST)" (scheduled at 2026-07-29 11:54:09.426264+08:00)
2026-07-29 11:54:09,437 [ERROR] src.monitor: Failed to reload runtime watchlist from SQLite; keeping previous stocks: SQLite objects created in a thread can only be used in that same thread. The object was created in thread id 12068 and this is thread id 15280.
2026-07-29 11:54:09,437 [ERROR] src.monitor: Failed to reload runtime alerts from SQLite; keeping previous rules: SQLite objects created in a thread can only be used in that same thread. The object was created in thread id 12068 and this is thread id 15280.
2026-07-29 11:54:09,440 [INFO] __main__: Webhook notifier enabled from config.yaml/WEBHOOK_URL
2026-07-29 11:54:09,443 [ERROR] src.monitor: Failed to reload paper trading config; keeping previous config: SQLite objects created in a thread can only be used in that same thread. The object was created in thread id 12068 and this is thread id 15280.
2026-07-29 11:54:09,443 [INFO] src.monitor: Fetching 3 market index snapshot(s)...
2026-07-29 11:54:10,084 [ERROR] apscheduler.executors.default: Job "Fetch stock quotes every 10 minutes (trigger: interval[0:10:00], next run at: 2026-07-29 12:04:09 CST)" raised an exception
Traceback (most recent call last):
  File "C:\Users\Administrator\stock-monitor\src\trading_store.py", line 217, in save_index_snapshot_rows
    cursor = self.conn.execute(
             ^^^^^^^^^^^^^^^^^^
sqlite3.ProgrammingError: SQLite objects created in a thread can only be used in that same thread. The object was created in thread id 12068 and this is thread id 15280.

During handling of the above exception, another exception occurred:

Traceback (most recent call last):
  File "C:\Python311\Lib\site-packages\apscheduler\executors\base.py", line 131, in run_job
    retval = job.func(*job.args, **job.kwargs)
             ^^^^^^^^^^^^^^^^^^^^^^^^^^^^^^^^^
  File "C:\Users\Administrator\stock-monitor\src\monitor.py", line 87, in run_once
    self._save_daily_index_snapshots()
  File "C:\Users\Administrator\stock-monitor\src\monitor.py", line 150, in _save_daily_index_snapshots
    inserted = self.index_store.save_index_snapshots(quotes, snapshot_dates)
               ^^^^^^^^^^^^^^^^^^^^^^^^^^^^^^^^^^^^^^^^^^^^^^^^^^^^^^^^^^^^^
  File "C:\Users\Administrator\stock-monitor\src\trading_store.py", line 211, in save_index_snapshots
    return self.save_index_snapshot_rows(rows)
           ^^^^^^^^^^^^^^^^^^^^^^^^^^^^^^^^^^^
  File "C:\Users\Administrator\stock-monitor\src\trading_store.py", line 215, in save_index_snapshot_rows
    with self.conn:
sqlite3.ProgrammingError: SQLite objects created in a thread can only be used in that same thread. The object was created in thread id 12068 and this is thread id 15280.
2026-07-29 12:04:09,432 [INFO] apscheduler.executors.default: Running job "Fetch stock quotes every 10 minutes (trigger: interval[0:10:00], next run at: 2026-07-29 12:14:09 CST)" (scheduled at 2026-07-29 12:04:09.426264+08:00)
2026-07-29 12:04:09,433 [ERROR] src.monitor: Failed to reload runtime watchlist from SQLite; keeping previous stocks: SQLite objects created in a thread can only be used in that same thread. The object was created in thread id 12068 and this is thread id 15280.
2026-07-29 12:04:09,433 [ERROR] src.monitor: Failed to reload runtime alerts from SQLite; keeping previous rules: SQLite objects created in a thread can only be used in that same thread. The object was created in thread id 12068 and this is thread id 15280.
2026-07-29 12:04:09,438 [INFO] __main__: Webhook notifier enabled from config.yaml/WEBHOOK_URL
2026-07-29 12:04:09,443 [ERROR] src.monitor: Failed to reload paper trading config; keeping previous config: SQLite objects created in a thread can only be used in that same thread. The object was created in thread id 12068 and this is thread id 15280.
2026-07-29 12:04:09,443 [INFO] src.monitor: Skipping stock cycle: none of ['A股', '港股', '美股'] is in a trading session
2026-07-29 12:04:09,444 [INFO] apscheduler.executors.default: Job "Fetch stock quotes every 10 minutes (trigger: interval[0:10:00], next run at: 2026-07-29 12:14:09 CST)" executed successfully
2026-07-29 12:14:09,435 [INFO] apscheduler.executors.default: Running job "Fetch stock quotes every 10 minutes (trigger: interval[0:10:00], next run at: 2026-07-29 12:24:09 CST)" (scheduled at 2026-07-29 12:14:09.426264+08:00)
2026-07-29 12:14:09,501 [ERROR] src.monitor: Failed to reload runtime watchlist from SQLite; keeping previous stocks: SQLite objects created in a thread can only be used in that same thread. The object was created in thread id 12068 and this is thread id 15280.
2026-07-29 12:14:09,501 [ERROR] src.monitor: Failed to reload runtime alerts from SQLite; keeping previous rules: SQLite objects created in a thread can only be used in that same thread. The object was created in thread id 12068 and this is thread id 15280.
2026-07-29 12:14:09,504 [INFO] __main__: Webhook notifier enabled from config.yaml/WEBHOOK_URL
2026-07-29 12:14:09,507 [ERROR] src.monitor: Failed to reload paper trading config; keeping previous config: SQLite objects created in a thread can only be used in that same thread. The object was created in thread id 12068 and this is thread id 15280.
2026-07-29 12:14:09,507 [INFO] src.monitor: Skipping stock cycle: none of ['A股', '港股', '美股'] is in a trading session
2026-07-29 12:14:09,507 [INFO] apscheduler.executors.default: Job "Fetch stock quotes every 10 minutes (trigger: interval[0:10:00], next run at: 2026-07-29 12:24:09 CST)" executed successfully
2026-07-29 12:24:09,429 [INFO] apscheduler.executors.default: Running job "Fetch stock quotes every 10 minutes (trigger: interval[0:10:00], next run at: 2026-07-29 12:34:09 CST)" (scheduled at 2026-07-29 12:24:09.426264+08:00)
2026-07-29 12:24:09,429 [ERROR] src.monitor: Failed to reload runtime watchlist from SQLite; keeping previous stocks: SQLite objects created in a thread can only be used in that same thread. The object was created in thread id 12068 and this is thread id 15280.
2026-07-29 12:24:09,430 [ERROR] src.monitor: Failed to reload runtime alerts from SQLite; keeping previous rules: SQLite objects created in a thread can only be used in that same thread. The object was created in thread id 12068 and this is thread id 15280.
2026-07-29 12:24:09,432 [INFO] __main__: Webhook notifier enabled from config.yaml/WEBHOOK_URL
2026-07-29 12:24:09,436 [ERROR] src.monitor: Failed to reload paper trading config; keeping previous config: SQLite objects created in a thread can only be used in that same thread. The object was created in thread id 12068 and this is thread id 15280.
2026-07-29 12:24:09,436 [INFO] src.monitor: Skipping stock cycle: none of ['A股', '港股', '美股'] is in a trading session
2026-07-29 12:24:09,436 [INFO] apscheduler.executors.default: Job "Fetch stock quotes every 10 minutes (trigger: interval[0:10:00], next run at: 2026-07-29 12:34:09 CST)" executed successfully
2026-07-29 12:34:09,440 [INFO] apscheduler.executors.default: Running job "Fetch stock quotes every 10 minutes (trigger: interval[0:10:00], next run at: 2026-07-29 12:44:09 CST)" (scheduled at 2026-07-29 12:34:09.426264+08:00)
2026-07-29 12:34:09,440 [ERROR] src.monitor: Failed to reload runtime watchlist from SQLite; keeping previous stocks: SQLite objects created in a thread can only be used in that same thread. The object was created in thread id 12068 and this is thread id 15280.
2026-07-29 12:34:09,440 [ERROR] src.monitor: Failed to reload runtime alerts from SQLite; keeping previous rules: SQLite objects created in a thread can only be used in that same thread. The object was created in thread id 12068 and this is thread id 15280.
2026-07-29 12:34:09,443 [INFO] __main__: Webhook notifier enabled from config.yaml/WEBHOOK_URL
2026-07-29 12:34:09,446 [ERROR] src.monitor: Failed to reload paper trading config; keeping previous config: SQLite objects created in a thread can only be used in that same thread. The object was created in thread id 12068 and this is thread id 15280.
2026-07-29 12:34:09,446 [INFO] src.monitor: Skipping stock cycle: none of ['A股', '港股', '美股'] is in a trading session
2026-07-29 12:34:09,446 [INFO] apscheduler.executors.default: Job "Fetch stock quotes every 10 minutes (trigger: interval[0:10:00], next run at: 2026-07-29 12:44:09 CST)" executed successfully
2026-07-29 12:44:09,429 [INFO] apscheduler.executors.default: Running job "Fetch stock quotes every 10 minutes (trigger: interval[0:10:00], next run at: 2026-07-29 12:54:09 CST)" (scheduled at 2026-07-29 12:44:09.426264+08:00)
2026-07-29 12:44:09,429 [ERROR] src.monitor: Failed to reload runtime watchlist from SQLite; keeping previous stocks: SQLite objects created in a thread can only be used in that same thread. The object was created in thread id 12068 and this is thread id 15280.
2026-07-29 12:44:09,430 [ERROR] src.monitor: Failed to reload runtime alerts from SQLite; keeping previous rules: SQLite objects created in a thread can only be used in that same thread. The object was created in thread id 12068 and this is thread id 15280.
2026-07-29 12:44:09,432 [INFO] __main__: Webhook notifier enabled from config.yaml/WEBHOOK_URL
2026-07-29 12:44:09,436 [ERROR] src.monitor: Failed to reload paper trading config; keeping previous config: SQLite objects created in a thread can only be used in that same thread. The object was created in thread id 12068 and this is thread id 15280.
2026-07-29 12:44:09,436 [INFO] src.monitor: Skipping stock cycle: none of ['A股', '港股', '美股'] is in a trading session
2026-07-29 12:44:09,436 [INFO] apscheduler.executors.default: Job "Fetch stock quotes every 10 minutes (trigger: interval[0:10:00], next run at: 2026-07-29 12:54:09 CST)" executed successfully
2026-07-29 12:54:09,437 [INFO] apscheduler.executors.default: Running job "Fetch stock quotes every 10 minutes (trigger: interval[0:10:00], next run at: 2026-07-29 13:04:09 CST)" (scheduled at 2026-07-29 12:54:09.426264+08:00)
2026-07-29 12:54:09,437 [ERROR] src.monitor: Failed to reload runtime watchlist from SQLite; keeping previous stocks: SQLite objects created in a thread can only be used in that same thread. The object was created in thread id 12068 and this is thread id 15280.
2026-07-29 12:54:09,437 [ERROR] src.monitor: Failed to reload runtime alerts from SQLite; keeping previous rules: SQLite objects created in a thread can only be used in that same thread. The object was created in thread id 12068 and this is thread id 15280.
2026-07-29 12:54:09,440 [INFO] __main__: Webhook notifier enabled from config.yaml/WEBHOOK_URL
2026-07-29 12:54:09,443 [ERROR] src.monitor: Failed to reload paper trading config; keeping previous config: SQLite objects created in a thread can only be used in that same thread. The object was created in thread id 12068 and this is thread id 15280.
2026-07-29 12:54:09,444 [INFO] src.monitor: Skipping stock cycle: none of ['A股', '港股', '美股'] is in a trading session
2026-07-29 12:54:09,444 [INFO] apscheduler.executors.default: Job "Fetch stock quotes every 10 minutes (trigger: interval[0:10:00], next run at: 2026-07-29 13:04:09 CST)" executed successfully
2026-07-29 13:04:09,430 [INFO] apscheduler.executors.default: Running job "Fetch stock quotes every 10 minutes (trigger: interval[0:10:00], next run at: 2026-07-29 13:14:09 CST)" (scheduled at 2026-07-29 13:04:09.426264+08:00)
2026-07-29 13:04:09,431 [ERROR] src.monitor: Failed to reload runtime watchlist from SQLite; keeping previous stocks: SQLite objects created in a thread can only be used in that same thread. The object was created in thread id 12068 and this is thread id 15280.
2026-07-29 13:04:09,431 [ERROR] src.monitor: Failed to reload runtime alerts from SQLite; keeping previous rules: SQLite objects created in a thread can only be used in that same thread. The object was created in thread id 12068 and this is thread id 15280.
2026-07-29 13:04:09,433 [INFO] __main__: Webhook notifier enabled from config.yaml/WEBHOOK_URL
2026-07-29 13:04:09,437 [ERROR] src.monitor: Failed to reload paper trading config; keeping previous config: SQLite objects created in a thread can only be used in that same thread. The object was created in thread id 12068 and this is thread id 15280.
2026-07-29 13:04:09,437 [INFO] src.monitor: Fetching 6 market index snapshot(s)...
2026-07-29 13:04:09,817 [ERROR] apscheduler.executors.default: Job "Fetch stock quotes every 10 minutes (trigger: interval[0:10:00], next run at: 2026-07-29 13:14:09 CST)" raised an exception
Traceback (most recent call last):
  File "C:\Users\Administrator\stock-monitor\src\trading_store.py", line 217, in save_index_snapshot_rows
    cursor = self.conn.execute(
             ^^^^^^^^^^^^^^^^^^
sqlite3.ProgrammingError: SQLite objects created in a thread can only be used in that same thread. The object was created in thread id 12068 and this is thread id 15280.

During handling of the above exception, another exception occurred:

Traceback (most recent call last):
  File "C:\Python311\Lib\site-packages\apscheduler\executors\base.py", line 131, in run_job
    retval = job.func(*job.args, **job.kwargs)
             ^^^^^^^^^^^^^^^^^^^^^^^^^^^^^^^^^
  File "C:\Users\Administrator\stock-monitor\src\monitor.py", line 87, in run_once
    self._save_daily_index_snapshots()
  File "C:\Users\Administrator\stock-monitor\src\monitor.py", line 150, in _save_daily_index_snapshots
    inserted = self.index_store.save_index_snapshots(quotes, snapshot_dates)
               ^^^^^^^^^^^^^^^^^^^^^^^^^^^^^^^^^^^^^^^^^^^^^^^^^^^^^^^^^^^^^
  File "C:\Users\Administrator\stock-monitor\src\trading_store.py", line 211, in save_index_snapshots
    return self.save_index_snapshot_rows(rows)
           ^^^^^^^^^^^^^^^^^^^^^^^^^^^^^^^^^^^
  File "C:\Users\Administrator\stock-monitor\src\trading_store.py", line 215, in save_index_snapshot_rows
    with self.conn:
sqlite3.ProgrammingError: SQLite objects created in a thread can only be used in that same thread. The object was created in thread id 12068 and this is thread id 15280.
2026-07-29 13:14:09,436 [INFO] apscheduler.executors.default: Running job "Fetch stock quotes every 10 minutes (trigger: interval[0:10:00], next run at: 2026-07-29 13:24:09 CST)" (scheduled at 2026-07-29 13:14:09.426264+08:00)
2026-07-29 13:14:09,436 [ERROR] src.monitor: Failed to reload runtime watchlist from SQLite; keeping previous stocks: SQLite objects created in a thread can only be used in that same thread. The object was created in thread id 12068 and this is thread id 15280.
2026-07-29 13:14:09,436 [ERROR] src.monitor: Failed to reload runtime alerts from SQLite; keeping previous rules: SQLite objects created in a thread can only be used in that same thread. The object was created in thread id 12068 and this is thread id 15280.
2026-07-29 13:14:09,439 [INFO] __main__: Webhook notifier enabled from config.yaml/WEBHOOK_URL
2026-07-29 13:14:09,442 [ERROR] src.monitor: Failed to reload paper trading config; keeping previous config: SQLite objects created in a thread can only be used in that same thread. The object was created in thread id 12068 and this is thread id 15280.
2026-07-29 13:14:09,442 [INFO] src.monitor: Fetching 6 market index snapshot(s)...
2026-07-29 13:14:09,979 [ERROR] apscheduler.executors.default: Job "Fetch stock quotes every 10 minutes (trigger: interval[0:10:00], next run at: 2026-07-29 13:24:09 CST)" raised an exception
Traceback (most recent call last):
  File "C:\Users\Administrator\stock-monitor\src\trading_store.py", line 217, in save_index_snapshot_rows
    cursor = self.conn.execute(
             ^^^^^^^^^^^^^^^^^^
sqlite3.ProgrammingError: SQLite objects created in a thread can only be used in that same thread. The object was created in thread id 12068 and this is thread id 15280.

During handling of the above exception, another exception occurred:

Traceback (most recent call last):
  File "C:\Python311\Lib\site-packages\apscheduler\executors\base.py", line 131, in run_job
    retval = job.func(*job.args, **job.kwargs)
             ^^^^^^^^^^^^^^^^^^^^^^^^^^^^^^^^^
  File "C:\Users\Administrator\stock-monitor\src\monitor.py", line 87, in run_once
    self._save_daily_index_snapshots()
  File "C:\Users\Administrator\stock-monitor\src\monitor.py", line 150, in _save_daily_index_snapshots
    inserted = self.index_store.save_index_snapshots(quotes, snapshot_dates)
               ^^^^^^^^^^^^^^^^^^^^^^^^^^^^^^^^^^^^^^^^^^^^^^^^^^^^^^^^^^^^^
  File "C:\Users\Administrator\stock-monitor\src\trading_store.py", line 211, in save_index_snapshots
    return self.save_index_snapshot_rows(rows)
           ^^^^^^^^^^^^^^^^^^^^^^^^^^^^^^^^^^^
  File "C:\Users\Administrator\stock-monitor\src\trading_store.py", line 215, in save_index_snapshot_rows
    with self.conn:
sqlite3.ProgrammingError: SQLite objects created in a thread can only be used in that same thread. The object was created in thread id 12068 and this is thread id 15280.
2026-07-29 13:24:09,433 [INFO] apscheduler.executors.default: Running job "Fetch stock quotes every 10 minutes (trigger: interval[0:10:00], next run at: 2026-07-29 13:34:09 CST)" (scheduled at 2026-07-29 13:24:09.426264+08:00)
2026-07-29 13:24:09,434 [ERROR] src.monitor: Failed to reload runtime watchlist from SQLite; keeping previous stocks: SQLite objects created in a thread can only be used in that same thread. The object was created in thread id 12068 and this is thread id 15280.
2026-07-29 13:24:09,435 [ERROR] src.monitor: Failed to reload runtime alerts from SQLite; keeping previous rules: SQLite objects created in a thread can only be used in that same thread. The object was created in thread id 12068 and this is thread id 15280.
2026-07-29 13:24:09,439 [INFO] __main__: Webhook notifier enabled from config.yaml/WEBHOOK_URL
2026-07-29 13:24:09,442 [ERROR] src.monitor: Failed to reload paper trading config; keeping previous config: SQLite objects created in a thread can only be used in that same thread. The object was created in thread id 12068 and this is thread id 15280.
2026-07-29 13:24:09,442 [INFO] src.monitor: Fetching 6 market index snapshot(s)...
2026-07-29 13:24:10,553 [ERROR] apscheduler.executors.default: Job "Fetch stock quotes every 10 minutes (trigger: interval[0:10:00], next run at: 2026-07-29 13:34:09 CST)" raised an exception
Traceback (most recent call last):
  File "C:\Users\Administrator\stock-monitor\src\trading_store.py", line 217, in save_index_snapshot_rows
    cursor = self.conn.execute(
             ^^^^^^^^^^^^^^^^^^
sqlite3.ProgrammingError: SQLite objects created in a thread can only be used in that same thread. The object was created in thread id 12068 and this is thread id 15280.

During handling of the above exception, another exception occurred:

Traceback (most recent call last):
  File "C:\Python311\Lib\site-packages\apscheduler\executors\base.py", line 131, in run_job
    retval = job.func(*job.args, **job.kwargs)
             ^^^^^^^^^^^^^^^^^^^^^^^^^^^^^^^^^
  File "C:\Users\Administrator\stock-monitor\src\monitor.py", line 87, in run_once
    self._save_daily_index_snapshots()
  File "C:\Users\Administrator\stock-monitor\src\monitor.py", line 150, in _save_daily_index_snapshots
    inserted = self.index_store.save_index_snapshots(quotes, snapshot_dates)
               ^^^^^^^^^^^^^^^^^^^^^^^^^^^^^^^^^^^^^^^^^^^^^^^^^^^^^^^^^^^^^
  File "C:\Users\Administrator\stock-monitor\src\trading_store.py", line 211, in save_index_snapshots
    return self.save_index_snapshot_rows(rows)
           ^^^^^^^^^^^^^^^^^^^^^^^^^^^^^^^^^^^
  File "C:\Users\Administrator\stock-monitor\src\trading_store.py", line 215, in save_index_snapshot_rows
    with self.conn:
sqlite3.ProgrammingError: SQLite objects created in a thread can only be used in that same thread. The object was created in thread id 12068 and this is thread id 15280.
2026-07-29 13:34:09,434 [INFO] apscheduler.executors.default: Running job "Fetch stock quotes every 10 minutes (trigger: interval[0:10:00], next run at: 2026-07-29 13:44:09 CST)" (scheduled at 2026-07-29 13:34:09.426264+08:00)
2026-07-29 13:34:09,465 [ERROR] src.monitor: Failed to reload runtime watchlist from SQLite; keeping previous stocks: SQLite objects created in a thread can only be used in that same thread. The object was created in thread id 12068 and this is thread id 15280.
2026-07-29 13:34:09,465 [ERROR] src.monitor: Failed to reload runtime alerts from SQLite; keeping previous rules: SQLite objects created in a thread can only be used in that same thread. The object was created in thread id 12068 and this is thread id 15280.
2026-07-29 13:34:09,469 [INFO] __main__: Webhook notifier enabled from config.yaml/WEBHOOK_URL
2026-07-29 13:34:09,472 [ERROR] src.monitor: Failed to reload paper trading config; keeping previous config: SQLite objects created in a thread can only be used in that same thread. The object was created in thread id 12068 and this is thread id 15280.
2026-07-29 13:34:09,473 [INFO] src.monitor: Fetching 6 market index snapshot(s)...
2026-07-29 13:34:09,786 [ERROR] apscheduler.executors.default: Job "Fetch stock quotes every 10 minutes (trigger: interval[0:10:00], next run at: 2026-07-29 13:44:09 CST)" raised an exception
Traceback (most recent call last):
  File "C:\Users\Administrator\stock-monitor\src\trading_store.py", line 217, in save_index_snapshot_rows
    cursor = self.conn.execute(
             ^^^^^^^^^^^^^^^^^^
sqlite3.ProgrammingError: SQLite objects created in a thread can only be used in that same thread. The object was created in thread id 12068 and this is thread id 15280.

During handling of the above exception, another exception occurred:

Traceback (most recent call last):
  File "C:\Python311\Lib\site-packages\apscheduler\executors\base.py", line 131, in run_job
    retval = job.func(*job.args, **job.kwargs)
             ^^^^^^^^^^^^^^^^^^^^^^^^^^^^^^^^^
  File "C:\Users\Administrator\stock-monitor\src\monitor.py", line 87, in run_once
    self._save_daily_index_snapshots()
  File "C:\Users\Administrator\stock-monitor\src\monitor.py", line 150, in _save_daily_index_snapshots
    inserted = self.index_store.save_index_snapshots(quotes, snapshot_dates)
               ^^^^^^^^^^^^^^^^^^^^^^^^^^^^^^^^^^^^^^^^^^^^^^^^^^^^^^^^^^^^^
  File "C:\Users\Administrator\stock-monitor\src\trading_store.py", line 211, in save_index_snapshots
    return self.save_index_snapshot_rows(rows)
           ^^^^^^^^^^^^^^^^^^^^^^^^^^^^^^^^^^^
  File "C:\Users\Administrator\stock-monitor\src\trading_store.py", line 215, in save_index_snapshot_rows
    with self.conn:
sqlite3.ProgrammingError: SQLite objects created in a thread can only be used in that same thread. The object was created in thread id 12068 and this is thread id 15280.
2026-07-29 13:44:09,441 [INFO] apscheduler.executors.default: Running job "Fetch stock quotes every 10 minutes (trigger: interval[0:10:00], next run at: 2026-07-29 13:54:09 CST)" (scheduled at 2026-07-29 13:44:09.426264+08:00)
2026-07-29 13:44:09,441 [ERROR] src.monitor: Failed to reload runtime watchlist from SQLite; keeping previous stocks: SQLite objects created in a thread can only be used in that same thread. The object was created in thread id 12068 and this is thread id 15280.
2026-07-29 13:44:09,442 [ERROR] src.monitor: Failed to reload runtime alerts from SQLite; keeping previous rules: SQLite objects created in a thread can only be used in that same thread. The object was created in thread id 12068 and this is thread id 15280.
2026-07-29 13:44:09,444 [INFO] __main__: Webhook notifier enabled from config.yaml/WEBHOOK_URL
2026-07-29 13:44:09,448 [ERROR] src.monitor: Failed to reload paper trading config; keeping previous config: SQLite objects created in a thread can only be used in that same thread. The object was created in thread id 12068 and this is thread id 15280.
2026-07-29 13:44:09,448 [INFO] src.monitor: Fetching 6 market index snapshot(s)...
2026-07-29 13:44:09,768 [ERROR] apscheduler.executors.default: Job "Fetch stock quotes every 10 minutes (trigger: interval[0:10:00], next run at: 2026-07-29 13:54:09 CST)" raised an exception
Traceback (most recent call last):
  File "C:\Users\Administrator\stock-monitor\src\trading_store.py", line 217, in save_index_snapshot_rows
    cursor = self.conn.execute(
             ^^^^^^^^^^^^^^^^^^
sqlite3.ProgrammingError: SQLite objects created in a thread can only be used in that same thread. The object was created in thread id 12068 and this is thread id 15280.

During handling of the above exception, another exception occurred:

Traceback (most recent call last):
  File "C:\Python311\Lib\site-packages\apscheduler\executors\base.py", line 131, in run_job
    retval = job.func(*job.args, **job.kwargs)
             ^^^^^^^^^^^^^^^^^^^^^^^^^^^^^^^^^
  File "C:\Users\Administrator\stock-monitor\src\monitor.py", line 87, in run_once
    self._save_daily_index_snapshots()
  File "C:\Users\Administrator\stock-monitor\src\monitor.py", line 150, in _save_daily_index_snapshots
    inserted = self.index_store.save_index_snapshots(quotes, snapshot_dates)
               ^^^^^^^^^^^^^^^^^^^^^^^^^^^^^^^^^^^^^^^^^^^^^^^^^^^^^^^^^^^^^
  File "C:\Users\Administrator\stock-monitor\src\trading_store.py", line 211, in save_index_snapshots
    return self.save_index_snapshot_rows(rows)
           ^^^^^^^^^^^^^^^^^^^^^^^^^^^^^^^^^^^
  File "C:\Users\Administrator\stock-monitor\src\trading_store.py", line 215, in save_index_snapshot_rows
    with self.conn:
sqlite3.ProgrammingError: SQLite objects created in a thread can only be used in that same thread. The object was created in thread id 12068 and this is thread id 15280.
2026-07-29 13:54:09,468 [INFO] apscheduler.executors.default: Running job "Fetch stock quotes every 10 minutes (trigger: interval[0:10:00], next run at: 2026-07-29 14:04:09 CST)" (scheduled at 2026-07-29 13:54:09.426264+08:00)
2026-07-29 13:54:09,468 [ERROR] src.monitor: Failed to reload runtime watchlist from SQLite; keeping previous stocks: SQLite objects created in a thread can only be used in that same thread. The object was created in thread id 12068 and this is thread id 15280.
2026-07-29 13:54:09,468 [ERROR] src.monitor: Failed to reload runtime alerts from SQLite; keeping previous rules: SQLite objects created in a thread can only be used in that same thread. The object was created in thread id 12068 and this is thread id 15280.
2026-07-29 13:54:09,470 [INFO] __main__: Webhook notifier enabled from config.yaml/WEBHOOK_URL
2026-07-29 13:54:09,474 [ERROR] src.monitor: Failed to reload paper trading config; keeping previous config: SQLite objects created in a thread can only be used in that same thread. The object was created in thread id 12068 and this is thread id 15280.
2026-07-29 13:54:09,474 [INFO] src.monitor: Fetching 6 market index snapshot(s)...
2026-07-29 13:54:09,763 [ERROR] apscheduler.executors.default: Job "Fetch stock quotes every 10 minutes (trigger: interval[0:10:00], next run at: 2026-07-29 14:04:09 CST)" raised an exception
Traceback (most recent call last):
  File "C:\Users\Administrator\stock-monitor\src\trading_store.py", line 217, in save_index_snapshot_rows
    cursor = self.conn.execute(
             ^^^^^^^^^^^^^^^^^^
sqlite3.ProgrammingError: SQLite objects created in a thread can only be used in that same thread. The object was created in thread id 12068 and this is thread id 15280.

During handling of the above exception, another exception occurred:

Traceback (most recent call last):
  File "C:\Python311\Lib\site-packages\apscheduler\executors\base.py", line 131, in run_job
    retval = job.func(*job.args, **job.kwargs)
             ^^^^^^^^^^^^^^^^^^^^^^^^^^^^^^^^^
  File "C:\Users\Administrator\stock-monitor\src\monitor.py", line 87, in run_once
    self._save_daily_index_snapshots()
  File "C:\Users\Administrator\stock-monitor\src\monitor.py", line 150, in _save_daily_index_snapshots
    inserted = self.index_store.save_index_snapshots(quotes, snapshot_dates)
               ^^^^^^^^^^^^^^^^^^^^^^^^^^^^^^^^^^^^^^^^^^^^^^^^^^^^^^^^^^^^^
  File "C:\Users\Administrator\stock-monitor\src\trading_store.py", line 211, in save_index_snapshots
    return self.save_index_snapshot_rows(rows)
           ^^^^^^^^^^^^^^^^^^^^^^^^^^^^^^^^^^^
  File "C:\Users\Administrator\stock-monitor\src\trading_store.py", line 215, in save_index_snapshot_rows
    with self.conn:
sqlite3.ProgrammingError: SQLite objects created in a thread can only be used in that same thread. The object was created in thread id 12068 and this is thread id 15280.
2026-07-29 14:04:09,426 [INFO] apscheduler.executors.default: Running job "Fetch stock quotes every 10 minutes (trigger: interval[0:10:00], next run at: 2026-07-29 14:14:09 CST)" (scheduled at 2026-07-29 14:04:09.426264+08:00)
2026-07-29 14:04:09,427 [ERROR] src.monitor: Failed to reload runtime watchlist from SQLite; keeping previous stocks: SQLite objects created in a thread can only be used in that same thread. The object was created in thread id 12068 and this is thread id 15280.
2026-07-29 14:04:09,427 [ERROR] src.monitor: Failed to reload runtime alerts from SQLite; keeping previous rules: SQLite objects created in a thread can only be used in that same thread. The object was created in thread id 12068 and this is thread id 15280.
2026-07-29 14:04:09,429 [INFO] __main__: Webhook notifier enabled from config.yaml/WEBHOOK_URL
2026-07-29 14:04:09,432 [ERROR] src.monitor: Failed to reload paper trading config; keeping previous config: SQLite objects created in a thread can only be used in that same thread. The object was created in thread id 12068 and this is thread id 15280.
2026-07-29 14:04:09,432 [INFO] src.monitor: Fetching 6 market index snapshot(s)...
2026-07-29 14:04:09,844 [ERROR] apscheduler.executors.default: Job "Fetch stock quotes every 10 minutes (trigger: interval[0:10:00], next run at: 2026-07-29 14:14:09 CST)" raised an exception
Traceback (most recent call last):
  File "C:\Users\Administrator\stock-monitor\src\trading_store.py", line 217, in save_index_snapshot_rows
    cursor = self.conn.execute(
             ^^^^^^^^^^^^^^^^^^
sqlite3.ProgrammingError: SQLite objects created in a thread can only be used in that same thread. The object was created in thread id 12068 and this is thread id 15280.

During handling of the above exception, another exception occurred:

Traceback (most recent call last):
  File "C:\Python311\Lib\site-packages\apscheduler\executors\base.py", line 131, in run_job
    retval = job.func(*job.args, **job.kwargs)
             ^^^^^^^^^^^^^^^^^^^^^^^^^^^^^^^^^
  File "C:\Users\Administrator\stock-monitor\src\monitor.py", line 87, in run_once
    self._save_daily_index_snapshots()
  File "C:\Users\Administrator\stock-monitor\src\monitor.py", line 150, in _save_daily_index_snapshots
    inserted = self.index_store.save_index_snapshots(quotes, snapshot_dates)
               ^^^^^^^^^^^^^^^^^^^^^^^^^^^^^^^^^^^^^^^^^^^^^^^^^^^^^^^^^^^^^
  File "C:\Users\Administrator\stock-monitor\src\trading_store.py", line 211, in save_index_snapshots
    return self.save_index_snapshot_rows(rows)
           ^^^^^^^^^^^^^^^^^^^^^^^^^^^^^^^^^^^
  File "C:\Users\Administrator\stock-monitor\src\trading_store.py", line 215, in save_index_snapshot_rows
    with self.conn:
sqlite3.ProgrammingError: SQLite objects created in a thread can only be used in that same thread. The object was created in thread id 12068 and this is thread id 15280.
2026-07-29 14:14:09,441 [INFO] apscheduler.executors.default: Running job "Fetch stock quotes every 10 minutes (trigger: interval[0:10:00], next run at: 2026-07-29 14:24:09 CST)" (scheduled at 2026-07-29 14:14:09.426264+08:00)
2026-07-29 14:14:09,441 [ERROR] src.monitor: Failed to reload runtime watchlist from SQLite; keeping previous stocks: SQLite objects created in a thread can only be used in that same thread. The object was created in thread id 12068 and this is thread id 15280.
2026-07-29 14:14:09,441 [ERROR] src.monitor: Failed to reload runtime alerts from SQLite; keeping previous rules: SQLite objects created in a thread can only be used in that same thread. The object was created in thread id 12068 and this is thread id 15280.
2026-07-29 14:14:09,444 [INFO] __main__: Webhook notifier enabled from config.yaml/WEBHOOK_URL
2026-07-29 14:14:09,447 [ERROR] src.monitor: Failed to reload paper trading config; keeping previous config: SQLite objects created in a thread can only be used in that same thread. The object was created in thread id 12068 and this is thread id 15280.
2026-07-29 14:14:09,447 [INFO] src.monitor: Fetching 6 market index snapshot(s)...
2026-07-29 14:14:09,885 [ERROR] apscheduler.executors.default: Job "Fetch stock quotes every 10 minutes (trigger: interval[0:10:00], next run at: 2026-07-29 14:24:09 CST)" raised an exception
Traceback (most recent call last):
  File "C:\Users\Administrator\stock-monitor\src\trading_store.py", line 217, in save_index_snapshot_rows
    clauses.append("timestamp <= ?")
                 ^^^^^^^^^^^^^^^^^^^
sqlite3.ProgrammingError: SQLite objects created in a thread can only be used in that same thread. The object was created in thread id 12068 and this is thread id 15280.

During handling of the above exception, another exception occurred:

Traceback (most recent call last):
  File "C:\Python311\Lib\site-packages\apscheduler\executors\base.py", line 131, in run_job
    retval = job.func(*job.args, **job.kwargs)
             ^^^^^^^^^^^^^^^^^^^^^^^^^^^^^^^^^
  File "C:\Users\Administrator\stock-monitor\src\monitor.py", line 87, in run_once
    self._save_daily_index_snapshots()
  File "C:\Users\Administrator\stock-monitor\src\monitor.py", line 150, in _save_daily_index_snapshots
    inserted = self.index_store.save_index_snapshots(quotes, snapshot_dates)
               ^^^^^^^^^^^^^^^^^^^^^^^^^^^^^^^^^^^^^^^^^^^^^^^^^^^^^^^^^^^^^
  File "C:\Users\Administrator\stock-monitor\src\trading_store.py", line 211, in save_index_snapshots
    params: list[str] = []
           ^^^^^^^^^^^^^^^^
  File "C:\Users\Administrator\stock-monitor\src\trading_store.py", line 215, in save_index_snapshot_rows
    params.append(start)
sqlite3.ProgrammingError: SQLite objects created in a thread can only be used in that same thread. The object was created in thread id 12068 and this is thread id 15280.
2026-07-29 14:14:58,382 [INFO] src.main: Webhook notifier enabled from config.yaml/WEBHOOK_URL
2026-07-29 14:14:58,386 [INFO] src.main: Webhook notifier enabled from config.yaml/WEBHOOK_URL
2026-07-29 14:14:58,390 [INFO] src.monitor: Fetching 6 market index snapshot(s)...
2026-07-29 14:14:58,686 [INFO] src.monitor: Saved 6/6 market index daily snapshot update(s)
2026-07-29 14:15:38,315 [INFO] __main__: ============================================================
2026-07-29 14:15:38,316 [INFO] __main__: Stock Price Monitor starting...
2026-07-29 14:15:38,316 [INFO] __main__: ============================================================
2026-07-29 14:15:38,327 [INFO] __main__: Webhook notifier enabled from config.yaml/WEBHOOK_URL
2026-07-29 14:15:38,328 [INFO] __main__: Running initial fetch...
2026-07-29 14:15:38,331 [INFO] __main__: Webhook notifier enabled from config.yaml/WEBHOOK_URL
2026-07-29 14:15:38,335 [INFO] src.monitor: Fetching 6 market index snapshot(s)...
2026-07-29 14:15:38,646 [INFO] src.monitor: Saved 6/6 market index daily snapshot update(s)
2026-07-29 14:15:38,646 [INFO] src.monitor: Fetching quotes for 5/8 stocks in open markets...
2026-07-29 14:15:38,662 [INFO] src.monitor: A股 | 芯片ETF华夏(159995) price:1.1360 change:-3.40% volume:11150785
2026-07-29 14:15:38,662 [INFO] src.monitor: A股 | 机器人ETF华夏(562500) price:0.9250 change:+0.22% volume:6899359
2026-07-29 14:15:38,662 [INFO] src.monitor: A股 | 创新药ETF银华(159992) price:0.8490 change:+1.19% volume:8828100
2026-07-29 14:15:38,663 [INFO] src.monitor: 港股 | 腾讯控股(00700) price:462.4000 change:+3.40% volume:26414001
2026-07-29 14:15:38,663 [INFO] src.monitor: 港股 | 阿里巴巴-W(09988) price:112.8000 change:+0.71% volume:69097635
2026-07-29 14:15:38,663 [INFO] src.monitor: No alerts triggered
2026-07-29 14:15:38,669 [INFO] apscheduler.scheduler: Adding job tentatively -- it will be properly scheduled when the scheduler starts
2026-07-29 14:15:38,669 [INFO] __main__: Scheduler started. Next run in 10 minutes. Press Ctrl+C to stop.
2026-07-29 14:15:38,670 [INFO] apscheduler.scheduler: Added job "Fetch stock quotes every 10 minutes" to job store "default"
2026-07-29 14:15:38,670 [INFO] apscheduler.scheduler: Scheduler started
2026-07-29 14:16:24,418 [INFO] __main__: ============================================================
2026-07-29 14:16:24,419 [INFO] __main__: Stock Price Monitor starting...
2026-07-29 14:16:24,419 [INFO] __main__: ============================================================
2026-07-29 14:16:24,431 [INFO] __main__: Webhook notifier enabled from config.yaml/WEBHOOK_URL
2026-07-29 14:16:24,432 [INFO] __main__: Running initial fetch...
2026-07-29 14:16:24,436 [INFO] __main__: Webhook notifier enabled from config.yaml/WEBHOOK_URL
2026-07-29 14:16:24,442 [INFO] src.monitor: Fetching 6 market index snapshot(s)...
2026-07-29 14:16:24,785 [INFO] src.monitor: Saved 6/6 market index daily snapshot update(s)
2026-07-29 14:16:24,785 [INFO] src.monitor: Fetching quotes for 5/8 stocks in open markets...
2026-07-29 14:16:24,801 [INFO] src.monitor: A股 | 芯片ETF华夏(159995) price:1.1380 change:-3.23% volume:11152687
2026-07-29 14:16:24,801 [INFO] src.monitor: A股 | 机器人ETF华夏(562500) price:0.9260 change:+0.33% volume:6905949
2026-07-29 14:16:24,801 [INFO] src.monitor: A股 | 创新药ETF银华(159992) price:0.8490 change:+1.19% volume:8833847
2026-07-29 14:16:24,801 [INFO] src.monitor: 港股 | 腾讯控股(00700) price:462.8000 change:+3.49% volume:26434701
2026-07-29 14:16:24,801 [INFO] src.monitor: 港股 | 阿里巴巴-W(09988) price:112.9000 change:+0.80% volume:69155935
2026-07-29 14:16:24,801 [INFO] src.monitor: No alerts triggered
2026-07-29 14:16:24,805 [INFO] src.monitor: 1 paper trading event(s) generated
2026-07-29 14:16:25,524 [INFO] apscheduler.scheduler: Adding job tentatively -- it will be properly scheduled when the scheduler starts
2026-07-29 14:16:25,524 [INFO] __main__: Scheduler started. Next run in 10 minutes. Press Ctrl+C to stop.
2026-07-29 14:16:25,526 [INFO] apscheduler.scheduler: Added job "Fetch stock quotes every 10 minutes" to job store "default"
2026-07-29 14:16:25,526 [INFO] apscheduler.scheduler: Scheduler started
2026-07-29 14:23:10,774 [INFO] __main__: ============================================================
2026-07-29 14:23:10,774 [INFO] __main__: Stock Price Monitor starting...
2026-07-29 14:23:10,774 [INFO] __main__: ============================================================
2026-07-29 14:23:10,789 [INFO] __main__: Webhook notifier enabled from config.yaml/WEBHOOK_URL
2026-07-29 14:23:10,790 [INFO] __main__: Running initial fetch...
2026-07-29 14:23:10,793 [INFO] __main__: Webhook notifier enabled from config.yaml/WEBHOOK_URL
2026-07-29 14:23:10,799 [INFO] src.monitor: Fetching 6 market index snapshot(s)...
2026-07-29 14:23:11,323 [INFO] src.monitor: Saved 6/6 market index daily snapshot update(s)
2026-07-29 14:23:11,323 [INFO] src.monitor: Fetching quotes for 5/8 stocks in open markets...
2026-07-29 14:23:11,355 [INFO] src.monitor: A股 | 芯片ETF华夏(159995) price:1.1380 change:-3.23% volume:11290562
2026-07-29 14:23:11,355 [INFO] src.monitor: A股 | 机器人ETF华夏(562500) price:0.9240 change:+0.11% volume:6980137
2026-07-29 14:23:11,355 [INFO] src.monitor: A股 | 创新药ETF银华(159992) price:0.8490 change:+1.19% volume:8918105
2026-07-29 14:23:11,356 [INFO] src.monitor: 港股 | 腾讯控股(00700) price:465.2000 change:+4.03% volume:27010074
2026-07-29 14:23:11,356 [INFO] src.monitor: 港股 | 阿里巴巴-W(09988) price:113.3000 change:+1.16% volume:69973097
2026-07-29 14:23:11,356 [INFO] src.monitor: No alerts triggered
2026-07-29 14:23:11,359 [INFO] src.monitor: 1 paper trading event(s) generated
2026-07-29 14:23:12,238 [INFO] apscheduler.scheduler: Adding job tentatively -- it will be properly scheduled when the scheduler starts
2026-07-29 14:23:12,238 [INFO] __main__: Scheduler started. Next run in 10 minutes. Press Ctrl+C to stop.
2026-07-29 14:23:12,239 [INFO] apscheduler.scheduler: Added job "Fetch stock quotes every 10 minutes" to job store "default"
2026-07-29 14:23:12,239 [INFO] apscheduler.scheduler: Scheduler started
2026-07-29 14:33:12,242 [INFO] apscheduler.executors.default: Running job "Fetch stock quotes every 10 minutes (trigger: interval[0:10:00], next run at: 2026-07-29 14:33:12 CST)" (scheduled at 2026-07-29 14:33:12.237322+08:00)
2026-07-29 14:33:12,245 [INFO] __main__: Webhook notifier enabled from config.yaml/WEBHOOK_URL
2026-07-29 14:33:12,250 [INFO] src.monitor: Fetching 6 market index snapshot(s)...
2026-07-29 14:33:12,598 [INFO] src.monitor: Saved 6/6 market index daily snapshot update(s)
2026-07-29 14:33:12,599 [INFO] src.monitor: Fetching quotes for 5/8 stocks in open markets...
2026-07-29 14:33:12,623 [INFO] src.monitor: A股 | 芯片ETF华夏(159995) price:1.1440 change:-2.72% volume:11472304
2026-07-29 14:33:12,623 [INFO] src.monitor: A股 | 机器人ETF华夏(562500) price:0.9260 change:+0.33% volume:7150660
2026-07-29 14:33:12,623 [INFO] src.monitor: A股 | 创新药ETF银华(159992) price:0.8500 change:+1.31% volume:9056498
2026-07-29 14:33:12,624 [INFO] src.monitor: 港股 | 腾讯控股(00700) price:465.4000 change:+4.07% volume:27706645
2026-07-29 14:33:12,624 [INFO] src.monitor: 港股 | 阿里巴巴-W(09988) price:113.2000 change:+1.07% volume:71440073
2026-07-29 14:33:12,624 [INFO] src.monitor: No alerts triggered
2026-07-29 14:33:12,625 [INFO] apscheduler.executors.default: Job "Fetch stock quotes every 10 minutes (trigger: interval[0:10:00], next run at: 2026-07-29 14:43:12 CST)" executed successfully
2026-07-29 14:43:12,240 [INFO] apscheduler.executors.default: Running job "Fetch stock quotes every 10 minutes (trigger: interval[0:10:00], next run at: 2026-07-29 14:53:12 CST)" (scheduled at 2026-07-29 14:43:12.237322+08:00)
2026-07-29 14:43:12,244 [INFO] __main__: Webhook notifier enabled from config.yaml/WEBHOOK_URL
2026-07-29 14:43:12,248 [INFO] src.monitor: Fetching 6 market index snapshot(s)...
2026-07-29 14:43:12,594 [INFO] src.monitor: Saved 6/6 market index daily snapshot update(s)
2026-07-29 14:43:12,594 [INFO] src.monitor: Fetching quotes for 5/8 stocks in open markets...
2026-07-29 14:43:12,611 [INFO] src.monitor: A股 | 芯片ETF华夏(159995) price:1.1410 change:-2.98% volume:11581763
2026-07-29 14:43:12,611 [INFO] src.monitor: A股 | 机器人ETF华夏(562500) price:0.9260 change:+0.33% volume:7270472
2026-07-29 14:43:12,611 [INFO] src.monitor: A股 | 创新药ETF银华(159992) price:0.8480 change:+1.07% volume:9194620
2026-07-29 14:43:12,612 [INFO] src.monitor: 港股 | 腾讯控股(00700) price:465.6000 change:+4.11% volume:28283007
2026-07-29 14:43:12,613 [INFO] src.monitor: 港股 | 阿里巴巴-W(09988) price:113.3000 change:+1.16% volume:72413781
2026-07-29 14:43:12,613 [INFO] src.monitor: No alerts triggered
2026-07-29 14:43:12,614 [INFO] apscheduler.executors.default: Job "Fetch stock quotes every 10 minutes (trigger: interval[0:10:00], next run at: 2026-07-29 14:53:12 CST)" executed successfully
2026-07-29 14:53:12,249 [INFO] apscheduler.executors.default: Running job "Fetch stock quotes every 10 minutes (trigger: interval[0:10:00], next run at: 2026-07-29 15:03:12 CST)" (scheduled at 2026-07-29 14:53:12.237322+08:00)
2026-07-29 14:53:12,254 [INFO] __main__: Webhook notifier enabled from config.yaml/WEBHOOK_URL
2026-07-29 14:53:12,257 [INFO] src.monitor: Fetching 6 market index snapshot(s)...
2026-07-29 14:53:12,588 [INFO] src.monitor: Saved 6/6 market index daily snapshot update(s)
2026-07-29 14:53:12,588 [INFO] src.monitor: Fetching quotes for 5/8 stocks in open markets...
2026-07-29 14:53:12,610 [INFO] src.monitor: A股 | 芯片ETF华夏(159995) price:1.1510 change:-2.13% volume:11853158
2026-07-29 14:53:12,611 [INFO] src.monitor: A股 | 机器人ETF华夏(562500) price:0.9270 change:+0.43% volume:7495835
2026-07-29 14:53:12,611 [INFO] src.monitor: A股 | 创新药ETF银华(159992) price:0.8490 change:+1.19% volume:9473635
2026-07-29 14:53:12,611 [INFO] src.monitor: 港股 | 腾讯控股(00700) price:465.4000 change:+4.07% volume:28799981
2026-07-29 14:53:12,612 [INFO] src.monitor: 港股 | 阿里巴巴-W(09988) price:113.2000 change:+1.07% volume:73855512
2026-07-29 14:53:12,612 [INFO] src.monitor: No alerts triggered
2026-07-29 14:53:12,613 [INFO] apscheduler.executors.default: Job "Fetch stock quotes every 10 minutes (trigger: interval[0:10:00], next run at: 2026-07-29 15:03:12 CST)" executed successfully
2026-07-29 15:03:12,245 [INFO] apscheduler.executors.default: Running job "Fetch stock quotes every 10 minutes (trigger: interval[0:10:00], next run at: 2026-07-29 15:13:12 CST)" (scheduled at 2026-07-29 15:03:12.237322+08:00)
2026-07-29 15:03:12,250 [INFO] __main__: Webhook notifier enabled from config.yaml/WEBHOOK_URL
2026-07-29 15:03:12,253 [INFO] src.monitor: Fetching 3 market index snapshot(s)...
2026-07-29 15:03:12,602 [INFO] src.monitor: Saved 3/3 market index daily snapshot update(s)
2026-07-29 15:03:12,602 [INFO] src.monitor: Fetching quotes for 2/8 stocks in open markets...
2026-07-29 15:03:12,632 [INFO] src.monitor: 港股 | 腾讯控股(00700) price:466.2000 change:+4.25% volume:29232663
2026-07-29 15:03:12,632 [INFO] src.monitor: 港股 | 阿里巴巴-W(09988) price:113.3000 change:+1.16% volume:74736216
2026-07-29 15:03:12,633 [INFO] src.monitor: No alerts triggered
2026-07-29 15:03:12,634 [INFO] apscheduler.executors.default: Job "Fetch stock quotes every 10 minutes (trigger: interval[0:10:00], next run at: 2026-07-29 15:13:12 CST)" executed successfully
2026-07-29 15:13:12,240 [INFO] apscheduler.executors.default: Running job "Fetch stock quotes every 10 minutes (trigger: interval[0:10:00], next run at: 2026-07-29 15:23:12 CST)" (scheduled at 2026-07-29 15:13:12.237322+08:00)
2026-07-29 15:13:12,244 [INFO] __main__: Webhook notifier enabled from config.yaml/WEBHOOK_URL
2026-07-29 15:13:12,248 [INFO] src.monitor: Fetching 3 market index snapshot(s)...
2026-07-29 15:13:12,544 [INFO] src.monitor: Saved 3/3 market index daily snapshot update(s)
2026-07-29 15:13:12,544 [INFO] src.monitor: Fetching quotes for 2/8 stocks in open markets...
2026-07-29 15:13:12,557 [INFO] src.monitor: 港股 | 腾讯控股(00700) price:466.6000 change:+4.34% volume:29779617
2026-07-29 15:13:12,558 [INFO] src.monitor: 港股 | 阿里巴巴-W(09988) price:113.6000 change:+1.43% volume:76173306
2026-07-29 15:13:12,558 [INFO] src.monitor: No alerts triggered
2026-07-29 15:13:12,560 [INFO] apscheduler.executors.default: Job "Fetch stock quotes every 10 minutes (trigger: interval[0:10:00], next run at: 2026-07-29 15:23:12 CST)" executed successfully
2026-07-29 15:16:22,191 [INFO] __main__: ============================================================
2026-07-29 15:16:22,191 [INFO] __main__: Stock Price Monitor starting...
2026-07-29 15:16:22,191 [INFO] __main__: ============================================================
2026-07-29 15:16:22,204 [INFO] __main__: Webhook notifier enabled from config.yaml/WEBHOOK_URL
2026-07-29 15:16:22,206 [INFO] __main__: Running initial fetch...
2026-07-29 15:16:22,209 [INFO] __main__: Webhook notifier enabled from config.yaml/WEBHOOK_URL
2026-07-29 15:16:22,213 [INFO] src.monitor: Fetching 3 market index snapshot(s)...
2026-07-29 15:16:22,768 [INFO] src.monitor: Saved 3/3 market index daily snapshot update(s)
2026-07-29 15:16:22,768 [INFO] src.monitor: Fetching quotes for 2/8 stocks in open markets...
2026-07-29 15:16:22,806 [INFO] src.monitor: 港股 | 腾讯控股(00700) price:466.8000 change:+4.38% volume:29980626
2026-07-29 15:16:22,807 [INFO] src.monitor: 港股 | 阿里巴巴-W(09988) price:113.9000 change:+1.70% volume:77277269
2026-07-29 15:16:22,807 [INFO] src.monitor: No alerts triggered
2026-07-29 15:16:22,824 [INFO] apscheduler.scheduler: Adding job tentatively -- it will be properly scheduled when the scheduler starts
2026-07-29 15:16:22,824 [INFO] __main__: Scheduler started. Next run in 10 minutes. Press Ctrl+C to stop.
2026-07-29 15:16:22,826 [INFO] apscheduler.scheduler: Added job "Fetch stock quotes every 10 minutes" to job store "default"
2026-07-29 15:16:22,826 [INFO] apscheduler.scheduler: Scheduler started
2026-07-29 15:26:22,827 [INFO] apscheduler.executors.default: Running job "Fetch stock quotes every 10 minutes (trigger: interval[0:10:00], next run at: 2026-07-29 15:26:22 CST)" (scheduled at 2026-07-29 15:26:22.824906+08:00)
2026-07-29 15:26:22,831 [INFO] __main__: Webhook notifier enabled from config.yaml/WEBHOOK_URL
2026-07-29 15:26:22,834 [INFO] src.monitor: Fetching 3 market index snapshot(s)...
2026-07-29 15:26:23,842 [INFO] src.monitor: Saved 3/3 market index daily snapshot update(s)
2026-07-29 15:26:23,842 [INFO] src.monitor: Fetching quotes for 2/8 stocks in open markets...
2026-07-29 15:26:23,890 [INFO] src.monitor: 港股 | 腾讯控股(00700) price:466.4000 change:+4.29% volume:30621639
2026-07-29 15:26:23,890 [INFO] src.monitor: 港股 | 阿里巴巴-W(09988) price:113.8000 change:+1.61% volume:78357769
2026-07-29 15:26:23,891 [INFO] src.monitor: No alerts triggered
2026-07-29 15:26:23,891 [INFO] apscheduler.executors.default: Job "Fetch stock quotes every 10 minutes (trigger: interval[0:10:00], next run at: 2026-07-29 15:36:22 CST)" executed successfully
2026-07-29 15:36:22,840 [INFO] apscheduler.executors.default: Running job "Fetch stock quotes every 10 minutes (trigger: interval[0:10:00], next run at: 2026-07-29 15:46:22 CST)" (scheduled at 2026-07-29 15:36:22.824906+08:00)
2026-07-29 15:36:22,843 [INFO] __main__: Webhook notifier enabled from config.yaml/WEBHOOK_URL
2026-07-29 15:36:22,846 [INFO] src.monitor: Fetching 3 market index snapshot(s)...
2026-07-29 15:36:23,789 [INFO] src.monitor: Saved 3/3 market index daily snapshot update(s)
2026-07-29 15:36:23,789 [INFO] src.monitor: Fetching quotes for 2/8 stocks in open markets...
2026-07-29 15:36:23,894 [INFO] src.monitor: 港股 | 腾讯控股(00700) price:467.0000 change:+4.43% volume:31090795
2026-07-29 15:36:23,895 [INFO] src.monitor: 港股 | 阿里巴巴-W(09988) price:113.7000 change:+1.52% volume:80184645
2026-07-29 15:36:23,895 [INFO] src.monitor: No alerts triggered
2026-07-29 15:36:23,900 [INFO] apscheduler.executors.default: Job "Fetch stock quotes every 10 minutes (trigger: interval[0:10:00], next run at: 2026-07-29 15:46:22 CST)" executed successfully
2026-07-29 15:46:22,835 [INFO] apscheduler.executors.default: Running job "Fetch stock quotes every 10 minutes (trigger: interval[0:10:00], next run at: 2026-07-29 15:56:22 CST)" (scheduled at 2026-07-29 15:46:22.824906+08:00)
2026-07-29 15:46:22,851 [INFO] __main__: Webhook notifier enabled from config.yaml/WEBHOOK_URL
2026-07-29 15:46:22,862 [INFO] src.monitor: Fetching 3 market index snapshot(s)...
2026-07-29 15:46:23,249 [INFO] src.monitor: Saved 3/3 market index daily snapshot update(s)
2026-07-29 15:46:23,249 [INFO] src.monitor: Fetching quotes for 2/8 stocks in open markets...
2026-07-29 15:46:23,281 [INFO] src.monitor: 港股 | 腾讯控股(00700) price:466.8000 change:+4.38% volume:32046634
2026-07-29 15:46:23,281 [INFO] src.monitor: 港股 | 阿里巴巴-W(09988) price:113.5000 change:+1.34% volume:81991045
2026-07-29 15:46:23,281 [INFO] src.monitor: No alerts triggered
2026-07-29 15:46:23,282 [INFO] apscheduler.executors.default: Job "Fetch stock quotes every 10 minutes (trigger: interval[0:10:00], next run at: 2026-07-29 15:56:22 CST)" executed successfully
2026-07-29 15:56:22,838 [INFO] apscheduler.executors.default: Running job "Fetch stock quotes every 10 minutes (trigger: interval[0:10:00], next run at: 2026-07-29 16:06:22 CST)" (scheduled at 2026-07-29 15:56:22.824906+08:00)
2026-07-29 15:56:22,841 [INFO] __main__: Webhook notifier enabled from config.yaml/WEBHOOK_URL
2026-07-29 15:56:22,845 [INFO] src.monitor: Fetching 3 market index snapshot(s)...
2026-07-29 15:56:23,204 [INFO] src.monitor: Saved 3/3 market index daily snapshot update(s)
2026-07-29 15:56:23,204 [INFO] src.monitor: Fetching quotes for 2/8 stocks in open markets...
2026-07-29 15:56:23,221 [INFO] src.monitor: 港股 | 腾讯控股(00700) price:467.2000 change:+4.47% volume:32782549
2026-07-29 15:56:23,221 [INFO] src.monitor: 港股 | 阿里巴巴-W(09988) price:113.7000 change:+1.52% volume:83723849
2026-07-29 15:56:23,221 [INFO] src.monitor: No alerts triggered
2026-07-29 15:56:23,222 [INFO] apscheduler.executors.default: Job "Fetch stock quotes every 10 minutes (trigger: interval[0:10:00], next run at: 2026-07-29 16:06:22 CST)" executed successfully
2026-07-29 16:06:22,831 [INFO] apscheduler.executors.default: Running job "Fetch stock quotes every 10 minutes (trigger: interval[0:10:00], next run at: 2026-07-29 16:16:22 CST)" (scheduled at 2026-07-29 16:06:22.824906+08:00)
2026-07-29 16:06:22,834 [INFO] __main__: Webhook notifier enabled from config.yaml/WEBHOOK_URL
2026-07-29 16:06:22,838 [INFO] src.monitor: Skipping stock cycle: none of ['A股', '港股', '美股'] is in a trading session
2026-07-29 16:06:22,838 [INFO] apscheduler.executors.default: Job "Fetch stock quotes every 10 minutes (trigger: interval[0:10:00], next run at: 2026-07-29 16:16:22 CST)" executed successfully
2026-07-29 16:16:22,838 [INFO] apscheduler.executors.default: Running job "Fetch stock quotes every 10 minutes (trigger: interval[0:10:00], next run at: 2026-07-29 16:26:22 CST)" (scheduled at 2026-07-29 16:16:22.824906+08:00)
2026-07-29 16:16:22,841 [INFO] __main__: Webhook notifier enabled from config.yaml/WEBHOOK_URL
2026-07-29 16:16:22,844 [INFO] src.monitor: Skipping stock cycle: none of ['A股', '港股', '美股'] is in a trading session
2026-07-29 16:16:22,844 [INFO] apscheduler.executors.default: Job "Fetch stock quotes every 10 minutes (trigger: interval[0:10:00], next run at: 2026-07-29 16:26:22 CST)" executed successfully
2026-07-29 16:21:49,445 [INFO] __main__: ============================================================
2026-07-29 16:21:49,445 [INFO] __main__: Stock Price Monitor starting...
2026-07-29 16:21:49,445 [INFO] __main__: ============================================================
2026-07-29 16:21:49,457 [INFO] __main__: Webhook notifier enabled from config.yaml/WEBHOOK_URL
2026-07-29 16:21:49,459 [INFO] __main__: Running initial fetch...
2026-07-29 16:21:49,462 [INFO] __main__: Webhook notifier enabled from config.yaml/WEBHOOK_URL
2026-07-29 16:21:49,465 [INFO] src.monitor: Skipping stock cycle: none of ['A股', '港股', '美股'] is in a trading session
2026-07-29 16:21:49,469 [INFO] apscheduler.scheduler: Adding job tentatively -- it will be properly scheduled when the scheduler starts
2026-07-29 16:21:49,469 [INFO] __main__: Scheduler started. Next run in 10 minutes. Press Ctrl+C to stop.
2026-07-29 16:21:49,470 [INFO] apscheduler.scheduler: Added job "Fetch stock quotes every 10 minutes" to job store "default"
2026-07-29 16:21:49,470 [INFO] apscheduler.scheduler: Scheduler started
2026-07-29 16:31:49,479 [INFO] apscheduler.executors.default: Running job "Fetch stock quotes every 10 minutes (trigger: interval[0:10:00], next run at: 2026-07-29 16:31:49 CST)" (scheduled at 2026-07-29 16:31:49.469860+08:00)
2026-07-29 16:31:49,486 [INFO] __main__: Webhook notifier enabled from config.yaml/WEBHOOK_URL
2026-07-29 16:31:49,491 [INFO] src.monitor: Skipping stock cycle: none of ['A股', '港股', '美股'] is in a trading session
2026-07-29 16:31:49,491 [INFO] apscheduler.executors.default: Job "Fetch stock quotes every 10 minutes (trigger: interval[0:10:00], next run at: 2026-07-29 16:41:49 CST)" executed successfully
2026-07-29 16:32:23,938 [INFO] __main__: ============================================================
2026-07-29 16:32:23,938 [INFO] __main__: Stock Price Monitor starting...
2026-07-29 16:32:23,938 [INFO] __main__: ============================================================
2026-07-29 16:32:23,951 [INFO] __main__: Webhook notifier enabled from config.yaml/WEBHOOK_URL
2026-07-29 16:32:23,955 [INFO] __main__: Running initial fetch...
2026-07-29 16:32:23,957 [INFO] __main__: Webhook notifier enabled from config.yaml/WEBHOOK_URL
2026-07-29 16:32:23,960 [INFO] src.monitor: Skipping stock cycle: none of ['A股', '港股', '美股'] is in a trading session
2026-07-29 16:32:23,963 [INFO] apscheduler.scheduler: Adding job tentatively -- it will be properly scheduled when the scheduler starts
2026-07-29 16:32:23,963 [INFO] __main__: Scheduler started. Next run in 10 minutes. Press Ctrl+C to stop.
2026-07-29 16:32:23,963 [INFO] apscheduler.scheduler: Added job "Fetch stock quotes every 10 minutes" to job store "default"
2026-07-29 16:32:23,963 [INFO] apscheduler.scheduler: Scheduler started
2026-07-29 16:41:49,475 [INFO] apscheduler.executors.default: Running job "Fetch stock quotes every 10 minutes (trigger: interval[0:10:00], next run at: 2026-07-29 16:51:49 CST)" (scheduled at 2026-07-29 16:41:49.469860+08:00)
2026-07-29 16:41:49,493 [INFO] __main__: Webhook notifier enabled from config.yaml/WEBHOOK_URL
2026-07-29 16:41:49,504 [INFO] src.monitor: Skipping stock cycle: none of ['A股', '港股', '美股'] is in a trading session
2026-07-29 16:41:49,504 [INFO] apscheduler.executors.default: Job "Fetch stock quotes every 10 minutes (trigger: interval[0:10:00], next run at: 2026-07-29 16:51:49 CST)" executed successfully
2026-07-29 16:51:49,480 [INFO] apscheduler.executors.default: Running job "Fetch stock quotes every 10 minutes (trigger: interval[0:10:00], next run at: 2026-07-29 17:01:49 CST)" (scheduled at 2026-07-29 16:51:49.469860+08:00)
2026-07-29 16:51:49,486 [INFO] __main__: Webhook notifier enabled from config.yaml/WEBHOOK_URL
2026-07-29 16:51:49,490 [INFO] src.monitor: Skipping stock cycle: none of ['A股', '港股', '美股'] is in a trading session
2026-07-29 16:51:49,490 [INFO] apscheduler.executors.default: Job "Fetch stock quotes every 10 minutes (trigger: interval[0:10:00], next run at: 2026-07-29 17:01:49 CST)" executed successfully
2026-07-29 17:01:49,481 [INFO] apscheduler.executors.default: Running job "Fetch stock quotes every 10 minutes (trigger: interval[0:10:00], next run at: 2026-07-29 17:11:49 CST)" (scheduled at 2026-07-29 17:01:49.469860+08:00)
2026-07-29 17:01:49,483 [INFO] __main__: Webhook notifier enabled from config.yaml/WEBHOOK_URL
2026-07-29 17:01:49,487 [INFO] src.monitor: Skipping stock cycle: none of ['A股', '港股', '美股'] is in a trading session
2026-07-29 17:01:49,487 [INFO] apscheduler.executors.default: Job "Fetch stock quotes every 10 minutes (trigger: interval[0:10:00], next run at: 2026-07-29 17:11:49 CST)" executed successfully
2026-07-29 17:11:49,480 [INFO] apscheduler.executors.default: Running job "Fetch stock quotes every 10 minutes (trigger: interval[0:10:00], next run at: 2026-07-29 17:21:49 CST)" (scheduled at 2026-07-29 17:11:49.469860+08:00)
2026-07-29 17:11:49,484 [INFO] __main__: Webhook notifier enabled from config.yaml/WEBHOOK_URL
2026-07-29 17:11:49,487 [INFO] src.monitor: Skipping stock cycle: none of ['A股', '港股', '美股'] is in a trading session
2026-07-29 17:11:49,488 [INFO] apscheduler.executors.default: Job "Fetch stock quotes every 10 minutes (trigger: interval[0:10:00], next run at: 2026-07-29 17:21:49 CST)" executed successfully
2026-07-29 17:21:49,475 [INFO] apscheduler.executors.default: Running job "Fetch stock quotes every 10 minutes (trigger: interval[0:10:00], next run at: 2026-07-29 17:31:49 CST)" (scheduled at 2026-07-29 17:21:49.469860+08:00)
2026-07-29 17:21:49,478 [INFO] __main__: Webhook notifier enabled from config.yaml/WEBHOOK_URL
2026-07-29 17:21:49,482 [INFO] src.monitor: Skipping stock cycle: none of ['A股', '港股', '美股'] is in a trading session
2026-07-29 17:21:49,482 [INFO] apscheduler.executors.default: Job "Fetch stock quotes every 10 minutes (trigger: interval[0:10:00], next run at: 2026-07-29 17:31:49 CST)" executed successfully
2026-07-29 17:31:49,471 [INFO] apscheduler.executors.default: Running job "Fetch stock quotes every 10 minutes (trigger: interval[0:10:00], next run at: 2026-07-29 17:41:49 CST)" (scheduled at 2026-07-29 17:31:49.469860+08:00)
2026-07-29 17:31:49,474 [INFO] __main__: Webhook notifier enabled from config.yaml/WEBHOOK_URL
2026-07-29 17:31:49,477 [INFO] src.monitor: Skipping stock cycle: none of ['A股', '港股', '美股'] is in a trading session
2026-07-29 17:31:49,477 [INFO] apscheduler.executors.default: Job "Fetch stock quotes every 10 minutes (trigger: interval[0:10:00], next run at: 2026-07-29 17:41:49 CST)" executed successfully
2026-07-29 17:41:49,619 [INFO] apscheduler.executors.default: Running job "Fetch stock quotes every 10 minutes (trigger: interval[0:10:00], next run at: 2026-07-29 17:41:49 CST)" (scheduled at 2026-07-29 17:41:49.469860+08:00)
2026-07-29 17:41:49,664 [INFO] __main__: Webhook notifier enabled from config.yaml/WEBHOOK_URL
2026-07-29 17:41:49,667 [INFO] src.monitor: Skipping stock cycle: none of ['A股', '港股', '美股'] is in a trading session
2026-07-29 17:41:49,667 [INFO] apscheduler.executors.default: Job "Fetch stock quotes every 10 minutes (trigger: interval[0:10:00], next run at: 2026-07-29 17:51:49 CST)" executed successfully
2026-07-29 17:51:49,496 [INFO] apscheduler.executors.default: Running job "Fetch stock quotes every 10 minutes (trigger: interval[0:10:00], next run at: 2026-07-29 18:01:49 CST)" (scheduled at 2026-07-29 17:51:49.469860+08:00)
2026-07-29 17:51:49,526 [INFO] __main__: Webhook notifier enabled from config.yaml/WEBHOOK_URL
2026-07-29 17:51:49,530 [INFO] src.monitor: Skipping stock cycle: none of ['A股', '港股', '美股'] is in a trading session
2026-07-29 17:51:49,530 [INFO] apscheduler.executors.default: Job "Fetch stock quotes every 10 minutes (trigger: interval[0:10:00], next run at: 2026-07-29 18:01:49 CST)" executed successfully
2026-07-29 18:01:49,535 [INFO] apscheduler.executors.default: Running job "Fetch stock quotes every 10 minutes (trigger: interval[0:10:00], next run at: 2026-07-29 18:01:49 CST)" (scheduled at 2026-07-29 18:01:49.469860+08:00)
2026-07-29 18:01:49,538 [INFO] __main__: Webhook notifier enabled from config.yaml/WEBHOOK_URL
2026-07-29 18:01:49,545 [INFO] src.monitor: Skipping stock cycle: none of ['A股', '港股', '美股'] is in a trading session
2026-07-29 18:01:49,546 [INFO] apscheduler.executors.default: Job "Fetch stock quotes every 10 minutes (trigger: interval[0:10:00], next run at: 2026-07-29 18:11:49 CST)" executed successfully
